YEAR;DOY;PRECTOTCORR;IMERG_PRECTOT;T2M;T2M_MAX;T2M_MIN;RH2M;QV2M;GWETTOP;GWETROOT;ALLSKY_SFC_SW_DWN;WS2M
2021;1;2.43;-999.0;22.76;27.73;18.18;77.5;14.85;0.71;0.68;13.8;0.91
2021;2;2.85;-999.0;22.67;27.3;19.11;81.0;15.6;0.68;0.66;15.4;1.11
2021;3;14.84;-999.0;21.68;25.25;18.79;82.7;15.09;0.72;0.66;13.72;0.85
2021;4;7.2;-999.0;23.04;28.08;18.73;79.28;15.56;0.7;0.66;18.12;1.25
2021;5;5.78;-999.0;22.05;26.16;18.76;78.72;14.56;0.71;0.67;14.19;1.14
2021;6;1.24;-999.0;21.89;26.15;18.05;75.12;13.72;0.67;0.65;15.19;0.67
2021;7;2.5;-999.0;22.24;26.84;18.53;76.01;14.15;0.68;0.65;16.01;0.86
2021;8;0.78;-999.0;21.81;25.71;18.79;77.88;14.22;0.65;0.64;12.82;1.18
2021;9;11.65;-999.0;21.55;26.24;17.47;78.89;14.12;0.69;0.64;13.96;1.5
2021;10;8.41;-999.0;22.12;27.21;17.53;77.39;14.35;0.69;0.65;15.36;1.34
2021;11;2.65;-999.0;22.55;27.68;17.68;76.43;14.51;0.67;0.65;14.6;1.35
2021;12;1.08;-999.0;22.37;27.63;18.57;72.87;13.65;0.66;0.64;18.29;1.39
2021;13;0.26;-999.0;21.77;27.06;16.69;68.91;12.44;0.65;0.63;19.76;1.27
2021;14;0.0;-999.0;22.8;28.85;17.12;66.36;12.78;0.64;0.62;20.23;1.05
2021;15;0.02;-999.0;23.89;29.2;18.22;67.87;13.97;0.63;0.61;18.81;0.93
2021;16;0.01;-999.0;24.55;29.62;20.47;67.86;14.5;0.62;0.61;19.69;0.81
2021;17;0.0;-999.0;23.55;29.11;18.45;67.38;13.4;0.61;0.6;18.97;1.11
2021;18;0.02;-999.0;23.05;29.59;18.41;69.24;13.4;0.6;0.6;19.62;1.23
2021;19;0.01;-999.0;23.5;29.92;17.54;65.17;12.8;0.6;0.59;20.43;0.6
2021;20;0.0;-999.0;23.05;29.88;17.63;62.71;11.97;0.59;0.59;19.84;1.39
2021;21;5.69;-999.0;22.91;29.08;17.27;63.83;12.28;0.6;0.58;17.54;1.21
2021;22;17.69;-999.0;22.91;28.94;17.14;74.98;14.51;0.68;0.6;16.83;0.88
2021;23;8.61;-999.0;23.01;27.38;19.27;80.66;15.82;0.68;0.63;12.06;0.92
2021;24;1.48;-999.0;23.14;28.1;18.64;78.05;15.36;0.64;0.62;14.68;1.06
2021;25;1.5;-999.0;23.05;28.15;18.31;75.26;14.69;0.63;0.62;14.52;1.11
2021;26;1.09;-999.0;23.29;27.98;18.94;73.08;14.51;0.63;0.61;15.12;1.05
2021;27;6.78;-999.0;23.55;28.09;18.77;73.28;14.84;0.65;0.61;18.66;1.02
2021;28;3.1;-999.0;23.38;28.73;19.64;74.96;14.92;0.65;0.62;17.59;0.75
2021;29;0.0;-999.0;23.64;29.18;18.89;70.2;14.11;0.62;0.61;21.07;0.86
2021;30;0.45;-999.0;23.24;29.82;17.7;65.68;12.66;0.61;0.6;22.37;1.33
2021;31;0.11;-999.0;23.91;30.5;17.48;65.19;13.4;0.6;0.59;23.74;1.36
2021;32;2.85;-999.0;24.01;28.88;19.43;73.33;15.2;0.6;0.59;16.49;1.11
2021;33;1.96;-999.0;23.78;28.84;20.27;74.26;15.11;0.61;0.59;16.61;0.89
2021;34;0.35;-999.0;24.49;31.06;19.52;63.23;13.25;0.59;0.59;17.48;1.12
2021;35;1.01;-999.0;24.14;30.8;19.56;69.02;14.22;0.59;0.58;18.23;1.22
2021;36;1.06;-999.0;25.17;30.93;20.49;68.36;15.01;0.58;0.58;14.97;0.53
2021;37;25.48;-999.0;21.48;24.29;19.83;81.59;14.7;0.7;0.61;16.14;1.44
2021;38;2.35;-999.0;23.85;29.12;18.75;70.79;14.64;0.65;0.62;18.77;1.07
2021;39;0.8;-999.0;23.19;28.2;20.37;77.54;15.39;0.63;0.62;17.73;0.77
2021;40;0.87;-999.0;23.72;29.19;18.45;72.52;14.63;0.63;0.61;14.1;0.84
2021;41;1.24;-999.0;22.51;26.9;20.01;80.58;15.38;0.62;0.6;16.57;0.98
2021;42;1.82;-999.0;22.64;26.78;20.09;76.84;14.77;0.63;0.6;16.74;1.18
2021;43;0.56;-999.0;23.38;27.92;19.6;72.81;14.57;0.62;0.6;12.15;0.75
2021;44;0.03;-999.0;23.49;28.18;20.25;72.12;14.47;0.61;0.6;13.61;0.76
2021;45;0.03;-999.0;23.79;28.19;20.3;74.72;15.36;0.6;0.59;16.69;1.2
2021;46;25.27;-999.0;23.34;28.41;18.87;73.67;14.67;0.7;0.62;11.73;1.27
2021;47;3.49;-999.0;23.51;28.68;19.29;70.75;14.19;0.66;0.63;18.0;1.41
2021;48;0.01;-999.0;23.18;27.91;18.93;74.67;14.73;0.63;0.62;14.24;1.01
2021;49;0.05;-999.0;23.41;28.15;19.59;73.98;14.74;0.62;0.61;13.7;0.74
2021;50;1.79;-999.0;22.87;27.47;19.98;74.82;14.48;0.62;0.61;12.73;1.14
2021;51;2.34;-999.0;22.22;26.7;19.11;79.44;14.81;0.63;0.61;15.65;0.95
2021;52;0.0;-999.0;23.2;28.08;19.16;73.78;14.49;0.61;0.6;14.05;0.93
2021;53;0.0;-999.0;23.49;28.2;20.12;73.71;14.8;0.6;0.6;12.26;1.08
2021;54;0.0;-999.0;23.97;29.75;19.68;70.16;14.32;0.6;0.59;16.65;0.72
2021;55;3.12;-999.0;24.71;29.86;19.85;69.31;14.96;0.6;0.59;16.48;0.91
2021;56;1.86;-999.0;24.92;30.39;20.17;72.27;15.73;0.6;0.59;14.26;1.04
2021;57;0.62;-999.0;24.26;30.5;19.72;70.62;14.71;0.59;0.58;17.21;1.4
2021;58;7.89;-999.0;23.82;29.43;19.65;73.38;14.95;0.62;0.58;15.18;1.07
2021;59;6.86;-999.0;23.54;27.53;20.03;74.98;15.21;0.64;0.6;15.02;0.96
2021;60;5.89;-999.0;21.78;25.2;20.01;84.73;15.58;0.64;0.6;10.57;0.75
2021;61;5.04;-999.0;21.51;24.96;19.46;82.11;14.81;0.65;0.61;14.1;0.9
2021;62;1.92;-999.0;22.01;25.78;18.73;76.47;14.13;0.64;0.61;14.16;0.75
2021;63;0.14;-999.0;22.89;27.46;18.73;71.18;13.73;0.62;0.61;13.61;0.99
2021;64;0.0;-999.0;22.83;26.81;20.11;74.68;14.52;0.61;0.6;13.2;0.75
2021;65;0.0;-999.0;23.85;28.54;19.8;70.31;14.39;0.6;0.59;15.59;0.49
2021;66;24.88;-999.0;23.38;28.65;19.54;75.89;15.15;0.68;0.6;12.68;1.23
2021;67;8.98;-999.0;22.69;27.62;19.39;78.05;14.92;0.69;0.64;10.95;1.24
2021;68;0.22;-999.0;23.75;29.25;18.38;68.74;13.83;0.64;0.63;19.61;0.66
2021;69;0.12;-999.0;21.42;23.35;19.81;83.13;14.96;0.64;0.62;10.69;1.02
2021;70;0.0;-999.0;22.04;26.04;18.8;76.21;14.07;0.63;0.61;10.48;0.84
2021;71;1.36;-999.0;23.3;28.23;18.93;71.62;14.12;0.62;0.61;11.76;0.52
2021;72;9.51;-999.0;23.13;27.77;18.93;73.82;14.44;0.66;0.61;14.32;0.92
2021;73;4.58;-999.0;22.61;26.44;20.21;76.61;14.68;0.66;0.62;16.59;1.15
2021;74;1.7;-999.0;22.69;27.12;19.18;76.82;14.7;0.64;0.62;11.03;0.92
2021;75;0.54;-999.0;22.18;26.18;19.03;77.54;14.4;0.63;0.61;16.56;0.92
2021;76;2.64;-999.0;22.75;27.87;19.58;78.13;15.06;0.63;0.61;15.66;0.79
2021;77;0.33;-999.0;23.33;28.75;19.18;74.09;14.59;0.63;0.61;11.49;0.76
2021;78;0.79;-999.0;23.73;29.59;18.99;71.05;14.25;0.61;0.6;17.25;0.62
2021;79;4.74;-999.0;22.74;27.2;19.55;77.72;14.92;0.64;0.6;13.61;0.58
2021;80;12.51;-999.0;23.01;27.24;19.84;76.73;15.07;0.66;0.61;15.93;0.81
2021;81;16.49;-999.0;23.26;28.32;19.64;75.07;14.75;0.71;0.64;9.73;1.07
2021;82;0.0;-999.0;22.86;26.85;19.53;75.24;14.63;0.65;0.63;15.03;0.78
2021;83;2.56;-999.0;22.83;26.94;19.61;76.35;14.82;0.65;0.63;13.25;0.84
2021;84;0.52;-999.0;23.38;28.05;18.9;76.27;15.2;0.64;0.62;17.46;0.58
2021;85;1.06;-999.0;23.64;27.71;20.24;75.84;15.37;0.63;0.61;15.22;0.88
2021;86;0.94;-999.0;23.11;27.5;19.25;74.75;14.6;0.63;0.61;16.57;0.75
2021;87;11.58;-999.0;23.07;28.07;18.61;75.74;14.84;0.66;0.61;16.79;1.16
2021;88;13.48;-999.0;23.58;28.7;19.75;75.25;15.18;0.7;0.64;17.08;1.16
2021;89;0.72;-999.0;23.46;29.13;18.26;75.04;15.0;0.64;0.63;17.99;1.64
2021;90;1.92;-999.0;23.38;27.41;20.31;79.03;15.86;0.64;0.62;19.32;1.4
2021;91;2.73;-999.0;24.03;29.8;19.71;75.06;15.48;0.65;0.62;9.96;1.64
2021;92;19.92;-999.0;23.08;27.36;20.36;78.78;15.58;0.7;0.63;17.33;1.13
2021;93;6.91;-999.0;22.5;26.68;18.83;81.03;15.41;0.69;0.65;14.16;1.53
2021;94;0.81;-999.0;23.1;28.64;19.3;78.05;15.29;0.66;0.64;14.94;1.16
2021;95;0.01;-999.0;22.95;27.35;19.53;76.23;14.88;0.64;0.63;17.37;1.84
2021;96;23.58;-999.0;21.64;24.81;19.3;83.08;15.08;0.72;0.64;14.43;1.48
2021;97;0.41;-999.0;21.83;27.42;17.45;79.52;14.41;0.67;0.65;13.81;1.62
2021;98;0.03;-999.0;22.92;28.05;17.5;75.31;14.59;0.65;0.64;18.45;1.64
2021;99;1.23;-999.0;22.1;25.33;18.84;80.45;15.0;0.65;0.63;10.57;1.3
2021;100;0.2;-999.0;22.87;27.35;19.3;77.6;15.05;0.64;0.62;17.63;1.33
2021;101;0.98;-999.0;22.89;28.27;19.37;76.42;14.8;0.63;0.61;19.68;1.08
2021;102;37.75;-999.0;22.13;26.76;18.67;81.87;15.28;0.75;0.64;11.08;1.75
2021;103;3.28;-999.0;22.47;27.44;17.8;79.75;15.12;0.7;0.67;21.56;2.0
2021;104;0.1;-999.0;22.36;26.74;18.86;79.06;14.91;0.67;0.65;16.34;2.2
2021;105;3.6;-999.0;22.3;27.22;17.79;78.57;14.78;0.66;0.64;13.99;1.85
2021;106;2.26;-999.0;23.07;27.59;18.86;78.88;15.47;0.66;0.64;17.08;1.13
2021;107;11.16;-999.0;23.27;27.37;19.45;78.59;15.63;0.68;0.64;16.55;1.07
2021;108;16.79;-999.0;23.2;27.4;20.0;81.75;16.2;0.73;0.67;14.02;0.55
2021;109;27.06;-999.0;22.26;26.27;19.14;82.46;15.46;0.76;0.68;18.97;1.26
2021;110;1.87;-999.0;22.28;27.62;17.6;76.58;14.25;0.71;0.69;18.3;1.22
2021;111;7.72;-999.0;22.76;27.06;18.91;75.03;14.51;0.71;0.67;17.41;1.08
2021;112;2.3;-999.0;23.3;28.19;18.7;74.87;14.93;0.69;0.67;21.11;1.09
2021;113;0.2;-999.0;22.34;27.06;19.59;78.98;14.9;0.67;0.66;13.03;0.81
2021;114;1.33;-999.0;23.36;28.07;19.42;77.15;15.45;0.67;0.65;17.46;0.59
2021;115;4.98;-999.0;22.95;27.31;19.57;81.36;15.95;0.68;0.65;15.75;0.97
2021;116;12.54;-999.0;23.26;27.25;20.12;79.1;15.78;0.72;0.66;14.15;1.24
2021;117;4.41;-999.0;21.72;24.49;19.13;84.84;15.52;0.69;0.66;12.02;1.04
2021;118;1.8;-999.0;22.08;25.45;18.92;81.33;15.09;0.68;0.66;15.12;1.43
2021;119;5.74;-999.0;22.39;25.72;19.95;79.96;15.18;0.69;0.66;15.45;0.72
2021;120;4.44;-999.0;20.75;23.13;18.89;85.66;14.7;0.7;0.66;11.82;1.07
2021;121;1.0;-999.0;21.75;25.81;17.79;78.84;14.33;0.67;0.66;18.04;1.12
2021;122;2.64;-999.0;20.85;22.82;18.84;83.48;14.42;0.68;0.65;15.9;0.92
2021;123;0.03;-999.0;22.73;28.27;18.64;71.48;13.59;0.67;0.65;13.38;0.96
2021;124;0.78;-999.0;22.81;27.35;19.2;75.69;14.6;0.66;0.64;17.51;1.06
2021;125;0.53;-999.0;22.44;27.27;18.23;78.88;14.82;0.66;0.64;17.9;1.03
2021;126;0.85;-999.0;22.0;25.69;18.94;78.83;14.56;0.65;0.63;17.65;0.57
2021;127;0.31;-999.0;22.43;26.82;18.8;77.85;14.64;0.64;0.63;19.86;0.93
2021;128;1.94;-999.0;21.48;26.21;17.66;81.37;14.52;0.65;0.63;17.43;1.34
2021;129;0.91;-999.0;22.29;27.42;18.21;80.01;14.93;0.64;0.62;18.82;1.74
2021;130;0.14;-999.0;22.12;27.21;18.57;77.4;14.31;0.63;0.62;15.37;2.24
2021;131;0.0;-999.0;21.84;26.98;17.74;75.41;13.76;0.62;0.61;18.4;1.94
2021;132;0.0;-999.0;22.74;28.29;17.82;72.29;13.8;0.62;0.61;18.21;2.12
2021;133;0.0;-999.0;23.35;28.93;18.06;73.09;14.57;0.61;0.6;18.81;1.72
2021;134;1.12;-999.0;23.45;28.47;19.1;74.11;14.83;0.6;0.6;17.11;1.59
2021;135;4.41;-999.0;23.55;29.04;18.96;78.24;15.76;0.62;0.6;15.48;1.38
2021;136;0.24;-999.0;23.9;28.65;19.95;76.11;15.63;0.61;0.6;16.69;1.45
2021;137;9.73;-999.0;22.73;27.96;18.92;78.18;15.06;0.64;0.6;14.63;2.22
2021;138;0.86;-999.0;22.23;27.21;17.42;77.35;14.34;0.63;0.61;16.82;1.63
2021;139;0.0;-999.0;23.15;28.5;18.1;73.29;14.37;0.61;0.6;20.42;1.7
2021;140;0.0;-999.0;24.14;29.58;18.54;70.97;14.72;0.6;0.6;21.08;1.29
2021;141;0.0;-999.0;24.1;29.15;19.89;73.79;15.37;0.59;0.59;18.55;0.95
2021;142;0.11;-999.0;23.73;28.07;19.88;74.95;15.31;0.59;0.59;14.92;1.23
2021;143;14.3;-999.0;23.88;28.97;19.15;76.27;15.61;0.64;0.59;15.54;1.28
2021;144;27.83;-999.0;23.3;28.7;19.1;79.84;15.83;0.73;0.62;15.67;1.49
2021;145;5.4;-999.0;22.28;27.12;19.0;84.23;15.87;0.69;0.65;16.17;2.07
2021;146;2.15;-999.0;21.99;27.05;18.18;80.7;14.82;0.67;0.65;17.06;2.02
2021;147;0.15;-999.0;22.22;27.22;17.86;79.35;14.77;0.65;0.63;14.97;1.73
2021;148;0.0;-999.0;23.01;27.23;18.42;75.29;14.73;0.64;0.62;14.49;1.14
2021;149;6.71;-999.0;23.15;26.87;19.94;77.12;15.27;0.66;0.62;14.99;0.75
2021;150;9.36;-999.0;23.11;27.83;19.37;81.12;15.93;0.68;0.63;16.35;1.14
2021;151;10.34;-999.0;21.74;25.43;19.24;84.48;15.38;0.7;0.65;15.13;1.55
2021;152;0.11;-999.0;22.22;26.81;18.06;78.47;14.59;0.66;0.64;17.26;1.68
2021;153;0.08;-999.0;22.77;27.43;17.97;75.34;14.53;0.64;0.63;19.03;1.27
2021;154;2.01;-999.0;22.93;27.56;19.16;80.11;15.63;0.64;0.62;17.99;1.11
2021;155;1.05;-999.0;21.78;25.07;19.4;84.25;15.39;0.65;0.62;17.27;1.29
2021;156;6.91;-999.0;21.93;25.63;17.84;80.13;14.74;0.66;0.62;17.9;1.32
2021;157;13.47;-999.0;21.79;25.49;18.7;83.87;15.34;0.69;0.63;13.24;1.41
2021;158;5.87;-999.0;21.82;26.22;18.05;81.28;14.83;0.69;0.65;14.35;1.61
2021;159;1.14;-999.0;21.68;25.64;18.79;81.01;14.66;0.66;0.64;9.68;1.07
2021;160;0.12;-999.0;21.7;26.15;17.81;79.54;14.39;0.65;0.63;13.83;1.17
2021;161;0.0;-999.0;21.45;25.14;18.86;79.53;14.17;0.64;0.62;11.54;0.91
2021;162;0.66;-999.0;22.58;27.8;17.13;75.02;14.27;0.63;0.62;16.59;0.84
2021;163;22.62;-999.0;21.95;26.25;19.18;82.85;15.25;0.71;0.63;16.81;1.06
2021;164;20.23;-999.0;21.57;25.96;17.9;83.56;15.03;0.74;0.66;11.37;1.54
2021;165;3.82;-999.0;22.2;26.23;18.27;80.43;14.96;0.7;0.67;15.06;0.98
2021;166;16.19;-999.0;21.57;25.1;19.08;85.98;15.52;0.72;0.67;15.87;0.92
2021;167;26.42;-999.0;19.81;21.53;18.14;90.5;14.72;0.79;0.71;19.93;1.29
2021;168;5.54;-999.0;20.57;25.48;16.62;82.99;13.99;0.73;0.7;17.12;2.06
2021;169;16.34;-999.0;20.18;25.37;15.6;81.84;13.48;0.75;0.7;17.63;2.24
2021;170;18.14;-999.0;20.81;25.86;16.43;84.13;14.48;0.77;0.71;17.07;2.02
2021;171;5.87;-999.0;21.13;26.36;16.71;82.49;14.41;0.74;0.71;14.02;1.96
2021;172;4.93;-999.0;20.5;25.07;16.16;82.01;13.79;0.72;0.7;19.34;2.2
2021;173;0.26;-999.0;20.9;25.68;15.76;81.97;14.12;0.7;0.69;14.78;1.45
2021;174;19.36;-999.0;20.9;24.93;17.27;83.17;14.34;0.74;0.68;17.24;1.64
2021;175;4.47;-999.0;20.84;25.68;16.46;78.86;13.5;0.73;0.7;17.15;1.57
2021;176;0.75;-999.0;21.15;25.6;16.43;78.56;13.76;0.7;0.68;15.05;1.25
2021;177;0.38;-999.0;21.9;26.42;17.81;80.84;14.78;0.69;0.67;16.62;1.01
2021;178;3.09;-999.0;22.04;26.44;17.96;79.48;14.67;0.69;0.67;15.39;1.52
2021;179;1.57;-999.0;21.64;26.47;18.21;81.12;14.62;0.68;0.66;18.84;1.66
2021;180;0.14;-999.0;21.69;26.54;17.29;78.28;14.09;0.67;0.66;19.73;2.16
2021;181;3.21;-999.0;20.69;25.5;17.47;77.93;13.2;0.67;0.65;15.02;2.56
2021;182;1.32;-999.0;20.08;24.86;16.38;80.93;13.21;0.68;0.65;14.63;2.04
2021;183;0.0;-999.0;20.74;25.44;15.96;78.13;13.28;0.66;0.65;19.47;1.92
2021;184;1.64;-999.0;20.38;25.43;16.39;79.01;13.11;0.66;0.64;17.9;2.4
2021;185;0.08;-999.0;19.95;25.14;15.76;76.35;12.28;0.65;0.64;18.63;2.29
2021;186;0.0;-999.0;20.13;25.57;14.91;74.46;12.11;0.64;0.63;15.69;2.15
2021;187;0.46;-999.0;21.25;26.79;15.88;76.36;13.37;0.64;0.63;19.55;1.94
2021;188;0.05;-999.0;21.97;27.36;16.96;76.54;13.99;0.63;0.62;17.41;1.79
2021;189;1.64;-999.0;22.54;27.47;18.45;75.42;14.32;0.63;0.62;16.87;1.98
2021;190;1.5;-999.0;22.49;27.6;18.03;77.91;14.74;0.63;0.61;15.45;1.81
2021;191;0.77;-999.0;21.77;26.69;17.56;76.32;13.8;0.63;0.61;15.32;2.14
2021;192;0.08;-999.0;22.11;27.97;16.63;71.75;13.17;0.62;0.61;16.06;1.94
2021;193;0.08;-999.0;21.96;27.13;17.81;71.24;13.02;0.61;0.6;15.46;2.38
2021;194;2.12;-999.0;21.67;27.41;16.49;74.45;13.36;0.62;0.6;15.38;2.21
2021;195;0.15;-999.0;22.51;28.79;16.76;69.32;12.93;0.61;0.6;17.09;1.88
2021;196;0.05;-999.0;22.93;29.3;17.18;68.62;13.1;0.6;0.6;18.66;1.82
2021;197;4.45;-999.0;22.67;28.52;17.79;71.28;13.54;0.61;0.6;16.02;1.85
2021;198;4.19;-999.0;22.91;28.55;17.7;74.57;14.34;0.63;0.6;16.98;1.1
2021;199;10.71;-999.0;22.62;29.27;18.18;75.92;14.29;0.64;0.6;12.35;1.83
2021;200;15.76;-999.0;21.53;26.89;17.64;79.15;14.08;0.71;0.63;18.25;2.09
2021;201;1.98;-999.0;21.28;27.45;16.32;76.96;13.43;0.65;0.64;20.88;2.53
2021;202;0.69;-999.0;21.65;27.17;17.21;78.69;14.15;0.64;0.63;13.88;2.23
2021;203;0.55;-999.0;22.02;27.25;18.19;72.9;13.37;0.63;0.62;14.81;2.49
2021;204;0.32;-999.0;22.23;27.83;17.58;74.18;13.83;0.62;0.61;16.97;2.0
2021;205;3.85;-999.0;22.18;26.97;18.43;77.19;14.33;0.63;0.61;12.84;1.46
2021;206;1.94;-999.0;22.26;27.23;18.35;77.39;14.35;0.63;0.61;10.46;1.14
2021;207;0.62;-999.0;23.05;28.37;18.89;74.31;14.4;0.62;0.61;16.12;1.26
2021;208;0.47;-999.0;22.93;26.84;18.82;71.59;13.89;0.61;0.6;13.74;0.79
2021;209;3.48;-999.0;22.87;28.88;18.55;73.27;14.01;0.62;0.6;18.06;1.43
2021;210;0.27;-999.0;22.63;28.98;16.98;69.25;12.98;0.6;0.6;17.86;2.1
2021;211;0.3;-999.0;22.86;28.55;17.72;68.94;13.22;0.59;0.59;17.51;2.3
2021;212;1.15;-999.0;23.15;28.98;18.37;69.37;13.49;0.59;0.59;21.12;2.04
2021;213;0.09;-999.0;22.99;28.79;18.18;69.42;13.43;0.59;0.59;16.45;2.43
2021;214;6.02;-999.0;21.68;27.11;18.34;71.59;12.82;0.61;0.59;18.26;2.74
2021;215;1.31;-999.0;21.23;27.64;16.56;68.97;11.82;0.6;0.59;14.79;2.98
2021;216;0.02;-999.0;21.57;28.23;16.42;65.73;11.45;0.59;0.59;19.36;2.27
2021;217;0.86;-999.0;21.78;28.16;17.1;67.29;12.02;0.58;0.58;17.28;2.52
2021;218;0.12;-999.0;22.16;28.51;16.11;67.64;12.27;0.58;0.58;16.84;2.13
2021;219;0.02;-999.0;23.96;30.09;18.08;65.08;13.25;0.57;0.58;17.96;1.49
2021;220;0.02;-999.0;22.84;26.42;19.43;73.53;14.24;0.58;0.58;16.28;0.67
2021;221;0.01;-999.0;23.54;29.77;18.37;70.31;13.86;0.57;0.58;19.72;1.16
2021;222;7.94;-999.0;23.81;30.07;19.26;69.47;13.98;0.6;0.58;15.71;2.08
2021;223;2.25;-999.0;22.92;29.77;17.43;70.73;13.39;0.6;0.58;18.07;1.97
2021;224;10.73;-999.0;22.76;28.31;17.93;75.01;14.27;0.63;0.59;17.87;1.55
2021;225;1.82;-999.0;22.72;28.06;18.03;72.45;13.71;0.62;0.6;15.94;1.88
2021;226;5.46;-999.0;22.55;28.31;18.27;70.96;13.31;0.61;0.59;14.51;1.98
2021;227;5.05;-999.0;21.61;26.7;17.48;77.41;13.81;0.63;0.6;16.64;1.32
2021;228;3.86;-999.0;22.91;28.45;18.17;74.79;14.33;0.62;0.6;13.55;1.53
2021;229;3.25;-999.0;23.09;28.27;18.71;74.72;14.54;0.62;0.6;16.66;1.37
2021;230;4.0;-999.0;23.4;28.41;18.63;73.96;14.66;0.62;0.59;14.86;1.31
2021;231;1.94;-999.0;23.79;29.02;19.21;71.14;14.36;0.6;0.59;14.26;1.33
2021;232;0.24;-999.0;23.97;28.79;20.13;68.02;13.89;0.59;0.59;16.15;0.49
2021;233;4.68;-999.0;23.19;27.84;19.6;72.34;14.26;0.6;0.59;17.77;1.1
2021;234;0.93;-999.0;24.11;30.08;18.51;68.71;14.11;0.59;0.59;17.01;1.49
2021;235;0.34;-999.0;24.74;30.31;19.41;66.58;14.26;0.58;0.58;17.07;1.18
2021;236;3.56;-999.0;23.71;28.25;20.27;71.42;14.53;0.6;0.58;15.13;0.62
2021;237;1.48;-999.0;24.58;29.52;20.68;69.72;14.9;0.59;0.58;13.51;0.6
2021;238;1.53;-999.0;24.75;30.56;20.47;68.67;14.66;0.58;0.58;18.3;1.05
2021;239;0.61;-999.0;24.59;29.74;20.58;67.9;14.33;0.58;0.58;18.09;0.62
2021;240;0.09;-999.0;24.64;31.51;18.14;62.03;12.91;0.56;0.57;19.05;1.37
2021;241;0.51;-999.0;23.11;28.44;19.52;66.33;12.98;0.56;0.57;14.07;2.06
2021;242;0.35;-999.0;23.29;29.86;17.78;61.98;12.03;0.55;0.56;15.2;2.11
2021;243;0.45;-999.0;23.93;30.46;17.58;64.08;12.96;0.54;0.56;14.9;1.26
2021;244;2.12;-999.0;23.52;29.13;19.61;69.0;13.66;0.55;0.56;15.5;1.56
2021;245;0.04;-999.0;23.99;30.38;17.57;63.57;12.9;0.55;0.56;22.05;1.54
2021;246;12.5;-999.0;23.69;28.8;19.22;70.36;14.24;0.6;0.57;17.37;1.55
2021;247;0.42;-999.0;24.18;30.26;18.36;67.63;13.94;0.58;0.57;19.31;1.88
2021;248;15.23;-999.0;24.16;28.4;20.4;69.32;14.51;0.63;0.58;18.62;1.2
2021;249;3.8;-999.0;22.47;26.48;19.52;75.97;14.35;0.63;0.59;12.32;1.22
2021;250;0.3;-999.0;23.22;28.88;18.17;68.76;13.35;0.59;0.59;16.28;1.42
2021;251;0.65;-999.0;24.36;29.62;18.87;68.18;14.29;0.58;0.58;13.78;1.24
2021;252;0.17;-999.0;24.78;30.73;19.65;66.04;14.06;0.57;0.57;21.71;1.04
2021;253;0.19;-999.0;24.48;31.21;18.87;62.95;13.03;0.56;0.57;16.78;1.87
2021;254;13.8;-999.0;23.17;29.41;18.38;69.03;13.36;0.62;0.57;17.16;1.81
2021;255;4.21;-999.0;22.66;29.14;17.92;70.08;13.14;0.61;0.58;11.94;1.99
2021;256;0.1;-999.0;23.54;30.14;17.46;61.9;12.19;0.58;0.58;22.31;1.22
2021;257;0.21;-999.0;24.53;30.27;19.08;63.2;13.34;0.57;0.57;18.94;1.11
2021;258;1.83;-999.0;24.33;30.66;18.93;65.79;13.58;0.56;0.57;18.98;1.35
2021;259;0.19;-999.0;23.51;30.03;17.95;64.49;12.58;0.56;0.56;19.03;2.16
2021;260;2.26;-999.0;23.58;31.12;17.82;63.1;12.37;0.55;0.56;24.18;2.33
2021;261;0.54;-999.0;22.73;30.13;17.23;63.41;11.69;0.55;0.55;21.7;2.14
2021;262;0.09;-999.0;23.84;31.18;16.53;58.93;11.77;0.53;0.55;17.86;1.19
2021;263;0.49;-999.0;25.02;30.95;19.87;61.21;13.16;0.52;0.54;18.25;1.29
2021;264;17.14;-999.0;23.92;29.54;19.35;70.93;14.44;0.61;0.55;13.74;1.35
2021;265;11.08;-999.0;22.51;28.55;18.3;74.12;13.9;0.64;0.58;15.28;2.63
2021;266;1.61;-999.0;22.59;29.4;17.33;70.04;13.02;0.6;0.58;15.86;2.06
2021;267;9.66;-999.0;22.34;28.83;17.36;70.9;13.09;0.62;0.58;18.02;2.34
2021;268;11.8;-999.0;21.04;26.78;16.78;75.62;12.98;0.66;0.59;20.33;2.78
2021;269;0.22;-999.0;22.05;28.93;16.79;68.81;12.45;0.6;0.59;23.89;2.31
2021;270;0.0;-999.0;23.02;29.41;16.52;66.39;12.78;0.58;0.58;24.03;1.71
2021;271;6.19;-999.0;23.01;28.77;18.65;70.47;13.69;0.6;0.58;14.07;1.7
2021;272;0.4;-999.0;23.72;29.54;17.7;67.44;13.48;0.58;0.58;16.63;0.94
2021;273;0.77;-999.0;22.51;27.26;19.51;75.34;14.25;0.57;0.57;12.62;0.63
2021;274;0.16;-999.0;23.97;30.47;18.47;67.73;13.68;0.56;0.57;18.56;1.46
2021;275;0.08;-999.0;24.86;30.36;19.3;65.75;14.19;0.55;0.56;19.75;1.0
2021;276;0.23;-999.0;24.3;29.51;20.76;70.21;14.79;0.55;0.55;19.51;0.96
2021;277;0.24;-999.0;25.43;32.29;19.29;66.52;14.57;0.54;0.55;20.43;0.83
2021;278;3.97;-999.0;24.23;28.87;20.51;74.96;15.63;0.56;0.55;13.23;1.32
2021;279;1.86;-999.0;24.5;30.81;20.18;73.07;15.36;0.57;0.55;14.52;1.36
2021;280;0.19;-999.0;24.94;31.34;19.43;66.73;14.28;0.54;0.55;18.88;1.43
2021;281;0.07;-999.0;24.84;30.63;19.99;65.55;14.03;0.53;0.54;18.45;1.23
2021;282;6.76;-999.0;24.94;30.2;20.89;69.11;15.0;0.55;0.54;16.39;0.75
2021;283;12.09;-999.0;24.42;29.31;20.52;72.94;15.38;0.63;0.57;16.07;0.5
2021;284;1.42;-999.0;22.43;25.87;19.82;81.39;15.47;0.59;0.57;13.09;0.78
2021;285;0.01;-999.0;24.23;29.85;19.64;68.82;14.27;0.57;0.57;17.26;1.59
2021;286;0.0;-999.0;25.01;30.8;18.79;65.06;14.09;0.55;0.56;19.15;1.18
2021;287;0.02;-999.0;24.5;29.29;21.16;71.61;15.28;0.55;0.55;17.14;1.09
2021;288;0.72;-999.0;25.35;31.31;20.54;66.62;14.69;0.55;0.55;20.79;1.2
2021;289;2.79;-999.0;23.15;28.61;20.06;78.02;15.23;0.56;0.55;15.2;1.09
2021;290;2.4;-999.0;23.75;28.7;19.38;72.08;14.54;0.57;0.55;13.59;1.01
2021;291;0.04;-999.0;24.18;29.36;19.17;65.02;13.37;0.54;0.55;16.75;0.61
2021;292;0.68;-999.0;24.64;30.63;19.2;65.17;13.8;0.54;0.54;16.72;0.94
2021;293;0.3;-999.0;24.96;30.88;20.03;64.27;13.74;0.53;0.54;17.24;1.33
2021;294;0.73;-999.0;24.01;28.36;20.36;68.2;14.01;0.52;0.54;14.3;0.88
2021;295;1.5;-999.0;24.47;29.89;19.77;68.52;14.34;0.53;0.54;16.84;0.9
2021;296;1.91;-999.0;25.28;30.77;20.01;65.49;14.31;0.53;0.54;14.23;0.88
2021;297;7.36;-999.0;24.37;29.81;19.49;69.07;14.38;0.55;0.54;19.21;1.28
2021;298;12.6;-999.0;24.39;30.38;19.8;74.04;15.34;0.62;0.56;14.42;0.89
2021;299;5.87;-999.0;23.0;26.54;20.78;80.08;15.74;0.61;0.57;14.2;1.2
2021;300;2.27;-999.0;23.3;28.17;18.53;72.84;14.31;0.58;0.57;12.09;1.17
2021;301;3.52;-999.0;23.18;28.29;19.09;75.71;14.8;0.59;0.57;17.94;1.17
2021;302;0.46;-999.0;21.69;24.78;19.52;78.06;14.13;0.57;0.56;15.29;1.1
2021;303;1.33;-999.0;22.59;26.81;18.9;75.22;14.26;0.56;0.56;15.95;0.72
2021;304;1.09;-999.0;22.44;26.34;18.92;78.44;14.78;0.57;0.56;17.14;0.6
2021;305;0.62;-999.0;23.93;29.85;19.31;72.11;14.58;0.56;0.56;17.44;0.88
2021;306;0.49;-999.0;24.15;30.2;19.77;70.98;14.64;0.55;0.55;17.78;1.08
2021;307;0.24;-999.0;24.07;29.27;19.84;70.82;14.53;0.54;0.55;16.98;1.17
2021;308;4.24;-999.0;22.7;26.97;19.65;78.05;14.97;0.56;0.55;15.32;1.03
2021;309;4.32;-999.0;23.63;29.58;18.68;72.89;14.55;0.58;0.55;19.13;0.74
2021;310;0.3;-999.0;24.75;30.52;20.5;68.47;14.57;0.55;0.55;17.04;0.81
2021;311;0.0;-999.0;24.26;29.27;20.31;65.62;13.71;0.54;0.54;18.24;1.05
2021;312;7.77;-999.0;23.69;27.79;20.42;72.03;14.73;0.57;0.54;12.09;0.78
2021;313;3.11;-999.0;23.0;27.74;19.71;76.99;14.95;0.59;0.56;15.65;0.77
2021;314;0.37;-999.0;23.57;29.06;19.22;71.22;14.31;0.55;0.55;14.35;1.29
2021;315;1.3;-999.0;23.76;27.64;19.58;71.78;14.64;0.55;0.55;16.78;0.94
2021;316;0.14;-999.0;24.2;29.35;19.37;66.32;13.71;0.55;0.55;16.15;0.98
2021;317;0.01;-999.0;23.08;27.59;19.43;70.59;13.82;0.54;0.54;12.79;1.02
2021;318;0.02;-999.0;24.57;30.17;19.84;67.12;14.27;0.53;0.54;16.27;1.05
2021;319;3.13;-999.0;24.5;30.03;20.74;70.59;15.02;0.54;0.54;14.73;1.15
2021;320;6.09;-999.0;24.02;29.01;20.3;74.04;15.27;0.57;0.54;17.8;1.27
2021;321;5.45;-999.0;23.6;29.12;20.36;75.66;15.18;0.58;0.55;18.94;1.68
2021;322;4.77;-999.0;23.3;29.26;18.61;72.74;14.32;0.57;0.55;15.53;1.49
2021;323;2.34;-999.0;23.39;28.97;18.45;71.64;14.16;0.56;0.55;14.15;1.5
2021;324;0.44;-999.0;23.65;28.53;18.97;71.12;14.32;0.55;0.55;15.08;1.12
2021;325;11.79;-999.0;22.95;26.73;19.96;73.87;14.49;0.59;0.55;15.48;0.93
2021;326;9.65;-999.0;23.64;28.46;19.66;74.47;15.12;0.63;0.57;14.93;0.72
2021;327;10.73;-999.0;21.77;24.96;19.62;84.55;15.46;0.65;0.59;13.58;0.53
2021;328;4.34;-999.0;22.22;26.74;19.08;80.35;14.96;0.62;0.59;13.63;0.97
2021;329;2.32;-999.0;21.25;25.09;19.05;84.18;14.85;0.62;0.59;13.12;1.01
2021;330;0.08;-999.0;23.4;28.37;18.66;72.41;14.37;0.59;0.58;13.54;0.86
2021;331;0.08;-999.0;22.84;28.24;19.53;75.7;14.6;0.57;0.57;18.32;0.63
2021;332;0.01;-999.0;24.1;29.14;18.94;69.82;14.45;0.56;0.56;18.89;0.84
2021;333;5.18;-999.0;22.78;25.93;19.7;78.74;15.27;0.58;0.56;15.86;0.78
2021;334;18.99;-999.0;22.6;26.21;19.68;80.98;15.47;0.68;0.59;14.1;0.77
2021;335;3.07;-999.0;23.29;28.46;19.29;76.88;15.18;0.62;0.59;18.11;1.18
2021;336;4.92;-999.0;23.61;29.12;18.73;74.9;15.01;0.6;0.58;19.73;0.98
2021;337;2.93;-999.0;23.93;29.06;18.76;72.03;14.69;0.61;0.58;12.85;0.67
2021;338;0.72;-999.0;24.03;28.9;20.09;72.41;14.94;0.58;0.57;16.27;0.71
2021;339;2.3;-999.0;24.39;29.89;20.05;71.83;15.11;0.58;0.57;15.24;0.68
2021;340;2.0;-999.0;24.76;30.14;19.75;70.35;15.06;0.57;0.56;16.37;0.84
2021;341;0.79;-999.0;24.5;30.37;19.83;70.46;14.82;0.56;0.56;18.11;1.15
2021;342;0.68;-999.0;25.06;30.61;20.24;68.29;14.94;0.55;0.55;18.87;0.71
2021;343;2.69;-999.0;23.43;27.67;20.95;78.64;15.79;0.57;0.55;12.61;1.1
2021;344;11.07;-999.0;23.43;27.59;19.68;76.28;15.37;0.61;0.56;11.61;0.95
2021;345;4.33;-999.0;22.35;24.94;20.41;80.86;15.41;0.61;0.57;9.31;0.73
2021;346;4.94;-999.0;23.38;28.99;19.29;76.32;15.14;0.6;0.57;9.24;1.34
2021;347;1.72;-999.0;23.3;28.6;18.33;74.61;14.64;0.6;0.57;18.09;1.27
2021;348;0.0;-999.0;24.11;30.17;19.43;69.06;14.18;0.57;0.56;15.77;1.44
2021;349;0.04;-999.0;23.57;27.23;19.33;70.77;14.3;0.56;0.56;15.09;0.76
2021;350;0.05;-999.0;24.29;29.1;20.24;71.94;15.09;0.55;0.55;14.55;1.25
2021;351;6.75;-999.0;23.73;28.82;20.56;75.85;15.4;0.57;0.55;13.64;1.38
2021;352;11.26;-999.0;23.54;28.26;19.09;76.49;15.35;0.63;0.57;12.45;0.89
2021;353;1.28;-999.0;23.52;28.67;19.87;76.75;15.39;0.58;0.57;16.03;1.5
2021;354;1.46;-999.0;23.2;29.33;16.8;68.56;13.36;0.57;0.56;15.65;1.36
2021;355;3.46;-999.0;24.12;29.09;20.19;74.25;15.48;0.57;0.56;13.33;1.3
2021;356;2.73;-999.0;22.94;26.88;20.21;81.51;15.96;0.58;0.56;15.35;1.43
2021;357;1.05;-999.0;23.22;28.17;20.11;77.53;15.27;0.58;0.56;15.04;0.96
2021;358;2.69;-999.0;22.61;26.29;19.85;81.3;15.62;0.58;0.56;17.42;0.85
2021;359;0.94;-999.0;23.7;27.82;18.9;74.78;15.17;0.57;0.56;16.56;1.05
2021;360;1.58;-999.0;24.15;29.45;20.1;69.59;14.34;0.56;0.55;14.88;0.86
2021;361;2.93;-999.0;22.53;26.66;20.03;81.39;15.52;0.57;0.55;14.12;0.66
2021;362;7.72;-999.0;23.4;28.81;19.16;76.22;15.01;0.59;0.56;15.95;0.94
2021;363;13.41;-999.0;23.1;27.44;19.74;78.53;15.38;0.65;0.58;10.42;0.87
2021;364;4.24;-999.0;22.38;26.92;19.79;80.63;15.22;0.62;0.58;15.28;1.04
2021;365;7.48;-999.0;23.3;28.58;19.28;78.05;15.44;0.62;0.58;14.43;0.88
2022;1;5.61;-999.0;22.59;27.06;19.71;78.06;14.9;0.64;0.59;15.59;0.6
2022;2;10.83;-999.0;22.28;27.55;18.74;75.86;14.16;0.64;0.59;15.17;1.14
2022;3;5.76;-999.0;22.07;26.8;17.79;75.79;13.95;0.64;0.6;15.06;1.33
2022;4;2.59;-999.0;22.27;27.41;18.3;75.54;14.02;0.62;0.59;15.26;1.31
2022;5;8.91;-999.0;21.81;26.24;19.07;78.68;14.34;0.63;0.59;14.54;0.85
2022;6;6.89;-999.0;21.45;25.77;17.82;78.33;13.9;0.65;0.6;10.52;0.95
2022;7;2.47;-999.0;23.12;28.25;18.58;69.94;13.59;0.63;0.6;12.45;0.72
2022;8;0.94;-999.0;22.99;29.01;18.17;73.31;14.13;0.6;0.59;19.36;1.62
2022;9;1.94;-999.0;22.94;28.37;18.61;75.54;14.55;0.59;0.58;17.08;1.41
2022;10;3.12;-999.0;22.11;26.71;18.82;78.92;14.58;0.6;0.58;10.56;0.92
2022;11;0.26;-999.0;22.52;28.42;18.78;75.55;14.22;0.59;0.57;12.98;1.4
2022;12;3.98;-999.0;22.97;27.29;18.8;75.3;14.65;0.59;0.57;14.68;0.98
2022;13;3.72;-999.0;22.45;27.09;19.54;78.35;14.76;0.6;0.57;9.81;0.78
2022;14;1.64;-999.0;22.43;27.21;19.32;76.51;14.35;0.59;0.57;15.92;1.26
2022;15;0.1;-999.0;23.52;29.07;18.99;69.62;13.78;0.57;0.57;15.98;1.08
2022;16;0.42;-999.0;24.11;30.01;18.29;67.0;13.74;0.56;0.56;18.26;0.83
2022;17;0.38;-999.0;23.8;29.57;19.45;71.15;14.37;0.56;0.55;15.59;0.73
2022;18;0.68;-999.0;23.49;28.17;19.59;73.62;14.75;0.55;0.55;14.93;0.61
2022;19;0.06;-999.0;24.64;31.16;19.68;65.89;13.82;0.55;0.55;19.53;1.25
2022;20;0.11;-999.0;24.46;30.91;18.72;59.03;12.33;0.53;0.54;18.37;1.67
2022;21;0.15;-999.0;25.11;32.06;18.99;59.11;12.74;0.53;0.54;19.59;1.41
2022;22;1.46;-999.0;24.81;30.71;19.71;66.32;14.25;0.53;0.54;12.7;0.86
2022;23;1.35;-999.0;24.56;30.07;19.98;70.06;14.8;0.53;0.53;16.42;0.95
2022;24;4.68;-999.0;24.28;28.82;20.28;71.29;14.99;0.54;0.54;17.06;0.76
2022;25;14.73;-999.0;21.83;23.74;20.51;82.92;15.31;0.64;0.57;11.09;0.98
2022;26;2.13;-999.0;23.52;28.72;18.36;71.39;14.37;0.58;0.57;13.29;0.73
2022;27;5.09;-999.0;23.4;28.18;20.28;75.08;15.0;0.6;0.57;16.86;0.86
2022;28;7.97;-999.0;23.2;27.71;19.21;77.15;15.24;0.62;0.57;18.29;1.13
2022;29;1.16;-999.0;23.19;30.55;17.09;69.92;13.52;0.59;0.57;18.61;1.85
2022;30;0.86;-999.0;23.51;30.4;17.44;69.66;13.67;0.57;0.57;18.71;1.87
2022;31;0.08;-999.0;23.68;29.54;18.57;67.33;13.43;0.56;0.56;17.5;1.42
2022;32;0.02;-999.0;24.32;30.56;18.74;62.65;12.99;0.55;0.55;19.32;1.43
2022;33;0.02;-999.0;24.5;30.62;18.89;59.32;12.37;0.54;0.54;19.45;0.81
2022;34;0.02;-999.0;25.2;31.22;19.05;59.88;13.11;0.53;0.54;19.3;0.94
2022;35;13.29;-999.0;22.35;26.96;19.66;79.22;14.95;0.6;0.55;14.91;1.32
2022;36;3.37;-999.0;22.43;27.62;19.65;82.2;15.52;0.59;0.56;13.89;0.55
2022;37;7.44;-999.0;22.21;26.21;19.2;79.37;14.84;0.62;0.57;11.3;0.6
2022;38;23.73;-999.0;22.67;26.8;19.9;79.85;15.32;0.69;0.59;12.58;0.9
2022;39;18.62;-999.0;21.54;24.51;19.76;87.14;15.73;0.71;0.63;9.22;0.75
2022;40;12.58;-999.0;21.27;25.16;18.5;83.72;14.81;0.7;0.64;13.99;0.68
2022;41;3.53;-999.0;22.72;27.82;17.95;75.47;14.46;0.67;0.64;14.7;0.83
2022;42;2.95;-999.0;22.99;26.78;19.89;75.81;14.94;0.65;0.62;18.49;0.86
2022;43;2.57;-999.0;23.27;28.02;18.4;75.57;14.98;0.64;0.61;17.24;0.78
2022;44;1.37;-999.0;23.6;28.15;19.86;76.27;15.4;0.63;0.61;12.02;0.6
2022;45;7.17;-999.0;23.26;28.64;19.22;72.43;14.29;0.64;0.6;9.7;0.73
2022;46;2.39;-999.0;23.62;28.81;18.77;69.69;14.06;0.63;0.6;15.53;0.75
2022;47;4.61;-999.0;23.27;28.3;19.18;74.07;14.66;0.63;0.6;17.11;0.84
2022;48;1.11;-999.0;24.23;29.28;18.81;69.2;14.38;0.61;0.59;16.78;0.6
2022;49;12.5;-999.0;22.98;26.92;20.26;77.75;15.22;0.65;0.59;6.73;0.91
2022;50;2.12;-999.0;22.62;27.0;19.62;80.74;15.47;0.63;0.6;16.07;1.02
2022;51;7.39;-999.0;21.57;25.1;18.51;82.15;14.77;0.65;0.6;15.78;1.67
2022;52;5.71;-999.0;22.45;28.59;17.39;75.98;14.2;0.64;0.6;17.24;1.46
2022;53;1.31;-999.0;23.71;29.59;18.4;69.36;13.85;0.62;0.6;18.82;0.71
2022;54;0.18;-999.0;23.91;29.43;18.91;70.18;14.29;0.6;0.59;16.58;0.99
2022;55;4.42;-999.0;23.35;27.46;20.65;77.55;15.56;0.61;0.59;14.17;0.76
2022;56;8.49;-999.0;23.14;26.66;19.88;78.69;15.54;0.65;0.6;15.06;0.4
2022;57;8.29;-999.0;22.32;25.9;19.8;82.23;15.48;0.66;0.61;12.76;0.69
2022;58;21.24;-999.0;22.14;25.51;19.96;84.85;15.87;0.71;0.62;10.44;0.53
2022;59;15.83;-999.0;21.95;25.63;18.89;82.8;15.24;0.73;0.65;13.79;0.87
2022;60;10.24;-999.0;22.89;27.45;19.21;79.88;15.48;0.7;0.66;14.14;0.6
2022;61;12.65;-999.0;22.19;26.6;19.48;84.35;15.73;0.72;0.66;9.72;1.08
2022;62;6.24;-999.0;21.43;25.51;19.24;86.13;15.38;0.7;0.66;14.22;1.07
2022;63;6.96;-999.0;21.17;24.25;18.91;81.34;14.3;0.7;0.66;13.62;0.84
2022;64;12.08;-999.0;22.58;27.39;18.63;78.9;15.04;0.71;0.66;13.58;0.92
2022;65;27.54;-999.0;22.55;26.5;19.52;81.83;15.62;0.77;0.68;11.0;0.64
2022;66;12.6;-999.0;22.69;26.69;19.52;76.58;14.73;0.75;0.7;15.81;1.01
2022;67;2.02;-999.0;22.87;27.44;17.64;72.38;13.99;0.71;0.69;18.12;0.97
2022;68;0.2;-999.0;23.44;28.74;18.68;72.61;14.55;0.68;0.67;19.4;1.1
2022;69;0.76;-999.0;22.59;25.99;20.13;82.35;15.84;0.67;0.65;18.36;0.97
2022;70;3.95;-999.0;21.54;24.11;19.33;82.25;14.79;0.68;0.65;16.17;0.85
2022;71;1.32;-999.0;22.23;27.72;18.19;78.19;14.48;0.67;0.65;19.41;1.26
2022;72;2.51;-999.0;22.54;27.74;17.84;73.14;13.71;0.66;0.64;17.79;1.42
2022;73;8.39;-999.0;21.7;27.22;17.31;78.71;14.16;0.67;0.64;19.31;1.6
2022;74;16.83;-999.0;22.5;27.76;17.61;79.05;14.96;0.73;0.66;18.06;1.06
2022;75;10.13;-999.0;21.66;24.75;18.72;83.5;15.14;0.72;0.67;15.2;0.75
2022;76;2.85;-999.0;22.78;28.01;19.06;80.14;15.39;0.69;0.67;16.89;0.82
2022;77;3.16;-999.0;23.64;28.59;19.32;77.01;15.53;0.68;0.66;15.82;0.68
2022;78;3.47;-999.0;23.39;28.2;18.91;80.06;15.97;0.68;0.65;17.24;0.81
2022;79;10.1;-999.0;23.58;27.99;20.46;80.31;16.28;0.69;0.65;14.61;0.74
2022;80;19.18;-999.0;22.51;27.05;19.09;84.19;16.05;0.75;0.68;15.54;0.99
2022;81;2.7;-999.0;23.2;27.77;18.62;78.97;15.64;0.7;0.68;14.87;1.11
2022;82;2.25;-999.0;22.99;27.67;19.69;81.81;16.01;0.69;0.67;16.56;0.62
2022;83;10.87;-999.0;23.64;28.3;19.68;79.5;16.16;0.71;0.66;15.18;1.16
2022;84;8.05;-999.0;23.98;28.45;20.24;78.78;16.34;0.7;0.67;12.3;0.69
2022;85;14.01;-999.0;23.01;27.18;20.12;82.36;16.17;0.74;0.68;13.8;0.68
2022;86;11.06;-999.0;22.71;27.09;19.99;82.85;15.97;0.74;0.69;10.14;0.71
2022;87;11.88;-999.0;21.95;26.41;18.8;84.74;15.59;0.73;0.69;16.81;1.7
2022;88;5.39;-999.0;21.95;25.79;18.35;82.45;15.19;0.72;0.69;15.08;1.2
2022;89;1.73;-999.0;22.26;26.05;19.1;81.71;15.34;0.71;0.68;14.77;0.84
2022;90;17.97;-999.0;22.94;27.71;19.51;78.36;15.21;0.75;0.69;13.8;0.7
2022;91;10.79;-999.0;23.21;27.93;19.5;77.26;15.23;0.75;0.71;14.53;0.71
2022;92;3.04;-999.0;22.79;27.65;19.21;80.2;15.5;0.72;0.7;16.04;1.0
2022;93;10.4;-999.0;22.93;27.67;17.8;77.08;15.04;0.72;0.69;15.58;1.35
2022;94;15.27;-999.0;23.27;27.78;19.01;78.73;15.68;0.75;0.7;16.59;0.9
2022;95;19.94;-999.0;22.73;27.14;19.08;81.64;15.74;0.76;0.71;17.08;1.18
2022;96;12.74;-999.0;22.43;27.12;18.43;82.32;15.61;0.76;0.72;17.34;1.61
2022;97;8.63;-999.0;22.67;26.8;18.46;80.27;15.49;0.76;0.72;15.18;1.49
2022;98;1.41;-999.0;23.32;27.75;19.31;80.49;16.1;0.73;0.71;15.67;1.1
2022;99;27.38;-999.0;23.17;27.55;20.12;83.41;16.55;0.78;0.71;15.88;0.85
2022;100;16.88;-999.0;22.88;27.69;18.46;81.59;15.87;0.79;0.75;17.62;1.62
2022;101;5.03;-999.0;22.43;26.83;19.04;83.27;15.8;0.76;0.74;16.25;1.5
2022;102;6.48;-999.0;23.26;28.44;18.92;79.28;15.75;0.75;0.72;15.21;1.24
2022;103;2.21;-999.0;23.32;27.8;19.26;77.97;15.59;0.74;0.72;14.96;1.17
2022;104;0.07;-999.0;23.34;28.47;19.62;77.09;15.36;0.72;0.71;17.66;1.15
2022;105;4.28;-999.0;22.55;27.23;18.52;79.72;15.26;0.72;0.7;16.98;1.73
2022;106;3.39;-999.0;22.4;26.37;18.92;82.48;15.66;0.73;0.7;11.18;1.28
2022;107;13.03;-999.0;22.05;25.73;19.01;82.24;15.27;0.75;0.7;14.58;1.41
2022;108;11.74;-999.0;22.67;27.37;18.64;81.36;15.64;0.76;0.72;13.38;0.83
2022;109;21.35;-999.0;21.79;24.94;18.87;84.27;15.4;0.81;0.74;13.13;0.85
2022;110;13.3;-999.0;22.26;26.79;18.91;79.9;14.9;0.79;0.75;13.84;0.86
2022;111;4.57;-999.0;21.86;25.68;19.09;80.64;14.73;0.77;0.75;14.86;1.14
2022;112;2.0;-999.0;22.71;28.07;18.77;74.8;14.23;0.75;0.73;15.21;1.03
2022;113;0.93;-999.0;22.42;27.58;18.14;77.85;14.62;0.74;0.72;15.53;1.7
2022;114;20.27;-999.0;22.53;27.39;17.68;78.91;14.99;0.77;0.72;14.56;1.22
2022;115;17.25;-999.0;21.61;25.54;18.99;82.97;14.98;0.81;0.76;9.75;1.23
2022;116;2.89;-999.0;22.42;26.74;18.65;79.24;15.08;0.76;0.75;17.14;1.03
2022;117;5.56;-999.0;22.8;27.31;18.85;80.53;15.57;0.76;0.74;16.23;0.95
2022;118;15.01;-999.0;22.14;26.42;18.86;83.62;15.56;0.8;0.75;9.28;0.89
2022;119;3.71;-999.0;22.45;27.04;19.23;84.5;16.05;0.77;0.75;16.72;1.57
2022;120;1.19;-999.0;21.47;26.21;18.05;81.54;14.51;0.76;0.74;16.54;2.53
2022;121;5.14;-999.0;21.21;25.84;16.69;80.95;14.24;0.76;0.73;18.84;1.76
2022;122;0.54;-999.0;22.43;27.55;17.33;78.66;14.89;0.75;0.73;18.72;1.38
2022;123;0.03;-999.0;23.14;28.16;18.44;78.82;15.6;0.73;0.72;22.18;1.33
2022;124;0.82;-999.0;22.69;27.78;17.66;76.55;14.67;0.73;0.71;19.51;1.63
2022;125;11.89;-999.0;21.86;25.43;19.04;83.7;15.39;0.75;0.71;8.68;1.52
2022;126;13.44;-999.0;22.47;26.59;18.34;80.68;15.3;0.78;0.73;14.54;1.17
2022;127;10.54;-999.0;22.44;26.81;19.32;84.04;15.92;0.78;0.74;11.47;1.39
2022;128;0.64;-999.0;21.92;26.34;18.23;82.18;15.1;0.75;0.73;18.82;1.27
2022;129;8.52;-999.0;21.72;26.13;17.48;81.99;14.9;0.76;0.73;15.49;1.65
2022;130;17.14;-999.0;22.81;27.03;18.9;80.07;15.56;0.79;0.75;16.32;1.17
2022;131;13.75;-999.0;23.22;26.4;20.46;79.41;15.93;0.8;0.76;15.68;0.94
2022;132;14.87;-999.0;22.78;26.62;19.43;83.13;16.12;0.81;0.77;17.88;0.55
2022;133;7.53;-999.0;22.3;25.84;19.08;84.84;16.04;0.79;0.76;15.99;1.49
2022;134;13.16;-999.0;22.27;26.24;18.66;84.05;15.84;0.8;0.76;11.68;1.41
2022;135;7.75;-999.0;22.82;27.0;19.32;82.29;16.02;0.8;0.77;17.95;1.21
2022;136;29.48;-999.0;22.01;26.48;18.56;84.25;15.61;0.84;0.78;14.24;1.92
2022;137;5.26;-999.0;21.76;26.2;17.95;83.76;15.25;0.81;0.8;12.07;1.72
2022;138;8.85;-999.0;22.16;26.47;18.76;84.62;15.78;0.81;0.79;9.78;1.42
2022;139;10.17;-999.0;21.32;24.89;18.31;85.03;15.09;0.81;0.79;15.52;1.68
2022;140;1.07;-999.0;21.86;26.1;17.55;82.36;15.06;0.8;0.79;15.21;1.28
2022;141;3.6;-999.0;22.18;26.71;18.63;80.9;15.03;0.79;0.78;14.92;0.7
2022;142;8.5;-999.0;22.92;27.9;18.48;76.58;14.85;0.8;0.78;18.19;0.89
2022;143;1.63;-999.0;22.52;26.83;17.78;77.76;14.81;0.78;0.77;17.05;1.23
2022;144;3.97;-999.0;22.77;26.59;19.56;79.95;15.49;0.79;0.77;16.54;0.41
2022;145;2.32;-999.0;21.96;26.21;19.02;84.38;15.59;0.78;0.77;15.51;1.45
2022;146;2.75;-999.0;21.4;26.02;18.01;81.85;14.58;0.78;0.76;15.5;2.0
2022;147;2.38;-999.0;20.63;26.1;16.52;80.75;13.64;0.77;0.76;15.64;2.09
2022;148;1.83;-999.0;20.62;25.54;16.55;81.2;13.8;0.77;0.75;15.27;1.93
2022;149;1.71;-999.0;21.45;26.18;16.92;80.6;14.41;0.76;0.75;14.51;1.16
2022;150;2.38;-999.0;21.76;25.87;17.66;82.93;15.15;0.76;0.74;13.0;1.28
2022;151;1.12;-999.0;22.05;26.58;18.08;81.99;15.19;0.75;0.74;15.64;0.76
2022;152;2.14;-999.0;21.83;24.98;18.85;82.24;15.11;0.76;0.74;15.38;0.84
2022;153;8.16;-999.0;22.27;26.53;18.66;81.23;15.27;0.77;0.74;11.52;0.98
2022;154;7.82;-999.0;21.76;25.36;19.41;83.56;15.22;0.78;0.75;10.18;0.55
2022;155;6.27;-999.0;21.25;25.15;18.27;85.33;15.07;0.78;0.75;14.02;1.0
2022;156;9.04;-999.0;21.0;24.9;17.9;83.82;14.59;0.79;0.76;15.1;1.51
2022;157;11.59;-999.0;22.02;26.12;17.91;81.2;15.03;0.79;0.76;14.87;1.29
2022;158;10.69;-999.0;22.03;25.17;18.89;81.34;15.08;0.81;0.78;12.66;0.69
2022;159;0.56;-999.0;21.87;26.31;18.16;80.32;14.65;0.78;0.77;15.3;0.8
2022;160;0.6;-999.0;21.78;24.75;18.93;79.67;14.57;0.77;0.76;13.73;0.6
2022;161;5.64;-999.0;22.87;27.11;18.5;77.79;15.14;0.78;0.76;15.66;0.7
2022;162;8.08;-999.0;21.21;25.28;18.42;87.12;15.38;0.79;0.76;12.04;1.4
2022;163;7.67;-999.0;20.69;25.33;16.84;82.66;14.08;0.79;0.76;15.58;1.92
2022;164;6.22;-999.0;20.76;24.88;16.99;84.05;14.42;0.79;0.76;13.34;1.86
2022;165;4.95;-999.0;20.54;24.58;16.78;82.27;13.9;0.78;0.76;14.36;1.81
2022;166;1.08;-999.0;21.16;25.53;16.91;79.54;13.93;0.77;0.76;15.94;1.52
2022;167;6.56;-999.0;21.32;25.44;16.92;82.11;14.6;0.77;0.75;14.24;1.5
2022;168;12.06;-999.0;22.19;26.33;18.36;80.55;15.07;0.8;0.76;11.53;0.69
2022;169;13.25;-999.0;21.87;25.67;19.29;84.89;15.57;0.8;0.77;14.89;0.98
2022;170;3.9;-999.0;21.48;25.68;18.05;81.65;14.6;0.79;0.78;15.62;1.36
2022;171;12.8;-999.0;20.72;25.45;15.97;82.15;14.06;0.8;0.77;13.16;1.7
2022;172;4.21;-999.0;21.11;25.44;16.78;82.64;14.48;0.79;0.78;14.55;1.44
2022;173;3.77;-999.0;21.73;25.89;18.19;82.47;15.0;0.79;0.77;16.33;1.25
2022;174;1.4;-999.0;21.53;25.86;17.37;81.76;14.71;0.78;0.77;12.65;1.41
2022;175;2.87;-999.0;21.58;25.9;17.5;82.62;14.93;0.78;0.76;15.81;1.5
2022;176;2.92;-999.0;20.91;24.55;17.44;82.59;14.28;0.77;0.75;14.42;1.87
2022;177;2.01;-999.0;19.91;23.67;16.45;82.88;13.46;0.77;0.75;14.37;1.83
2022;178;6.04;-999.0;20.71;25.26;15.53;78.46;13.34;0.77;0.75;14.66;1.29
2022;179;6.29;-999.0;21.47;25.37;17.1;79.16;14.09;0.77;0.75;15.86;1.06
2022;180;6.42;-999.0;21.62;25.56;17.95;82.02;14.8;0.78;0.76;15.78;0.87
2022;181;2.74;-999.0;22.09;26.19;17.65;79.72;14.81;0.77;0.75;15.48;1.15
2022;182;5.28;-999.0;21.09;24.29;17.88;84.08;14.75;0.77;0.75;16.2;1.22
2022;183;1.84;-999.0;21.96;26.41;17.93;81.14;14.92;0.76;0.75;15.81;1.3
2022;184;0.86;-999.0;21.96;27.06;17.69;79.39;14.6;0.75;0.74;16.4;2.03
2022;185;1.94;-999.0;22.14;27.05;17.65;80.67;15.04;0.75;0.73;14.45;1.6
2022;186;1.0;-999.0;21.5;25.96;18.04;81.19;14.55;0.74;0.73;16.65;1.44
2022;187;0.13;-999.0;21.59;26.86;16.7;78.11;14.03;0.74;0.72;16.37;1.59
2022;188;1.9;-999.0;21.7;26.58;17.08;78.98;14.34;0.73;0.72;16.19;1.48
2022;189;2.81;-999.0;21.8;26.39;17.57;79.8;14.55;0.74;0.72;11.67;1.48
2022;190;2.21;-999.0;21.82;26.72;17.94;79.79;14.51;0.74;0.72;16.92;1.86
2022;191;15.58;-999.0;21.91;26.55;17.27;80.54;14.8;0.76;0.72;14.6;1.37
2022;192;3.7;-999.0;21.85;25.9;17.96;82.48;15.1;0.76;0.73;13.64;1.07
2022;193;11.5;-999.0;22.18;26.25;18.21;81.69;15.26;0.77;0.73;15.18;1.07
2022;194;2.63;-999.0;22.16;26.74;17.95;78.61;14.56;0.75;0.73;16.24;1.19
2022;195;7.98;-999.0;22.58;27.0;17.54;74.99;14.31;0.76;0.73;17.66;0.5
2022;196;5.77;-999.0;23.06;27.35;19.55;77.9;15.37;0.77;0.74;18.18;0.85
2022;197;2.48;-999.0;22.72;27.0;18.94;77.75;14.94;0.75;0.73;16.81;0.82
2022;198;3.5;-999.0;21.77;26.64;17.8;79.68;14.49;0.75;0.73;16.42;1.74
2022;199;0.22;-999.0;20.67;25.68;16.42;76.8;13.04;0.73;0.72;16.55;2.22
2022;200;1.9;-999.0;20.84;25.99;15.84;76.76;13.17;0.73;0.72;16.94;2.14
2022;201;10.32;-999.0;20.6;25.55;16.81;81.42;13.82;0.75;0.72;15.93;2.11
2022;202;3.11;-999.0;20.96;26.18;15.73;79.3;13.75;0.74;0.72;15.77;2.06
2022;203;6.11;-999.0;22.4;26.48;17.53;77.28;14.62;0.74;0.72;14.7;0.88
2022;204;11.52;-999.0;22.6;26.5;19.65;80.61;15.48;0.77;0.73;13.98;0.73
2022;205;17.25;-999.0;22.21;26.3;19.33;81.69;15.26;0.78;0.74;14.68;0.98
2022;206;14.27;-999.0;21.45;25.41;17.08;81.63;14.59;0.8;0.76;13.16;1.39
2022;207;7.26;-999.0;21.94;25.94;17.75;81.32;14.94;0.78;0.76;13.89;0.7
2022;208;20.18;-999.0;21.38;25.42;18.62;83.59;14.85;0.82;0.77;14.15;1.44
2022;209;9.98;-999.0;21.34;25.39;17.27;81.05;14.37;0.8;0.77;15.62;1.58
2022;210;3.04;-999.0;21.54;26.8;17.37;78.2;13.94;0.78;0.77;19.62;1.42
2022;211;2.93;-999.0;21.37;26.6;15.67;78.11;13.91;0.77;0.76;18.16;1.54
2022;212;10.77;-999.0;22.34;26.75;18.65;81.08;15.28;0.79;0.76;15.59;1.29
2022;213;11.87;-999.0;22.52;26.3;18.71;78.95;15.07;0.79;0.76;16.31;0.82
2022;214;15.63;-999.0;22.14;25.91;18.94;81.71;15.22;0.82;0.78;14.85;0.57
2022;215;4.16;-999.0;21.83;25.89;18.15;81.31;14.9;0.79;0.78;16.46;1.27
2022;216;1.45;-999.0;21.74;26.42;17.37;78.65;14.27;0.78;0.77;15.42;1.35
2022;217;20.67;-999.0;21.42;26.19;17.17;79.63;14.23;0.81;0.77;15.36;1.52
2022;218;2.15;-999.0;21.19;25.77;16.95;79.16;13.87;0.79;0.78;14.62;1.39
2022;219;0.13;-999.0;21.92;27.37;16.01;76.74;14.04;0.77;0.77;19.22;0.95
2022;220;0.79;-999.0;22.21;26.96;17.51;79.07;14.74;0.76;0.76;20.67;1.23
2022;221;0.75;-999.0;22.05;26.53;17.6;79.06;14.62;0.76;0.75;13.3;1.39
2022;222;1.14;-999.0;20.69;25.32;17.51;82.67;14.17;0.75;0.74;16.1;1.82
2022;223;0.21;-999.0;21.36;26.19;16.34;75.83;13.43;0.75;0.74;20.4;1.88
2022;224;27.23;-999.0;21.86;26.09;17.48;78.2;14.34;0.81;0.75;17.07;1.25
2022;225;12.64;-999.0;22.07;25.63;18.78;79.14;14.65;0.81;0.78;13.3;1.05
2022;226;7.31;-999.0;21.44;26.39;18.01;81.6;14.54;0.8;0.78;15.24;1.67
2022;227;7.07;-999.0;21.17;26.02;16.48;79.01;13.84;0.79;0.77;15.53;1.66
2022;228;1.24;-999.0;21.83;27.05;16.58;76.77;13.93;0.78;0.77;20.77;0.87
2022;229;0.12;-999.0;22.93;28.09;17.54;74.49;14.41;0.76;0.76;21.25;0.63
2022;230;1.48;-999.0;23.23;27.81;18.82;73.74;14.65;0.76;0.75;20.0;0.78
2022;231;1.52;-999.0;23.08;28.41;18.12;76.31;14.9;0.75;0.74;20.5;1.08
2022;232;3.46;-999.0;21.49;26.8;17.74;79.61;14.18;0.75;0.74;13.33;2.21
2022;233;0.54;-999.0;21.27;26.19;16.49;77.7;13.69;0.74;0.73;16.1;1.81
2022;234;0.15;-999.0;21.04;26.81;16.9;75.07;12.96;0.73;0.73;14.07;2.13
2022;235;0.41;-999.0;20.78;26.57;15.41;74.12;12.57;0.73;0.72;20.4;1.72
2022;236;0.22;-999.0;21.11;27.08;15.73;74.34;12.78;0.72;0.71;20.66;1.88
2022;237;2.16;-999.0;21.78;26.77;16.73;73.72;13.28;0.72;0.71;16.47;1.63
2022;238;0.67;-999.0;22.25;26.64;17.14;75.81;14.15;0.72;0.7;16.88;1.31
2022;239;0.43;-999.0;22.63;27.4;18.31;73.84;14.03;0.71;0.7;16.78;1.48
2022;240;1.14;-999.0;21.62;26.88;17.54;74.94;13.39;0.71;0.7;15.36;1.46
2022;241;1.8;-999.0;20.9;26.79;15.81;73.16;12.47;0.71;0.69;14.46;2.06
2022;242;1.36;-999.0;21.89;27.32;16.69;73.4;13.27;0.7;0.69;21.04;1.7
2022;243;3.73;-999.0;22.53;27.61;17.27;75.33;14.3;0.71;0.69;15.77;1.31
2022;244;1.03;-999.0;23.25;27.78;19.33;74.08;14.67;0.7;0.69;15.4;0.86
2022;245;3.65;-999.0;23.2;27.6;19.56;78.35;15.5;0.71;0.68;14.24;0.7
2022;246;7.14;-999.0;22.65;26.99;19.17;78.81;15.11;0.72;0.69;17.45;1.71
2022;247;0.91;-999.0;22.17;28.16;17.57;73.08;13.43;0.7;0.69;13.59;2.21
2022;248;0.15;-999.0;22.1;27.83;16.96;71.13;13.05;0.69;0.68;16.1;1.84
2022;249;1.25;-999.0;22.08;27.44;16.82;72.93;13.42;0.69;0.68;16.83;1.72
2022;250;0.33;-999.0;22.63;28.3;17.07;70.97;13.46;0.68;0.67;18.79;1.62
2022;251;0.94;-999.0;23.3;28.13;17.74;69.89;13.83;0.68;0.67;20.76;0.86
2022;252;1.26;-999.0;23.85;28.74;19.62;74.94;15.3;0.68;0.67;15.32;0.52
2022;253;1.82;-999.0;23.58;29.05;19.37;72.65;14.6;0.68;0.66;15.9;1.54
2022;254;0.41;-999.0;23.18;28.5;17.38;69.16;13.52;0.67;0.66;19.72;1.5
2022;255;3.1;-999.0;23.61;28.9;19.24;73.04;14.7;0.67;0.66;18.44;1.0
2022;256;5.81;-999.0;22.92;27.98;18.47;74.79;14.33;0.7;0.66;18.64;0.91
2022;257;4.25;-999.0;23.11;27.43;19.24;75.73;14.8;0.69;0.66;15.74;0.86
2022;258;5.5;-999.0;23.38;28.39;18.37;74.12;14.69;0.7;0.67;19.74;0.88
2022;259;4.43;-999.0;23.05;27.88;19.15;75.14;14.7;0.69;0.67;11.64;1.4
2022;260;1.1;-999.0;22.6;27.87;17.86;70.65;13.36;0.68;0.66;19.21;1.6
2022;261;1.7;-999.0;23.48;28.19;18.31;68.95;13.82;0.67;0.66;16.89;0.82
2022;262;11.93;-999.0;23.01;27.28;19.61;76.39;14.97;0.7;0.66;15.16;0.77
2022;263;14.23;-999.0;23.26;27.87;19.44;77.24;15.27;0.75;0.69;19.23;0.75
2022;264;10.88;-999.0;21.93;24.88;19.75;84.59;15.63;0.74;0.7;17.23;0.57
2022;265;4.19;-999.0;21.71;25.41;19.0;79.85;14.48;0.73;0.7;17.94;1.23
2022;266;7.3;-999.0;22.89;28.13;17.82;75.88;14.64;0.72;0.69;20.97;0.99
2022;267;11.35;-999.0;22.16;26.77;18.56;79.63;14.78;0.75;0.71;17.15;1.58
2022;268;0.46;-999.0;22.37;27.5;17.01;72.84;13.61;0.71;0.7;19.35;1.17
2022;269;0.11;-999.0;23.1;28.23;19.17;73.08;14.32;0.7;0.69;20.16;0.95
2022;270;0.02;-999.0;23.11;28.23;17.66;71.23;13.96;0.69;0.68;18.81;1.36
2022;271;7.1;-999.0;23.17;26.73;18.85;73.02;14.43;0.71;0.67;11.93;0.81
2022;272;2.54;-999.0;23.73;28.37;18.22;69.95;14.15;0.7;0.68;16.37;0.98
2022;273;7.23;-999.0;23.52;28.03;19.65;72.77;14.67;0.71;0.68;14.44;0.94
2022;274;8.88;-999.0;20.82;25.03;18.08;80.01;13.69;0.73;0.69;14.66;1.99
2022;275;0.88;-999.0;21.37;27.28;16.72;74.78;13.09;0.7;0.68;21.08;2.01
2022;276;6.67;-999.0;21.96;27.43;15.93;74.01;13.55;0.71;0.68;21.86;1.63
2022;277;4.82;-999.0;23.02;28.06;18.43;76.44;14.93;0.71;0.68;17.63;1.17
2022;278;18.79;-999.0;21.89;25.17;18.99;83.25;15.32;0.76;0.69;17.26;0.8
2022;279;16.11;-999.0;22.1;25.79;19.9;82.14;15.32;0.77;0.71;14.76;0.76
2022;280;21.43;-999.0;21.52;25.54;18.71;84.49;15.19;0.8;0.73;17.69;0.92
2022;281;9.71;-999.0;21.49;26.2;17.38;78.86;14.09;0.78;0.74;14.15;1.75
2022;282;1.13;-999.0;22.09;26.8;17.35;77.02;14.23;0.75;0.73;16.84;0.87
2022;283;0.9;-999.0;22.71;27.48;18.9;78.14;14.95;0.73;0.72;22.25;1.27
2022;284;0.7;-999.0;22.22;26.93;17.65;77.15;14.36;0.72;0.71;17.03;1.36
2022;285;1.43;-999.0;22.45;27.43;18.12;74.45;14.05;0.71;0.7;14.45;1.19
2022;286;8.98;-999.0;21.48;24.73;19.0;82.16;14.82;0.74;0.7;16.16;1.26
2022;287;1.67;-999.0;22.63;27.76;18.29;79.24;15.15;0.73;0.71;16.47;1.49
2022;288;3.38;-999.0;22.34;26.73;18.7;82.36;15.48;0.72;0.7;14.95;1.25
2022;289;11.0;-999.0;22.63;25.81;19.35;79.47;15.31;0.75;0.71;17.59;1.19
2022;290;7.29;-999.0;22.59;25.96;20.33;80.64;15.52;0.75;0.71;15.59;0.8
2022;291;20.33;-999.0;22.43;26.05;20.16;81.8;15.59;0.79;0.73;14.57;0.83
2022;292;32.43;-999.0;22.87;27.24;19.54;79.93;15.49;0.82;0.75;14.86;0.84
2022;293;27.26;-999.0;21.67;24.44;19.44;83.39;15.15;0.85;0.8;9.0;0.55
2022;294;1.42;-999.0;21.47;25.86;18.93;86.22;15.48;0.79;0.79;17.34;1.36
2022;295;6.26;-999.0;21.81;25.71;18.64;84.99;15.58;0.79;0.78;14.23;0.99
2022;296;20.01;-999.0;21.25;25.33;17.53;84.6;14.92;0.82;0.78;14.17;1.37
2022;297;4.63;-999.0;21.81;26.09;18.82;81.78;14.92;0.8;0.79;10.78;1.14
2022;298;5.28;-999.0;21.67;24.49;18.96;84.18;15.35;0.79;0.78;17.68;0.86
2022;299;10.19;-999.0;22.49;27.26;19.06;83.79;15.97;0.81;0.78;13.14;1.02
2022;300;9.29;-999.0;22.52;27.0;18.78;82.0;15.64;0.8;0.78;16.98;0.89
2022;301;16.27;-999.0;21.34;24.69;18.57;87.85;15.69;0.83;0.79;14.01;0.88
2022;302;1.84;-999.0;22.92;28.42;18.34;78.05;15.2;0.8;0.79;15.74;1.35
2022;303;0.17;-999.0;22.58;27.25;19.44;79.57;15.21;0.78;0.78;18.83;1.41
2022;304;0.08;-999.0;22.0;27.55;17.35;81.11;14.9;0.77;0.77;20.41;1.49
2022;305;0.53;-999.0;22.66;28.02;17.49;78.1;14.91;0.76;0.76;18.89;1.12
2022;306;2.78;-999.0;21.76;26.14;17.88;82.85;15.07;0.76;0.75;12.63;1.85
2022;307;6.02;-999.0;20.74;24.8;17.52;83.95;14.4;0.77;0.75;16.73;1.79
2022;308;12.77;-999.0;21.11;24.38;17.3;78.92;13.83;0.8;0.76;14.86;1.16
2022;309;1.51;-999.0;21.65;24.56;19.68;80.69;14.68;0.77;0.77;14.07;0.76
2022;310;4.46;-999.0;22.32;26.55;19.29;80.82;15.21;0.78;0.76;14.95;0.67
2022;311;33.5;-999.0;21.89;26.13;19.09;83.36;15.35;0.82;0.77;15.06;0.81
2022;312;17.6;-999.0;22.14;25.91;19.15;82.16;15.37;0.84;0.81;15.2;0.75
2022;313;25.53;-999.0;21.8;25.54;18.46;83.94;15.36;0.86;0.83;16.07;0.8
2022;314;3.07;-999.0;20.85;23.83;18.52;86.29;14.93;0.83;0.83;15.25;0.61
2022;315;16.98;-999.0;20.8;25.53;16.81;85.93;14.79;0.84;0.82;15.29;1.58
2022;316;16.93;-999.0;21.8;26.01;17.37;81.47;14.89;0.85;0.83;12.7;0.94
2022;317;4.52;-999.0;22.61;27.07;19.03;83.55;16.04;0.84;0.84;16.7;1.04
2022;318;2.98;-999.0;22.24;26.27;19.51;81.99;15.4;0.82;0.82;16.86;1.16
2022;319;5.99;-999.0;22.23;26.26;18.61;83.6;15.7;0.83;0.82;13.35;1.24
2022;320;9.94;-999.0;22.21;25.83;19.06;83.4;15.65;0.82;0.82;15.47;1.32
2022;321;7.45;-999.0;22.22;25.81;18.91;81.99;15.41;0.83;0.82;13.55;0.91
2022;322;7.78;-999.0;20.76;23.09;18.75;88.65;15.31;0.83;0.82;12.61;0.99
2022;323;0.54;-999.0;21.74;25.41;18.17;83.9;15.32;0.81;0.82;15.28;0.74
2022;324;14.53;-999.0;22.21;26.19;19.27;82.41;15.54;0.83;0.82;15.09;0.83
2022;325;4.18;-999.0;22.81;27.36;19.32;83.42;16.28;0.83;0.83;15.93;1.41
2022;326;3.13;-999.0;21.6;24.95;19.61;87.91;16.02;0.82;0.82;12.47;0.97
2022;327;1.05;-999.0;21.3;24.27;19.4;84.97;15.14;0.81;0.82;15.99;1.0
2022;328;1.81;-999.0;21.15;24.01;19.03;86.48;15.31;0.82;0.81;15.59;0.74
2022;329;1.09;-999.0;21.46;25.55;18.79;84.18;15.08;0.81;0.81;16.76;0.8
2022;330;2.09;-999.0;21.35;24.75;18.99;86.42;15.45;0.81;0.81;14.18;1.06
2022;331;9.06;-999.0;21.4;24.87;19.48;85.84;15.34;0.82;0.81;11.73;0.9
2022;332;14.28;-999.0;20.58;23.38;18.44;87.69;14.99;0.84;0.82;12.64;1.03
2022;333;8.56;-999.0;20.94;25.4;17.87;83.33;14.45;0.84;0.83;13.68;1.19
2022;334;3.79;-999.0;21.23;26.27;17.57;84.11;14.9;0.82;0.83;13.12;2.06
2022;335;2.39;-999.0;20.95;26.66;16.65;84.1;14.64;0.82;0.82;17.16;1.93
2022;336;2.96;-999.0;21.04;26.39;16.7;82.99;14.46;0.81;0.81;19.54;1.52
2022;337;1.69;-999.0;21.16;25.75;16.48;81.13;14.22;0.8;0.8;15.55;1.28
2022;338;11.1;-999.0;21.23;24.83;18.59;84.64;15.01;0.83;0.81;10.68;1.26
2022;339;1.97;-999.0;21.17;25.37;17.09;80.95;14.33;0.81;0.81;14.7;0.86
2022;340;5.32;-999.0;21.81;26.44;18.5;81.19;14.79;0.81;0.81;14.09;1.22
2022;341;4.11;-999.0;21.44;25.91;17.34;82.3;14.64;0.81;0.8;12.91;1.01
2022;342;1.76;-999.0;21.65;26.02;18.31;82.64;14.91;0.8;0.8;12.41;1.16
2022;343;0.93;-999.0;21.37;26.08;17.8;81.44;14.47;0.79;0.79;17.07;0.84
2022;344;1.43;-999.0;21.34;25.73;18.28;83.97;14.94;0.79;0.79;13.52;0.83
2022;345;4.43;-999.0;20.99;24.85;18.48;86.69;15.14;0.8;0.79;14.65;0.72
2022;346;4.84;-999.0;21.69;25.05;19.09;81.57;14.91;0.81;0.79;16.0;0.41
2022;347;0.81;-999.0;21.69;26.04;18.12;82.69;14.99;0.79;0.79;14.11;0.75
2022;348;1.32;-999.0;21.67;26.15;17.69;81.99;14.89;0.79;0.78;15.08;1.5
2022;349;0.64;-999.0;21.93;26.1;18.45;82.49;15.22;0.78;0.78;16.72;1.19
2022;350;0.85;-999.0;22.82;27.73;18.71;75.85;14.67;0.78;0.77;19.76;0.79
2022;351;4.26;-999.0;22.51;26.87;19.21;81.27;15.51;0.78;0.77;17.55;0.65
2022;352;2.84;-999.0;21.71;25.46;19.25;80.93;14.75;0.78;0.77;15.44;1.03
2022;353;0.46;-999.0;22.34;27.55;17.21;74.81;13.95;0.77;0.77;16.92;1.01
2022;354;0.0;-999.0;22.15;26.83;18.77;77.89;14.42;0.76;0.76;19.13;1.06
2022;355;0.4;-999.0;21.81;26.71;17.13;77.6;14.11;0.76;0.75;17.21;0.72
2022;356;0.22;-999.0;22.47;27.41;18.2;78.29;14.82;0.75;0.75;17.75;0.69
2022;357;8.63;-999.0;21.98;26.24;18.85;81.2;15.03;0.77;0.75;16.98;0.71
2022;358;3.74;-999.0;21.67;26.0;18.87;79.89;14.43;0.78;0.75;13.05;1.05
2022;359;8.93;-999.0;22.12;26.64;18.58;79.84;14.9;0.78;0.75;17.8;1.08
2022;360;19.56;-999.0;20.82;24.51;18.33;83.63;14.4;0.82;0.77;14.07;0.61
2022;361;2.13;-999.0;21.38;26.2;16.7;77.2;13.72;0.79;0.78;14.55;0.64
2022;362;3.15;-999.0;21.45;25.78;18.63;82.58;14.8;0.79;0.78;18.68;0.69
2022;363;2.23;-999.0;21.32;25.59;18.66;84.18;14.93;0.79;0.77;18.74;1.14
2022;364;0.67;-999.0;22.31;27.62;17.52;80.28;15.03;0.77;0.77;18.47;1.08
2022;365;8.63;-999.0;21.96;26.02;18.98;83.31;15.34;0.8;0.77;12.36;0.83
2023;1;2.55;-999.0;21.24;24.67;17.93;81.42;14.35;0.78;0.77;11.11;0.93
2023;2;4.5;-999.0;21.46;25.34;18.69;83.28;14.89;0.79;0.77;15.25;1.2
2023;3;3.58;-999.0;20.85;24.85;18.04;83.44;14.3;0.78;0.77;11.98;1.35
2023;4;1.24;-999.0;20.25;25.42;16.35;82.51;13.59;0.77;0.76;14.39;1.63
2023;5;1.05;-999.0;21.15;25.91;15.54;77.84;13.54;0.76;0.75;13.65;0.97
2023;6;12.93;-999.0;20.93;24.2;18.73;83.71;14.55;0.8;0.76;14.29;1.09
2023;7;7.53;-999.0;20.53;24.78;17.84;84.18;14.19;0.79;0.77;12.6;0.88
2023;8;5.27;-999.0;20.88;24.67;17.68;83.84;14.47;0.79;0.77;11.62;0.7
2023;9;11.25;-999.0;21.37;25.73;17.98;80.76;14.32;0.8;0.77;13.55;0.85
2023;10;28.98;-999.0;20.9;24.63;18.35;83.0;14.4;0.85;0.8;12.83;0.88
2023;11;14.14;-999.0;21.07;24.82;18.42;84.04;14.69;0.83;0.81;13.86;1.3
2023;12;8.01;-999.0;21.18;25.74;17.74;80.54;14.13;0.83;0.82;12.09;0.72
2023;13;9.94;-999.0;21.68;26.38;17.6;79.36;14.39;0.82;0.81;16.02;0.78
2023;14;18.7;-999.0;21.54;26.16;18.54;82.53;14.85;0.85;0.83;16.22;1.06
2023;15;10.33;-999.0;21.16;25.04;18.32;81.47;14.27;0.83;0.83;15.93;0.85
2023;16;3.26;-999.0;21.23;25.3;18.35;84.28;14.9;0.83;0.83;14.92;0.65
2023;17;5.93;-999.0;20.52;23.45;18.63;86.62;14.74;0.83;0.82;15.86;0.99
2023;18;10.64;-999.0;21.21;25.41;18.09;81.07;14.31;0.83;0.82;13.07;0.78
2023;19;24.8;-999.0;20.82;25.51;16.38;83.28;14.32;0.87;0.84;14.33;0.98
2023;20;9.04;-999.0;21.3;24.95;18.38;80.23;14.25;0.86;0.85;15.79;0.76
2023;21;10.5;-999.0;20.67;24.12;17.69;83.85;14.31;0.85;0.85;14.51;0.72
2023;22;4.56;-999.0;20.75;24.6;18.27;82.93;14.22;0.84;0.84;15.1;0.72
2023;23;1.74;-999.0;21.27;25.73;16.92;80.43;14.18;0.83;0.84;15.23;1.03
2023;24;0.15;-999.0;20.98;25.39;17.08;82.13;14.24;0.82;0.83;13.92;1.42
2023;25;0.03;-999.0;21.41;26.23;16.6;78.14;13.89;0.82;0.82;21.11;1.12
2023;26;0.07;-999.0;22.21;27.18;17.97;74.88;13.9;0.81;0.81;21.84;0.76
2023;27;0.08;-999.0;21.99;27.1;18.18;74.28;13.62;0.8;0.81;21.71;0.68
2023;28;0.01;-999.0;21.65;27.53;16.53;76.18;13.58;0.8;0.8;23.1;0.78
2023;29;2.2;-999.0;20.79;26.06;15.94;76.91;13.09;0.79;0.79;22.2;1.29
2023;30;4.22;-999.0;21.26;27.07;16.13;77.43;13.69;0.8;0.79;20.29;1.1
2023;31;0.1;-999.0;21.3;26.91;15.7;79.91;14.1;0.79;0.79;21.02;1.55
2023;32;0.0;-999.0;21.86;27.41;17.15;76.85;13.91;0.78;0.78;22.15;1.21
2023;33;2.23;-999.0;21.74;27.1;16.95;76.97;13.85;0.78;0.77;19.47;1.1
2023;34;0.51;-999.0;21.35;26.32;16.6;74.62;13.13;0.77;0.77;18.75;1.26
2023;35;0.08;-999.0;21.89;26.95;17.4;75.94;13.8;0.77;0.76;17.04;0.79
2023;36;0.03;-999.0;21.88;26.76;17.33;78.99;14.35;0.76;0.76;19.87;1.17
2023;37;0.04;-999.0;22.07;27.66;17.64;78.83;14.47;0.76;0.75;16.14;0.91
2023;38;0.02;-999.0;22.42;26.79;17.63;78.66;14.84;0.76;0.75;20.39;0.87
2023;39;3.03;-999.0;22.37;25.97;18.9;79.43;14.98;0.76;0.74;19.04;0.89
2023;40;5.25;-999.0;22.71;26.84;19.26;79.52;15.31;0.77;0.75;17.18;0.78
2023;41;1.24;-999.0;22.85;27.14;19.45;80.55;15.63;0.76;0.75;18.53;0.83
2023;42;1.47;-999.0;22.48;26.51;19.73;83.95;16.01;0.76;0.74;16.49;0.59
2023;43;1.68;-999.0;22.77;27.53;19.37;82.11;15.85;0.76;0.74;11.77;0.76
2023;44;1.15;-999.0;22.35;26.15;19.36;83.06;15.7;0.75;0.74;15.73;1.02
2023;45;0.96;-999.0;22.82;27.28;19.62;82.96;16.12;0.75;0.74;12.75;0.78
2023;46;3.41;-999.0;22.45;26.19;19.57;84.4;16.08;0.76;0.74;16.37;0.89
2023;47;6.66;-999.0;22.12;25.85;19.76;85.49;16.0;0.77;0.74;13.2;0.9
2023;48;8.38;-999.0;22.65;27.35;18.18;81.78;15.72;0.77;0.74;18.14;0.99
2023;49;8.88;-999.0;20.35;22.79;17.95;85.97;14.47;0.8;0.76;14.14;0.93
2023;50;5.51;-999.0;21.86;26.82;17.13;77.15;14.03;0.78;0.76;16.57;0.85
2023;51;8.72;-999.0;22.1;26.68;17.95;79.19;14.62;0.79;0.76;13.35;0.99
2023;52;8.46;-999.0;21.5;25.46;18.98;84.3;15.11;0.79;0.77;11.49;1.05
2023;53;7.29;-999.0;20.47;24.31;17.31;81.07;13.55;0.8;0.77;9.2;1.21
2023;54;0.02;-999.0;22.23;27.79;16.53;74.48;13.78;0.77;0.76;20.61;1.09
2023;55;0.2;-999.0;22.88;27.94;18.44;77.34;14.89;0.76;0.75;18.99;0.8
2023;56;0.25;-999.0;22.41;27.44;18.94;79.72;15.01;0.76;0.74;19.05;0.72
2023;57;0.06;-999.0;23.03;28.17;18.17;77.8;15.16;0.75;0.74;18.73;0.77
2023;58;1.7;-999.0;23.2;27.38;19.62;79.33;15.7;0.75;0.73;18.95;0.76
2023;59;1.05;-999.0;23.4;27.91;19.69;78.66;15.77;0.74;0.73;21.02;1.48
2023;60;2.79;-999.0;22.98;26.94;19.37;81.31;15.98;0.74;0.73;15.95;0.89
2023;61;5.39;-999.0;23.63;28.03;20.19;81.58;16.6;0.76;0.73;14.81;0.66
2023;62;1.49;-999.0;24.12;28.69;20.12;79.55;16.66;0.75;0.73;14.5;0.9
2023;63;18.33;-999.0;22.5;24.99;20.6;85.56;16.45;0.79;0.74;13.47;1.0
2023;64;5.95;-999.0;22.61;26.21;19.81;83.56;16.09;0.78;0.75;11.91;1.09
2023;65;7.78;-999.0;23.04;26.98;20.06;82.38;16.22;0.78;0.75;16.35;0.79
2023;66;5.98;-999.0;21.9;25.81;19.31;85.68;15.79;0.78;0.76;14.23;0.7
2023;67;8.71;-999.0;21.55;23.19;20.12;85.35;15.5;0.79;0.76;12.21;0.65
2023;68;8.77;-999.0;21.63;25.43;19.44;84.22;15.23;0.8;0.77;9.87;0.77
2023;69;14.67;-999.0;22.22;26.46;19.31;81.38;15.26;0.81;0.77;13.05;0.68
2023;70;13.64;-999.0;22.42;27.22;19.14;78.25;14.62;0.83;0.79;8.52;0.8
2023;71;16.75;-999.0;21.86;25.15;19.38;81.85;15.01;0.82;0.79;13.31;0.51
2023;72;9.38;-999.0;22.04;25.81;19.54;83.41;15.43;0.83;0.81;10.87;0.69
2023;73;16.45;-999.0;22.3;26.37;18.74;81.17;15.19;0.84;0.81;13.64;0.8
2023;74;20.65;-999.0;21.85;25.6;19.14;81.99;15.02;0.86;0.83;13.41;0.75
2023;75;1.95;-999.0;22.29;26.64;18.89;79.79;14.96;0.82;0.82;14.08;1.05
2023;76;1.06;-999.0;22.78;27.48;19.11;79.31;15.27;0.81;0.81;15.11;0.8
2023;77;7.36;-999.0;23.1;27.57;19.72;78.71;15.39;0.82;0.8;13.09;0.88
2023;78;3.75;-999.0;22.14;26.0;19.44;80.62;15.03;0.81;0.8;17.41;0.49
2023;79;1.64;-999.0;22.17;27.83;17.83;79.13;14.67;0.8;0.8;19.78;1.39
2023;80;0.02;-999.0;22.65;28.16;17.14;78.01;14.84;0.79;0.79;18.99;1.08
2023;81;3.06;-999.0;22.39;26.3;18.79;81.79;15.52;0.79;0.78;16.79;1.37
2023;82;7.04;-999.0;22.14;25.84;19.39;81.15;15.13;0.81;0.79;13.54;0.66
2023;83;2.63;-999.0;22.55;26.34;19.51;78.31;15.03;0.79;0.79;8.61;0.94
2023;84;7.18;-999.0;21.62;25.08;18.95;82.42;14.92;0.81;0.79;12.54;0.78
2023;85;1.98;-999.0;21.37;25.27;18.48;85.17;15.19;0.8;0.79;11.98;1.11
2023;86;16.29;-999.0;22.35;26.08;18.87;83.13;15.69;0.83;0.79;12.79;0.97
2023;87;5.69;-999.0;22.04;26.57;18.26;83.15;15.39;0.81;0.8;18.09;1.27
2023;88;11.82;-999.0;21.47;25.31;18.45;81.68;14.66;0.83;0.81;11.06;1.2
2023;89;0.66;-999.0;22.73;27.14;18.86;78.21;15.06;0.8;0.8;17.34;0.86
2023;90;9.04;-999.0;22.83;27.1;19.4;81.52;15.85;0.81;0.8;14.15;1.26
2023;91;20.96;-999.0;21.84;25.41;18.98;86.9;15.99;0.85;0.82;14.39;1.04
2023;92;6.07;-999.0;22.25;26.8;18.35;83.24;15.62;0.83;0.82;11.53;1.49
2023;93;4.02;-999.0;22.54;27.1;18.23;81.9;15.67;0.82;0.81;19.68;1.4
2023;94;5.56;-999.0;22.1;25.47;19.29;85.18;15.96;0.82;0.81;11.62;1.1
2023;95;7.27;-999.0;22.38;26.37;19.11;82.83;15.74;0.81;0.81;17.41;1.15
2023;96;18.76;-999.0;21.87;24.56;19.85;84.86;15.67;0.86;0.83;11.81;1.2
2023;97;6.79;-999.0;22.14;25.92;18.86;81.44;15.23;0.83;0.83;15.16;1.19
2023;98;5.29;-999.0;21.67;24.98;18.98;83.78;15.23;0.83;0.83;16.46;0.99
2023;99;1.14;-999.0;21.06;24.9;18.29;84.72;14.83;0.82;0.82;17.4;1.74
2023;100;0.85;-999.0;21.88;26.61;17.65;80.48;14.74;0.81;0.81;16.24;1.6
2023;101;7.81;-999.0;22.54;27.19;17.55;80.67;15.45;0.82;0.81;17.48;1.16
2023;102;4.44;-999.0;22.77;26.78;19.5;82.42;15.98;0.82;0.81;16.05;1.24
2023;103;0.23;-999.0;22.35;26.17;19.56;83.83;15.87;0.81;0.8;13.78;0.85
2023;104;1.11;-999.0;22.9;27.2;19.54;81.41;15.95;0.8;0.8;11.56;0.9
2023;105;7.15;-999.0;22.37;25.68;19.28;85.62;16.26;0.81;0.8;16.9;1.37
2023;106;30.09;-999.0;21.6;24.49;19.04;85.99;15.6;0.87;0.83;8.78;1.13
2023;107;6.44;-999.0;22.06;25.99;18.68;82.44;15.34;0.84;0.84;14.8;0.88
2023;108;5.39;-999.0;22.36;27.34;17.96;81.33;15.28;0.83;0.83;17.17;0.82
2023;109;0.18;-999.0;23.14;28.25;18.08;79.55;15.71;0.82;0.82;18.25;0.99
2023;110;12.36;-999.0;22.1;25.27;19.28;84.67;15.81;0.84;0.82;11.23;1.2
2023;111;2.99;-999.0;22.99;26.71;19.42;79.22;15.58;0.82;0.82;12.82;1.11
2023;112;5.98;-999.0;22.06;25.86;19.46;81.8;15.2;0.83;0.82;11.85;0.82
2023;113;1.11;-999.0;22.88;26.71;19.76;76.47;14.93;0.82;0.82;16.67;0.8
2023;114;4.47;-999.0;21.37;24.73;19.28;85.59;15.26;0.82;0.81;16.83;0.88
2023;115;4.14;-999.0;22.16;26.17;18.58;82.0;15.37;0.82;0.82;15.45;0.69
2023;116;1.82;-999.0;20.96;23.48;18.43;85.65;14.88;0.82;0.81;12.24;0.79
2023;117;20.5;-999.0;22.45;26.71;18.48;82.02;15.56;0.84;0.81;14.57;1.27
2023;118;11.48;-999.0;22.67;26.7;18.67;82.07;15.82;0.85;0.84;17.46;1.04
2023;119;4.72;-999.0;21.89;26.42;18.74;82.59;15.14;0.83;0.83;14.88;2.07
2023;120;1.39;-999.0;21.95;26.71;16.97;81.76;15.13;0.82;0.82;13.93;1.68
2023;121;0.84;-999.0;22.01;26.38;18.04;84.06;15.6;0.81;0.81;17.72;1.69
2023;122;0.29;-999.0;22.04;26.89;17.32;83.01;15.44;0.81;0.8;19.34;1.69
2023;123;2.64;-999.0;22.21;27.11;18.0;82.36;15.46;0.81;0.8;20.71;1.98
2023;124;0.41;-999.0;22.39;27.36;17.56;81.99;15.52;0.8;0.79;23.83;1.84
2023;125;0.2;-999.0;23.05;27.95;19.22;81.61;16.09;0.79;0.78;18.63;1.78
2023;126;1.59;-999.0;22.86;28.26;18.88;79.71;15.49;0.79;0.78;19.44;1.84
2023;127;0.22;-999.0;22.65;28.23;17.56;79.05;15.14;0.78;0.77;23.3;1.8
2023;128;0.27;-999.0;22.91;28.17;18.41;79.83;15.59;0.77;0.77;18.2;1.86
2023;129;10.3;-999.0;21.97;26.64;19.05;84.0;15.56;0.79;0.76;20.28;2.47
2023;130;11.09;-999.0;21.8;25.66;18.11;82.28;15.08;0.81;0.78;10.75;1.67
2023;131;6.75;-999.0;22.75;26.63;19.52;81.8;15.82;0.81;0.79;16.19;1.03
2023;132;1.16;-999.0;22.73;26.51;19.03;80.96;15.63;0.79;0.78;17.58;0.84
2023;133;5.16;-999.0;22.2;25.74;19.67;84.92;15.96;0.8;0.78;17.03;1.64
2023;134;2.6;-999.0;21.43;24.25;19.74;88.29;15.86;0.8;0.78;15.26;1.73
2023;135;1.3;-999.0;22.03;25.97;18.97;85.63;15.91;0.79;0.78;13.92;1.58
2023;136;7.12;-999.0;21.96;26.07;18.37;84.42;15.57;0.8;0.78;15.81;1.4
2023;137;4.64;-999.0;23.27;27.91;19.14;78.46;15.62;0.8;0.78;15.89;0.64
2023;138;0.03;-999.0;23.38;28.23;19.27;80.54;16.18;0.78;0.77;21.55;1.34
2023;139;1.05;-999.0;23.36;26.97;20.17;82.6;16.66;0.78;0.77;16.28;1.0
2023;140;6.89;-999.0;23.29;27.28;19.95;83.06;16.67;0.79;0.77;10.83;1.52
2023;141;5.1;-999.0;23.92;27.39;19.51;76.2;15.85;0.79;0.77;13.16;1.24
2023;142;9.03;-999.0;23.67;27.38;19.9;80.24;16.5;0.8;0.77;13.07;0.69
2023;143;5.82;-999.0;22.85;26.38;20.31;81.8;15.91;0.81;0.78;13.23;0.44
2023;144;4.93;-999.0;22.89;26.65;20.48;83.08;16.33;0.79;0.78;18.43;0.76
2023;145;11.13;-999.0;21.43;24.72;19.52;87.54;15.72;0.82;0.79;17.21;1.41
2023;146;8.54;-999.0;22.04;26.26;17.52;80.54;14.91;0.81;0.79;8.55;1.33
2023;147;7.95;-999.0;22.27;26.22;18.34;84.14;15.87;0.81;0.79;18.44;1.2
2023;148;2.86;-999.0;22.5;26.8;18.52;84.18;16.07;0.8;0.79;17.16;1.31
2023;149;16.36;-999.0;22.86;27.25;18.46;83.2;16.23;0.82;0.78;18.29;1.24
2023;150;5.68;-999.0;22.8;27.2;19.57;81.14;15.72;0.82;0.8;15.32;1.65
2023;151;9.64;-999.0;22.14;26.5;18.65;83.07;15.51;0.81;0.79;18.7;1.56
2023;152;7.95;-999.0;21.14;25.43;18.01;85.85;15.1;0.82;0.8;13.83;1.94
2023;153;1.78;-999.0;21.17;26.21;17.82;82.4;14.43;0.8;0.79;17.59;2.17
2023;154;0.13;-999.0;21.06;25.91;16.36;80.57;14.06;0.79;0.78;22.91;1.76
2023;155;0.32;-999.0;21.65;26.56;16.96;80.45;14.53;0.78;0.77;18.94;1.88
2023;156;1.74;-999.0;21.81;26.61;17.93;81.58;14.9;0.78;0.77;17.24;1.72
2023;157;5.55;-999.0;21.45;26.15;17.1;82.09;14.67;0.78;0.76;16.14;1.88
2023;158;2.05;-999.0;21.61;26.28;17.56;82.93;14.96;0.78;0.76;17.4;1.87
2023;159;14.26;-999.0;21.4;26.18;17.99;82.95;14.79;0.8;0.76;16.35;2.17
2023;160;7.81;-999.0;21.93;26.63;17.3;81.46;15.0;0.8;0.78;16.57;1.6
2023;161;1.61;-999.0;22.53;27.07;17.96;79.17;15.09;0.78;0.77;16.89;1.32
2023;162;2.67;-999.0;22.66;27.23;18.66;79.83;15.32;0.78;0.77;17.45;1.27
2023;163;0.23;-999.0;22.32;27.42;18.25;78.09;14.63;0.77;0.76;21.6;1.59
2023;164;1.01;-999.0;22.26;27.69;17.11;78.07;14.64;0.76;0.75;22.13;1.83
2023;165;2.48;-999.0;21.44;26.12;18.05;80.77;14.44;0.76;0.75;15.27;2.27
2023;166;0.96;-999.0;21.37;26.55;17.14;77.26;13.71;0.76;0.74;15.26;2.17
2023;167;1.0;-999.0;21.61;26.78;17.55;79.67;14.34;0.75;0.74;14.35;2.1
2023;168;0.3;-999.0;21.46;26.8;17.66;78.65;14.0;0.74;0.73;16.16;2.35
2023;169;0.17;-999.0;21.03;26.5;17.0;77.37;13.45;0.74;0.73;21.55;2.45
2023;170;0.08;-999.0;21.36;27.34;16.09;77.21;13.67;0.73;0.72;24.29;2.47
2023;171;0.18;-999.0;22.25;27.97;17.14;77.81;14.61;0.73;0.71;21.35;2.07
2023;172;1.37;-999.0;22.52;27.36;18.51;80.06;15.32;0.73;0.71;18.53;1.89
2023;173;4.36;-999.0;22.49;26.59;18.46;81.54;15.57;0.74;0.71;16.05;1.64
2023;174;8.34;-999.0;22.83;27.38;19.06;80.01;15.52;0.75;0.72;14.66;1.45
2023;175;7.84;-999.0;21.99;27.05;18.2;80.01;14.7;0.76;0.73;16.19;1.78
2023;176;12.45;-999.0;21.24;26.04;16.9;79.89;14.01;0.77;0.73;15.55;1.68
2023;177;2.56;-999.0;21.65;26.86;16.29;79.39;14.32;0.76;0.74;15.52;1.6
2023;178;2.36;-999.0;22.15;27.09;17.3;79.99;14.93;0.75;0.73;17.01;1.42
2023;179;1.89;-999.0;22.18;27.21;17.51;80.07;14.93;0.74;0.72;17.79;1.73
2023;180;0.83;-999.0;22.54;28.01;18.23;78.8;14.98;0.73;0.72;21.97;2.28
2023;181;0.2;-999.0;21.94;27.43;17.69;75.59;13.83;0.72;0.71;17.94;2.53
2023;182;5.48;-999.0;22.42;27.79;17.56;78.2;14.8;0.73;0.71;17.03;1.96
2023;183;8.01;-999.0;21.17;25.56;17.75;84.9;14.99;0.75;0.71;14.64;1.62
2023;184;8.35;-999.0;22.36;26.79;17.9;79.52;15.03;0.75;0.72;15.14;1.39
2023;185;10.65;-999.0;22.87;26.88;19.22;79.26;15.41;0.77;0.73;14.3;0.87
2023;186;5.59;-999.0;22.79;27.32;18.52;79.6;15.38;0.76;0.73;15.04;1.04
2023;187;8.99;-999.0;22.59;27.02;18.42;81.52;15.65;0.76;0.73;14.19;1.4
2023;188;9.28;-999.0;22.98;27.02;18.92;79.49;15.58;0.77;0.74;10.09;0.88
2023;189;3.28;-999.0;22.15;26.6;17.98;80.63;15.03;0.76;0.74;15.61;1.31
2023;190;0.42;-999.0;21.79;27.54;17.02;75.85;13.77;0.74;0.73;16.99;1.9
2023;191;0.82;-999.0;22.06;27.35;16.58;76.56;14.22;0.73;0.72;16.19;1.84
2023;192;0.06;-999.0;22.81;28.01;17.88;77.04;14.9;0.72;0.71;18.7;1.53
2023;193;0.12;-999.0;22.42;27.11;17.7;78.76;14.89;0.72;0.7;14.93;1.38
2023;194;2.13;-999.0;23.15;28.62;17.56;75.75;14.96;0.72;0.7;20.39;1.18
2023;195;2.91;-999.0;22.88;27.58;19.06;78.84;15.36;0.72;0.7;14.83;1.34
2023;196;1.06;-999.0;22.73;27.99;18.13;76.02;14.63;0.71;0.69;17.0;1.91
2023;197;5.57;-999.0;22.55;28.41;17.85;76.73;14.56;0.72;0.69;18.06;1.84
2023;198;3.87;-999.0;21.58;27.2;18.16;76.79;13.64;0.72;0.69;16.76;2.3
2023;199;0.06;-999.0;21.6;27.78;17.22;73.45;13.02;0.7;0.69;17.44;2.49
2023;200;0.38;-999.0;22.16;28.66;16.7;74.67;13.81;0.7;0.68;19.34;2.41
2023;201;0.51;-999.0;22.58;28.69;17.29;72.37;13.71;0.69;0.68;22.36;2.34
2023;202;0.85;-999.0;23.05;28.29;18.49;76.99;15.05;0.69;0.67;14.5;1.65
2023;203;0.23;-999.0;23.31;28.77;19.68;72.99;14.41;0.68;0.67;16.82;1.93
2023;204;0.52;-999.0;22.98;28.51;17.64;73.28;14.26;0.68;0.66;16.06;1.42
2023;205;7.97;-999.0;22.79;27.44;18.45;77.59;14.99;0.7;0.66;16.19;1.53
2023;206;9.03;-999.0;22.26;27.77;17.9;81.68;15.26;0.72;0.68;17.59;1.48
2023;207;3.9;-999.0;23.45;27.72;18.9;76.93;15.4;0.71;0.68;15.72;0.85
2023;208;4.83;-999.0;23.74;28.42;19.76;76.99;15.67;0.71;0.68;17.44;1.14
2023;209;1.01;-999.0;23.82;29.04;19.29;74.6;15.27;0.69;0.68;20.11;1.43
2023;210;0.24;-999.0;23.67;29.33;19.16;74.76;15.11;0.68;0.67;17.68;1.83
2023;211;2.4;-999.0;23.07;28.55;18.93;73.34;14.27;0.68;0.66;15.46;2.0
2023;212;0.76;-999.0;22.54;28.58;17.98;72.13;13.49;0.67;0.66;15.12;2.2
2023;213;0.27;-999.0;22.11;28.36;17.68;68.36;12.46;0.66;0.66;14.09;2.37
2023;214;1.41;-999.0;21.89;28.46;16.9;69.0;12.41;0.66;0.65;18.23;2.17
2023;215;0.08;-999.0;21.77;28.84;15.71;67.61;12.06;0.65;0.65;18.67;1.9
2023;216;1.16;-999.0;22.29;29.41;16.4;68.38;12.55;0.65;0.64;22.73;2.03
2023;217;0.78;-999.0;22.97;29.47;16.83;72.12;13.87;0.65;0.64;20.28;1.79
2023;218;0.26;-999.0;23.88;29.74;18.25;68.94;14.05;0.64;0.64;14.4;1.91
2023;219;0.92;-999.0;24.09;29.85;19.5;69.93;14.49;0.64;0.64;14.62;1.83
2023;220;0.09;-999.0;24.33;31.11;18.59;66.8;13.87;0.63;0.63;22.76;1.82
2023;221;0.32;-999.0;23.78;29.58;19.34;68.08;13.8;0.63;0.63;14.37;1.71
2023;222;0.8;-999.0;23.83;30.64;17.53;67.81;13.69;0.63;0.63;20.37;1.43
2023;223;1.02;-999.0;23.98;30.49;19.5;66.5;13.44;0.62;0.62;16.09;1.71
2023;224;1.97;-999.0;23.74;29.67;18.01;67.71;13.73;0.62;0.62;16.69;1.2
2023;225;0.59;-999.0;23.99;29.18;18.99;68.28;13.96;0.62;0.62;11.68;1.08
2023;226;14.56;-999.0;23.72;30.45;18.38;68.71;13.83;0.67;0.63;20.65;1.67
2023;227;3.37;-999.0;22.85;27.84;17.87;74.37;14.3;0.67;0.65;16.42;1.69
2023;228;4.52;-999.0;23.23;28.8;17.7;74.13;14.54;0.66;0.64;16.82;1.39
2023;229;1.49;-999.0;24.32;29.47;18.83;71.45;14.9;0.65;0.64;19.15;1.05
2023;230;1.04;-999.0;24.7;29.56;20.35;73.28;15.81;0.64;0.64;16.05;0.74
2023;231;11.56;-999.0;24.76;29.15;20.91;76.95;16.77;0.67;0.64;15.9;0.75
2023;232;8.12;-999.0;24.99;29.21;21.06;73.68;16.16;0.69;0.65;14.7;0.7
2023;233;32.17;-999.0;24.08;27.92;21.08;80.34;16.88;0.74;0.66;13.46;0.77
2023;234;10.38;-999.0;23.96;27.85;20.29;78.7;16.34;0.75;0.71;11.86;1.05
2023;235;1.57;-999.0;24.06;28.78;18.88;72.67;15.03;0.7;0.69;19.37;0.96
2023;236;9.9;-999.0;23.85;28.14;19.68;78.75;16.2;0.72;0.68;15.5;0.93
2023;237;2.43;-999.0;23.82;28.53;19.63;76.11;15.58;0.7;0.68;18.06;1.07
2023;238;0.06;-999.0;23.72;28.93;19.08;73.05;14.87;0.68;0.67;24.99;1.43
2023;239;0.0;-999.0;22.97;29.74;16.98;68.71;13.15;0.67;0.66;23.29;1.6
2023;240;0.21;-999.0;23.29;29.54;17.59;68.97;13.62;0.66;0.65;21.67;1.74
2023;241;0.29;-999.0;23.68;30.28;17.91;68.12;13.67;0.65;0.64;22.56;1.39
2023;242;0.21;-999.0;23.68;30.49;17.94;66.83;13.39;0.64;0.64;21.66;2.13
2023;243;0.03;-999.0;23.9;30.63;18.29;66.09;13.45;0.63;0.63;20.96;2.02
2023;244;7.11;-999.0;24.31;30.8;18.32;69.24;14.48;0.65;0.63;23.72;1.58
2023;245;3.18;-999.0;23.26;27.31;19.88;75.13;14.91;0.66;0.64;18.64;1.28
2023;246;16.17;-999.0;24.42;29.07;19.9;72.68;15.48;0.7;0.65;16.43;0.92
2023;247;3.9;-999.0;24.17;28.91;19.96;73.99;15.42;0.69;0.66;16.99;1.06
2023;248;0.42;-999.0;23.91;29.47;19.23;71.21;14.63;0.66;0.65;16.64;1.7
2023;249;0.03;-999.0;23.72;29.83;18.52;69.15;13.99;0.65;0.64;23.04;1.79
2023;250;0.93;-999.0;24.28;29.99;18.39;68.16;14.34;0.64;0.63;18.23;1.47
2023;251;0.52;-999.0;24.79;29.98;19.17;69.69;15.03;0.64;0.63;19.14;1.04
2023;252;1.84;-999.0;24.59;29.34;20.78;71.51;15.31;0.63;0.63;15.9;1.09
2023;253;8.24;-999.0;23.84;29.44;18.97;72.86;14.85;0.67;0.63;15.18;1.53
2023;254;0.19;-999.0;23.75;30.3;17.42;65.79;13.18;0.64;0.63;22.49;1.67
2023;255;0.5;-999.0;24.51;30.31;18.09;63.93;13.55;0.62;0.62;21.08;1.48
2023;256;0.12;-999.0;25.24;30.74;19.75;67.71;14.98;0.62;0.62;18.39;1.02
2023;257;2.73;-999.0;24.85;30.85;20.18;67.55;14.54;0.62;0.62;16.48;1.61
2023;258;1.36;-999.0;23.66;30.65;18.57;66.99;13.3;0.62;0.62;16.43;2.06
2023;259;1.2;-999.0;24.24;30.92;17.21;66.3;13.73;0.61;0.61;21.45;1.21
2023;260;1.02;-999.0;25.19;31.53;19.31;65.71;14.27;0.61;0.61;14.61;1.16
2023;261;0.04;-999.0;25.17;31.7;19.55;62.4;13.66;0.6;0.61;15.6;1.33
2023;262;0.15;-999.0;25.13;32.25;19.31;60.4;13.08;0.59;0.6;17.88;1.67
2023;263;0.05;-999.0;24.68;32.13;18.58;60.11;12.63;0.58;0.6;20.75;1.83
2023;264;0.0;-999.0;24.59;32.24;18.19;61.05;12.82;0.57;0.6;22.05;1.74
2023;265;11.05;-999.0;24.52;31.58;18.65;63.18;13.2;0.62;0.6;20.26;1.39
2023;266;4.62;-999.0;24.14;29.46;19.76;72.17;14.89;0.64;0.61;18.59;1.32
2023;267;2.54;-999.0;24.2;30.36;19.56;70.93;14.57;0.63;0.62;16.58;1.64
2023;268;0.82;-999.0;24.91;31.06;18.48;64.26;13.89;0.6;0.61;17.94;1.7
2023;269;0.23;-999.0;25.67;31.51;19.61;66.82;15.07;0.6;0.6;18.95;0.81
2023;270;3.02;-999.0;25.22;30.12;21.54;70.2;15.61;0.61;0.6;19.25;1.21
2023;271;13.37;-999.0;24.13;29.07;20.55;75.04;15.63;0.67;0.62;12.06;0.94
2023;272;1.6;-999.0;25.25;30.34;19.96;69.59;15.37;0.64;0.62;21.02;0.64
2023;273;10.78;-999.0;24.57;30.27;19.81;72.5;15.47;0.66;0.62;19.25;1.41
2023;274;0.47;-999.0;24.26;30.26;17.81;67.77;14.09;0.63;0.62;17.69;1.48
2023;275;7.09;-999.0;25.57;30.24;20.4;67.75;15.42;0.64;0.62;20.52;0.69
2023;276;19.8;-999.0;23.75;27.25;20.35;78.37;16.12;0.72;0.64;15.99;0.87
2023;277;6.5;-999.0;24.21;29.43;18.72;74.49;15.54;0.68;0.65;13.59;1.01
2023;278;7.13;-999.0;24.82;29.26;21.4;76.55;16.64;0.68;0.65;18.59;0.79
2023;279;9.35;-999.0;23.87;27.94;20.36;78.8;16.24;0.7;0.66;16.32;0.69
2023;280;8.67;-999.0;23.98;28.74;20.32;78.04;16.1;0.69;0.65;20.36;0.91
2023;281;13.32;-999.0;23.78;27.57;20.46;78.94;16.21;0.73;0.67;12.23;0.92
2023;282;2.35;-999.0;24.52;29.06;20.14;74.0;15.8;0.68;0.66;18.2;0.64
2023;283;16.6;-999.0;23.68;27.89;20.68;81.39;16.6;0.73;0.67;17.97;0.94
2023;284;1.99;-999.0;22.39;25.65;19.07;77.36;14.6;0.69;0.67;16.78;1.55
2023;285;1.59;-999.0;24.19;29.49;17.98;69.21;14.43;0.67;0.66;21.07;0.92
2023;286;4.56;-999.0;23.86;29.12;19.09;73.51;15.04;0.68;0.65;17.89;1.19
2023;287;6.08;-999.0;23.48;28.31;18.7;75.73;15.17;0.68;0.65;17.79;1.25
2023;288;4.8;-999.0;23.17;27.94;18.39;74.87;14.64;0.68;0.65;17.51;1.23
2023;289;2.59;-999.0;23.15;28.71;17.45;71.6;14.0;0.66;0.65;18.1;1.18
2023;290;1.52;-999.0;23.68;28.35;18.35;71.73;14.5;0.65;0.64;16.64;1.01
2023;291;3.45;-999.0;24.26;29.11;19.97;74.62;15.66;0.66;0.64;20.66;0.66
2023;292;0.88;-999.0;24.52;29.46;20.4;72.64;15.46;0.64;0.63;15.29;1.34
2023;293;1.33;-999.0;24.72;29.89;19.43;69.17;14.87;0.63;0.63;12.39;1.28
2023;294;11.19;-999.0;22.67;25.22;20.6;82.21;15.89;0.69;0.64;14.1;0.71
2023;295;8.22;-999.0;23.42;27.54;19.98;79.93;16.01;0.69;0.65;13.62;0.82
2023;296;11.51;-999.0;24.57;29.12;19.87;72.62;15.51;0.7;0.65;19.6;0.73
2023;297;11.22;-999.0;24.58;28.75;20.05;74.71;15.99;0.71;0.67;13.79;1.23
2023;298;1.84;-999.0;23.97;27.77;21.43;77.68;16.16;0.68;0.66;14.74;0.95
2023;299;7.52;-999.0;22.83;26.76;19.96;83.7;16.3;0.7;0.66;13.1;1.09
2023;300;1.75;-999.0;22.94;28.06;19.41;79.79;15.52;0.68;0.66;12.97;0.76
2023;301;0.43;-999.0;23.36;28.86;19.41;74.9;14.84;0.66;0.65;12.39;1.25
2023;302;0.69;-999.0;23.02;27.74;18.93;75.97;14.86;0.65;0.64;16.07;0.89
2023;303;5.42;-999.0;23.32;28.08;20.1;77.59;15.4;0.67;0.64;14.98;0.79
2023;304;13.82;-999.0;23.09;26.33;20.01;81.97;16.2;0.72;0.66;15.11;0.77
2023;305;12.0;-999.0;21.66;23.6;19.68;85.33;15.57;0.73;0.67;12.96;0.82
2023;306;13.92;-999.0;22.7;26.37;19.73;81.49;15.75;0.74;0.68;13.97;0.91
2023;307;4.37;-999.0;22.49;25.76;19.81;81.26;15.52;0.72;0.69;16.67;0.89
2023;308;4.86;-999.0;22.8;27.02;20.01;82.22;15.96;0.71;0.68;14.62;0.56
2023;309;16.38;-999.0;22.29;25.33;19.41;82.71;15.64;0.74;0.68;12.49;0.85
2023;310;24.42;-999.0;23.2;27.27;19.85;80.31;16.03;0.78;0.71;14.45;0.89
2023;311;4.62;-999.0;23.33;27.69;19.94;80.65;16.14;0.74;0.71;16.45;1.35
2023;312;0.16;-999.0;23.33;27.58;19.52;77.92;15.6;0.71;0.7;18.42;1.32
2023;313;1.16;-999.0;23.68;28.02;19.84;80.03;16.4;0.7;0.68;18.16;1.31
2023;314;1.24;-999.0;23.51;28.5;19.27;78.03;15.8;0.69;0.67;16.28;1.68
2023;315;2.09;-999.0;23.63;28.58;19.27;77.53;15.82;0.68;0.66;16.56;1.59
2023;316;9.78;-999.0;24.11;28.72;20.27;79.26;16.63;0.71;0.67;14.14;1.27
2023;317;13.87;-999.0;24.03;28.58;20.18;79.44;16.59;0.73;0.68;18.6;0.81
2023;318;8.43;-999.0;24.0;28.08;20.18;81.67;17.08;0.74;0.69;16.71;1.17
2023;319;8.28;-999.0;22.71;26.11;19.87;82.69;16.02;0.73;0.69;13.91;1.28
2023;320;0.53;-999.0;22.58;27.97;18.49;75.87;14.46;0.7;0.69;18.95;1.67
2023;321;6.18;-999.0;23.25;29.21;16.07;58.79;11.51;0.7;0.68;18.79;0.82
2023;322;15.76;-999.0;23.36;27.92;18.74;73.97;14.87;0.75;0.69;13.58;0.77
2023;323;14.82;-999.0;22.62;26.17;19.94;82.49;15.86;0.76;0.71;13.29;1.44
2023;324;4.33;-999.0;22.66;25.61;19.63;79.25;15.26;0.73;0.7;14.88;1.04
2023;325;6.5;-999.0;22.58;25.57;19.49;82.51;15.88;0.74;0.71;17.86;0.64
2023;326;1.41;-999.0;23.34;27.92;19.92;80.62;16.1;0.72;0.7;16.74;0.93
2023;327;0.95;-999.0;23.27;28.01;18.02;76.18;15.11;0.71;0.69;17.67;1.36
2023;328;13.2;-999.0;23.5;27.85;20.28;80.13;16.19;0.75;0.7;16.12;0.65
2023;329;0.76;-999.0;22.87;27.28;18.24;76.58;14.83;0.72;0.7;15.86;0.71
2023;330;0.0;-999.0;23.33;27.87;19.51;78.0;15.56;0.7;0.69;19.72;0.96
2023;331;0.0;-999.0;23.66;28.66;19.16;76.37;15.55;0.69;0.68;20.4;1.5
2023;332;0.02;-999.0;23.25;27.89;18.87;75.28;14.99;0.68;0.67;15.9;1.62
2023;333;0.02;-999.0;23.39;28.14;18.4;74.37;14.93;0.68;0.66;16.56;1.14
2023;334;0.01;-999.0;23.06;26.76;20.46;78.06;15.42;0.68;0.66;17.62;0.75
2023;335;0.0;-999.0;23.86;29.04;19.69;71.86;14.69;0.67;0.65;19.28;0.75
2023;336;0.02;-999.0;23.58;28.73;19.04;71.68;14.46;0.66;0.65;18.81;1.01
2023;337;0.06;-999.0;24.36;29.85;18.85;69.82;14.78;0.65;0.64;18.46;0.99
2023;338;0.09;-999.0;24.45;29.64;20.73;73.43;15.63;0.65;0.64;17.77;0.68
2023;339;0.5;-999.0;24.72;30.1;19.88;69.27;14.85;0.64;0.64;17.1;0.52
2023;340;2.27;-999.0;23.74;28.48;20.44;74.43;15.13;0.65;0.64;11.46;0.84
2023;341;3.33;-999.0;22.03;25.7;19.35;79.3;14.69;0.66;0.64;14.87;1.0
2023;342;0.19;-999.0;23.36;29.42;17.8;71.39;14.16;0.65;0.64;16.33;1.17
2023;343;1.07;-999.0;23.94;29.87;18.48;70.81;14.62;0.64;0.63;16.16;1.62
2023;344;4.02;-999.0;23.2;27.18;19.82;77.75;15.51;0.66;0.63;14.41;1.38
2023;345;1.79;-999.0;24.17;29.78;19.15;74.42;15.5;0.65;0.64;16.81;0.89
2023;346;0.66;-999.0;24.93;30.38;19.73;70.78;15.33;0.64;0.63;18.68;0.84
2023;347;0.05;-999.0;25.23;30.81;20.18;67.14;14.88;0.63;0.63;16.8;0.64
2023;348;0.6;-999.0;24.36;27.76;21.93;75.61;16.21;0.63;0.63;15.22;0.73
2023;349;14.51;-999.0;21.91;23.38;20.05;87.59;16.33;0.7;0.64;9.8;1.02
2023;350;9.86;-999.0;23.08;27.97;18.85;80.15;15.76;0.69;0.65;12.32;0.91
2023;351;15.95;-999.0;23.26;27.32;19.9;81.12;16.17;0.74;0.68;12.28;0.58
2023;352;2.87;-999.0;23.28;28.2;19.1;80.12;16.0;0.7;0.67;14.29;1.17
2023;353;2.92;-999.0;23.78;29.87;19.45;80.45;16.43;0.69;0.66;11.94;1.2
2023;354;2.0;-999.0;23.41;28.18;19.51;80.9;16.29;0.68;0.66;14.61;1.07
2023;355;0.43;-999.0;23.55;28.23;18.53;78.78;15.92;0.67;0.66;15.45;1.21
2023;356;0.59;-999.0;24.22;28.88;20.45;75.65;15.9;0.67;0.65;14.95;0.9
2023;357;3.77;-999.0;22.35;24.5;20.69;86.69;16.55;0.68;0.65;14.23;0.69
2023;358;1.72;-999.0;23.5;27.92;20.4;82.05;16.63;0.68;0.65;15.43;1.16
2023;359;19.21;-999.0;22.83;27.61;19.59;81.1;15.79;0.74;0.67;13.62;1.08
2023;360;6.12;-999.0;23.02;26.85;19.82;78.62;15.45;0.72;0.68;10.84;0.83
2023;361;2.34;-999.0;23.11;27.67;19.67;79.69;15.74;0.7;0.67;13.55;0.7
2023;362;8.67;-999.0;22.53;26.76;19.17;83.82;15.96;0.71;0.67;13.4;0.8
2023;363;2.64;-999.0;23.17;28.08;19.78;78.52;15.42;0.7;0.68;14.38;1.21
2023;364;3.94;-999.0;22.91;27.73;19.82;80.32;15.57;0.69;0.67;11.94;1.35
2023;365;4.22;-999.0;22.5;27.45;19.05;81.93;15.49;0.7;0.67;14.97;1.1
2024;1;0.41;-999.0;23.78;28.84;18.81;76.15;15.48;0.68;0.66;16.93;0.89
2024;2;0.04;-999.0;23.62;28.2;19.97;76.96;15.59;0.67;0.66;17.81;0.76
2024;3;0.02;-999.0;23.76;29.01;19.25;76.43;15.54;0.66;0.65;19.49;1.03
2024;4;0.06;-999.0;24.09;29.75;19.27;74.34;15.33;0.65;0.64;21.42;1.01
2024;5;0.01;-999.0;23.91;29.4;19.44;74.44;15.23;0.65;0.64;20.85;1.22
2024;6;0.0;-999.0;24.16;30.1;18.88;68.85;14.18;0.64;0.63;22.0;0.79
2024;7;0.0;-999.0;24.17;30.28;18.34;65.81;13.64;0.63;0.63;21.42;0.86
2024;8;0.16;-999.0;24.26;30.25;18.1;65.8;13.68;0.62;0.62;21.17;0.87
2024;9;0.97;-999.0;24.42;30.14;19.84;67.9;14.33;0.62;0.62;19.63;0.88
2024;10;2.08;-999.0;24.35;30.52;17.89;66.98;13.93;0.62;0.62;18.27;0.95
2024;11;5.48;-999.0;24.49;30.0;19.83;71.66;15.15;0.64;0.62;17.74;0.74
2024;12;16.72;-999.0;23.05;26.84;20.49;83.52;16.52;0.71;0.65;16.36;0.82
2024;13;0.9;-999.0;23.02;26.4;20.5;81.58;16.07;0.67;0.65;16.66;0.87
2024;14;0.07;-999.0;24.3;29.74;19.88;72.65;15.23;0.66;0.64;20.86;0.78
2024;15;0.0;-999.0;23.92;29.9;18.61;67.03;13.58;0.64;0.64;22.73;0.93
2024;16;0.0;-999.0;23.58;30.15;17.41;65.45;13.02;0.63;0.63;21.23;1.24
2024;17;0.0;-999.0;24.8;31.59;17.39;64.14;13.76;0.62;0.62;20.9;0.85
2024;18;0.0;-999.0;25.2;30.28;20.3;68.01;15.07;0.61;0.62;19.8;1.1
2024;19;0.0;-999.0;25.44;30.89;20.01;64.13;14.27;0.61;0.61;20.7;1.0
2024;20;0.03;-999.0;25.87;31.31;20.6;63.99;14.77;0.6;0.61;15.14;0.96
2024;21;0.06;-999.0;25.72;31.4;20.22;63.9;14.49;0.6;0.61;17.62;0.9
2024;22;0.0;-999.0;26.15;33.06;21.31;61.45;14.05;0.6;0.6;23.28;1.09
2024;23;0.0;-999.0;24.81;32.83;18.84;57.14;11.88;0.59;0.6;25.15;1.49
2024;24;0.0;-999.0;24.66;32.22;17.77;57.37;11.94;0.58;0.6;24.34;1.34
2024;25;0.12;-999.0;25.43;32.49;20.14;58.54;12.84;0.57;0.59;23.48;0.99
2024;26;0.02;-999.0;25.24;32.24;18.24;55.26;12.01;0.57;0.59;22.12;0.96
2024;27;0.0;-999.0;26.09;32.27;20.4;56.91;13.15;0.56;0.59;21.12;1.09
2024;28;0.0;-999.0;26.62;32.53;20.37;59.79;14.3;0.56;0.59;19.69;1.0
2024;29;0.09;-999.0;26.4;31.99;21.11;62.31;14.74;0.55;0.58;20.38;0.91
2024;30;2.58;-999.0;26.12;31.83;21.55;64.25;14.9;0.56;0.58;19.65;0.79
2024;31;3.93;-999.0;25.08;30.86;20.61;69.29;15.2;0.59;0.59;17.93;0.95
2024;32;1.59;-999.0;25.69;31.08;20.91;68.27;15.44;0.59;0.59;14.72;0.71
2024;33;16.47;-999.0;24.98;29.08;21.55;74.61;16.39;0.65;0.6;9.96;0.76
2024;34;21.36;-999.0;23.9;27.46;21.6;80.25;16.67;0.73;0.65;14.58;0.84
2024;35;9.98;-999.0;22.53;25.74;20.44;84.85;16.27;0.71;0.66;12.02;0.86
2024;36;17.59;-999.0;22.64;26.97;19.18;78.47;15.04;0.72;0.66;10.54;1.59
2024;37;2.45;-999.0;23.73;28.57;18.38;72.05;14.69;0.69;0.67;13.94;0.62
2024;38;1.5;-999.0;24.25;28.92;20.44;75.3;15.82;0.67;0.65;16.66;0.86
2024;39;1.45;-999.0;23.94;28.99;20.75;78.23;16.14;0.66;0.64;15.27;1.46
2024;40;0.25;-999.0;24.62;30.26;19.18;73.37;15.72;0.64;0.64;15.72;1.08
2024;41;0.61;-999.0;25.72;31.05;20.34;70.31;16.03;0.63;0.63;17.35;0.89
2024;42;0.38;-999.0;25.1;30.17;20.85;71.22;15.75;0.62;0.62;18.88;1.02
2024;43;0.26;-999.0;25.89;31.66;21.14;66.4;15.22;0.61;0.61;17.17;0.7
2024;44;1.24;-999.0;25.93;31.61;20.85;64.99;14.95;0.61;0.61;19.27;0.8
2024;45;0.4;-999.0;25.27;31.55;20.47;67.99;14.93;0.6;0.6;19.85;1.36
2024;46;0.07;-999.0;25.6;31.35;20.22;66.37;15.05;0.59;0.6;19.73;1.77
2024;47;9.42;-999.0;24.85;29.72;20.97;73.76;16.11;0.62;0.6;18.2;1.73
2024;48;6.18;-999.0;24.65;30.17;20.38;76.17;16.35;0.65;0.62;17.54;1.68
2024;49;0.45;-999.0;26.1;32.41;21.04;68.22;15.83;0.61;0.61;19.67;0.98
2024;50;1.96;-999.0;25.96;32.39;21.51;67.95;15.62;0.61;0.61;18.75;1.38
2024;51;0.47;-999.0;25.38;31.71;20.38;70.28;15.6;0.6;0.6;19.99;1.84
2024;52;2.29;-999.0;24.96;31.33;20.17;71.02;15.39;0.6;0.6;13.25;1.4
2024;53;0.46;-999.0;23.97;28.21;20.34;72.67;14.95;0.6;0.6;12.73;1.65
2024;54;0.0;-999.0;24.78;31.23;19.12;67.24;14.32;0.59;0.6;19.15;1.54
2024;55;4.05;-999.0;24.56;30.67;19.87;69.43;14.7;0.6;0.59;17.9;1.37
2024;56;1.59;-999.0;23.69;29.07;20.64;70.34;14.13;0.6;0.6;15.43;1.87
2024;57;1.99;-999.0;24.69;30.9;19.84;69.37;14.74;0.59;0.59;17.05;1.43
2024;58;5.46;-999.0;24.46;29.37;19.81;71.45;15.14;0.62;0.6;16.71;0.88
2024;59;2.43;-999.0;25.26;31.44;19.03;68.94;15.21;0.61;0.6;17.74;1.23
2024;60;1.69;-999.0;25.18;30.6;20.54;70.08;15.45;0.6;0.6;18.07;0.7
2024;61;3.91;-999.0;24.72;30.05;20.46;69.96;14.93;0.61;0.6;14.04;1.09
2024;62;2.21;-999.0;24.31;28.29;20.54;70.02;14.75;0.61;0.6;16.34;0.97
2024;63;4.17;-999.0;23.89;28.21;20.12;74.18;15.3;0.62;0.6;11.57;0.89
2024;64;1.45;-999.0;25.17;30.36;20.66;68.76;15.1;0.61;0.6;14.02;0.87
2024;65;0.07;-999.0;25.75;31.4;20.76;66.2;15.13;0.59;0.6;16.68;0.85
2024;66;0.05;-999.0;25.97;31.56;21.18;66.93;15.41;0.58;0.59;16.56;0.78
2024;67;0.2;-999.0;26.5;32.45;21.33;66.36;15.72;0.58;0.58;16.63;1.02
2024;68;1.99;-999.0;25.29;30.19;21.5;72.66;16.16;0.59;0.58;15.69;0.94
2024;69;1.07;-999.0;26.49;32.43;21.56;66.88;15.88;0.58;0.58;13.35;0.57
2024;70;0.67;-999.0;26.59;32.89;21.53;65.43;15.44;0.57;0.58;18.89;1.25
2024;71;2.33;-999.0;26.61;33.19;20.94;64.62;15.4;0.57;0.57;14.17;1.46
2024;72;4.21;-999.0;26.0;32.58;20.58;67.92;15.55;0.58;0.58;15.94;1.67
2024;73;1.6;-999.0;26.49;33.42;20.53;65.45;15.33;0.58;0.58;17.73;1.65
2024;74;0.34;-999.0;27.1;33.81;21.93;61.99;15.15;0.56;0.57;14.81;1.52
2024;75;0.53;-999.0;27.21;33.32;22.3;62.97;15.52;0.55;0.57;16.03;0.92
2024;76;0.09;-999.0;27.59;33.74;22.01;61.01;15.3;0.54;0.57;17.71;0.92
2024;77;1.27;-999.0;26.7;33.16;22.29;62.52;14.9;0.53;0.56;18.13;1.28
2024;78;2.93;-999.0;26.8;33.97;20.92;61.38;14.71;0.54;0.56;18.58;1.69
2024;79;4.46;-999.0;25.6;30.3;21.32;69.97;15.88;0.58;0.57;13.82;1.71
2024;80;1.34;-999.0;26.31;32.33;21.28;65.27;15.28;0.56;0.57;16.16;0.77
2024;81;2.59;-999.0;24.47;28.59;21.33;76.78;16.38;0.57;0.57;15.13;0.6
2024;82;0.88;-999.0;25.95;32.17;20.98;69.6;15.86;0.58;0.57;19.01;0.9
2024;83;1.37;-999.0;24.54;28.55;21.73;70.91;15.27;0.57;0.57;15.17;0.91
2024;84;0.59;-999.0;26.01;32.22;20.72;65.72;15.1;0.56;0.57;19.15;1.22
2024;85;3.23;-999.0;26.27;32.28;20.75;68.25;15.83;0.56;0.56;16.23;0.83
2024;86;2.53;-999.0;25.6;31.15;21.66;68.23;15.3;0.58;0.57;16.18;1.17
2024;87;2.54;-999.0;25.34;29.79;21.57;68.95;15.35;0.58;0.57;9.19;0.99
2024;88;1.53;-999.0;25.31;30.51;21.79;69.96;15.53;0.57;0.57;17.16;1.03
2024;89;9.08;-999.0;24.21;28.55;20.29;75.58;15.79;0.61;0.57;15.64;1.88
2024;90;8.9;-999.0;24.71;30.36;19.62;72.7;15.51;0.63;0.58;12.05;1.15
2024;91;11.72;-999.0;23.13;27.62;20.26;78.34;15.38;0.65;0.6;9.69;1.0
2024;92;12.4;-999.0;24.57;30.01;18.84;71.66;15.18;0.66;0.61;13.73;0.69
2024;93;19.35;-999.0;23.22;27.4;19.92;81.48;16.18;0.71;0.63;10.41;1.44
2024;94;12.57;-999.0;23.64;27.98;19.93;80.38;16.33;0.7;0.65;11.36;0.8
2024;95;11.83;-999.0;23.49;27.04;20.35;79.82;16.1;0.71;0.65;11.42;0.91
2024;96;7.71;-999.0;23.37;28.83;18.69;75.75;15.07;0.68;0.64;17.78;1.35
2024;97;4.95;-999.0;23.48;27.97;18.68;75.32;15.12;0.67;0.64;15.64;1.12
2024;98;2.68;-999.0;24.49;30.06;19.25;74.27;15.66;0.66;0.63;20.69;1.26
2024;99;0.49;-999.0;24.64;29.98;20.11;72.05;15.49;0.63;0.62;15.09;1.62
2024;100;0.13;-999.0;24.88;30.34;20.06;69.4;15.06;0.62;0.61;20.06;0.99
2024;101;0.04;-999.0;25.24;31.18;19.75;64.78;14.24;0.6;0.6;22.93;0.99
2024;102;0.02;-999.0;25.82;32.33;19.46;61.29;13.77;0.59;0.59;20.31;0.73
2024;103;0.08;-999.0;26.81;32.79;21.11;61.58;14.77;0.58;0.58;21.73;0.59
2024;104;0.07;-999.0;26.77;32.75;22.13;65.28;15.74;0.57;0.58;21.04;0.52
2024;105;0.36;-999.0;26.8;32.7;22.21;63.67;15.29;0.57;0.57;18.69;0.88
2024;106;8.56;-999.0;26.8;31.89;22.01;63.39;15.37;0.61;0.57;17.3;0.77
2024;107;3.25;-999.0;25.7;31.33;21.83;69.79;15.85;0.6;0.58;20.74;0.77
2024;108;15.38;-999.0;25.24;29.18;21.08;69.5;15.62;0.65;0.59;12.95;1.09
2024;109;16.03;-999.0;24.36;28.34;20.71;80.42;17.08;0.68;0.61;13.44;1.06
2024;110;31.83;-999.0;22.84;25.97;20.69;84.38;16.45;0.77;0.66;14.36;1.26
2024;111;6.63;-999.0;23.19;26.9;19.83;83.56;16.56;0.71;0.67;19.3;1.23
2024;112;12.67;-999.0;23.45;27.62;20.23;83.44;16.81;0.71;0.66;15.18;0.75
2024;113;11.3;-999.0;22.69;26.59;19.87;82.9;15.9;0.73;0.67;7.69;0.6
2024;114;10.18;-999.0;23.9;28.08;19.78;78.91;16.31;0.72;0.67;17.15;0.8
2024;115;12.85;-999.0;23.33;27.52;20.2;81.18;16.27;0.73;0.68;20.08;0.86
2024;116;2.2;-999.0;23.49;28.44;19.06;79.5;15.96;0.69;0.67;14.91;1.15
2024;117;19.15;-999.0;23.55;27.37;19.4;79.02;16.06;0.73;0.67;16.47;1.15
2024;118;11.54;-999.0;23.61;27.26;21.17;82.59;16.88;0.73;0.68;15.98;0.78
2024;119;19.91;-999.0;22.05;24.02;20.73;90.21;16.9;0.77;0.7;13.39;0.77
2024;120;4.07;-999.0;23.31;27.24;20.49;80.86;16.17;0.73;0.7;15.01;0.81
2024;121;8.79;-999.0;23.54;27.8;19.75;82.27;16.69;0.73;0.69;17.01;0.8
2024;122;10.57;-999.0;23.93;27.82;20.83;82.95;17.29;0.74;0.69;15.84;0.96
2024;123;3.38;-999.0;24.42;28.89;20.52;80.33;17.18;0.71;0.68;14.33;0.81
2024;124;19.6;-999.0;22.87;26.39;21.08;86.52;17.0;0.75;0.69;13.65;1.35
2024;125;27.35;-999.0;23.84;28.14;20.65;83.02;17.2;0.8;0.72;11.69;0.63
2024;126;15.43;-999.0;22.34;24.88;20.07;87.66;16.64;0.78;0.74;14.58;1.37
2024;127;4.88;-999.0;22.81;26.07;19.81;86.36;16.87;0.75;0.73;17.55;1.29
2024;128;18.42;-999.0;24.44;28.42;20.64;80.6;17.32;0.77;0.72;17.68;0.91
2024;129;53.59;-999.0;23.22;27.19;20.89;86.41;17.3;0.85;0.76;13.86;1.09
2024;130;21.46;-999.0;23.33;27.2;20.31;84.64;17.01;0.84;0.8;7.17;1.01
2024;131;9.04;-999.0;22.44;25.16;20.33;86.5;16.5;0.81;0.79;17.06;1.44
2024;132;25.62;-999.0;23.3;27.47;19.54;82.78;16.63;0.84;0.78;17.32;1.4
2024;133;7.45;-999.0;23.8;28.19;19.61;81.39;16.74;0.8;0.78;15.46;0.76
2024;134;12.49;-999.0;23.53;27.44;20.08;83.97;17.09;0.81;0.78;19.07;1.37
2024;135;8.57;-999.0;22.99;27.47;19.05;83.19;16.36;0.8;0.77;14.26;1.87
2024;136;15.81;-999.0;22.53;25.86;19.84;85.49;16.41;0.81;0.78;14.35;1.48
2024;137;13.71;-999.0;21.92;24.58;19.59;88.05;16.32;0.82;0.79;13.91;1.0
2024;138;1.51;-999.0;22.86;27.34;19.13;83.55;16.29;0.79;0.78;15.84;1.24
2024;139;1.46;-999.0;23.42;28.03;19.62;82.55;16.64;0.78;0.77;15.21;1.47
2024;140;0.76;-999.0;22.97;27.36;19.08;81.98;16.12;0.77;0.76;16.89;1.89
2024;141;2.65;-999.0;23.05;27.07;19.22;83.35;16.53;0.77;0.75;15.0;2.11
2024;142;1.29;-999.0;22.28;25.57;19.56;84.12;15.89;0.76;0.74;16.07;1.63
2024;143;10.9;-999.0;22.77;27.47;18.19;81.18;15.77;0.77;0.74;16.01;1.61
2024;144;7.75;-999.0;23.72;27.89;19.61;80.08;16.43;0.78;0.75;16.73;1.25
2024;145;1.6;-999.0;24.41;28.39;20.52;79.8;17.11;0.77;0.75;16.37;0.76
2024;146;11.84;-999.0;23.59;27.25;20.32;84.23;17.17;0.79;0.75;10.8;0.84
2024;147;6.24;-999.0;22.26;25.68;20.25;88.0;16.61;0.79;0.76;18.43;1.5
2024;148;6.38;-999.0;22.57;26.75;18.93;83.01;15.86;0.78;0.76;17.17;1.76
2024;149;2.26;-999.0;22.57;26.77;18.55;82.83;15.86;0.77;0.76;17.41;1.8
2024;150;21.02;-999.0;21.84;25.97;18.82;86.16;15.83;0.8;0.76;12.97;1.84
2024;151;5.09;-999.0;22.35;26.71;18.32;84.15;15.92;0.8;0.78;15.06;1.55
2024;152;0.66;-999.0;22.55;26.52;19.09;83.73;16.05;0.77;0.77;16.16;1.95
2024;153;1.54;-999.0;22.72;27.42;18.66;82.06;15.9;0.77;0.76;22.38;2.14
2024;154;2.65;-999.0;22.98;27.16;18.97;82.87;16.29;0.76;0.75;20.18;1.74
2024;155;5.3;-999.0;22.63;26.88;19.74;85.21;16.41;0.77;0.75;18.56;1.77
2024;156;6.85;-999.0;21.79;25.13;19.49;88.37;16.24;0.78;0.75;14.97;2.21
2024;157;1.27;-999.0;22.04;26.72;18.3;84.29;15.65;0.76;0.75;14.6;1.45
2024;158;0.83;-999.0;22.5;26.7;18.73;83.53;15.93;0.76;0.74;14.05;1.64
2024;159;5.59;-999.0;22.76;26.95;18.6;82.98;16.09;0.76;0.74;15.88;1.41
2024;160;7.31;-999.0;22.2;26.43;18.91;83.55;15.62;0.77;0.74;14.19;2.05
2024;161;12.26;-999.0;22.5;26.54;18.66;84.0;16.06;0.79;0.75;15.89;1.33
2024;162;11.52;-999.0;22.9;26.93;19.06;84.02;16.45;0.79;0.76;14.78;1.16
2024;163;3.37;-999.0;22.6;27.47;18.8;81.59;15.64;0.78;0.76;14.62;1.9
2024;164;2.55;-999.0;22.21;26.54;17.94;81.52;15.29;0.77;0.75;17.44;1.69
2024;165;5.43;-999.0;22.58;26.69;18.29;82.02;15.75;0.77;0.75;16.6;1.5
2024;166;24.13;-999.0;23.29;27.36;19.61;82.56;16.52;0.82;0.76;13.68;0.94
2024;167;40.56;-999.0;23.06;26.9;19.62;84.37;16.64;0.87;0.8;12.6;1.03
2024;168;8.28;-999.0;22.12;25.87;19.82;86.17;16.09;0.83;0.82;14.05;1.47
2024;169;2.19;-999.0;22.1;26.81;17.63;82.0;15.26;0.81;0.8;20.12;1.52
2024;170;10.01;-999.0;22.74;26.78;19.37;82.03;15.89;0.81;0.8;17.21;0.47
2024;171;16.33;-999.0;22.71;26.64;19.83;85.21;16.47;0.84;0.81;13.25;0.67
2024;172;15.67;-999.0;22.69;26.82;19.84;84.05;16.24;0.84;0.82;14.98;1.01
2024;173;13.46;-999.0;21.15;25.22;17.58;85.2;15.0;0.84;0.82;16.34;1.78
2024;174;8.84;-999.0;21.88;26.79;16.51;83.0;15.27;0.83;0.82;14.98;1.44
2024;175;10.43;-999.0;22.57;26.6;19.11;82.74;15.86;0.83;0.82;13.75;1.36
2024;176;9.04;-999.0;21.91;26.18;18.08;85.4;15.77;0.83;0.82;16.76;1.3
2024;177;9.24;-999.0;21.91;25.94;18.67;83.98;15.47;0.83;0.82;15.33;1.76
2024;178;12.35;-999.0;21.51;26.16;17.5;82.83;14.88;0.83;0.82;15.38;1.93
2024;179;16.26;-999.0;21.73;25.95;17.19;83.03;15.15;0.85;0.83;14.69;1.25
2024;180;9.8;-999.0;22.63;26.46;19.02;81.64;15.66;0.84;0.84;12.88;0.53
2024;181;6.31;-999.0;22.61;26.84;19.45;82.49;15.76;0.83;0.83;18.32;1.06
2024;182;4.51;-999.0;22.98;27.41;18.46;78.73;15.39;0.83;0.83;14.14;0.94
2024;183;1.98;-999.0;22.45;27.26;18.41;80.85;15.33;0.81;0.82;18.49;1.41
2024;184;13.88;-999.0;21.63;25.7;17.81;84.7;15.35;0.83;0.81;16.86;2.02
2024;185;6.97;-999.0;22.0;26.12;18.2;84.57;15.67;0.83;0.82;16.59;1.59
2024;186;26.26;-999.0;22.57;26.35;18.91;83.93;16.14;0.86;0.83;12.88;1.35
2024;187;14.69;-999.0;22.14;26.14;19.2;85.62;16.02;0.86;0.85;9.38;1.48
2024;188;8.47;-999.0;21.39;25.07;18.41;85.66;15.31;0.85;0.85;18.86;1.55
2024;189;5.67;-999.0;20.82;25.13;17.51;84.77;14.63;0.84;0.85;16.78;2.46
2024;190;0.76;-999.0;21.03;26.09;16.56;80.56;14.05;0.82;0.84;22.46;2.24
2024;191;0.69;-999.0;21.65;25.91;17.52;82.43;14.97;0.82;0.83;17.37;1.84
2024;192;0.25;-999.0;22.32;26.71;18.05;79.81;15.11;0.81;0.82;19.87;1.85
2024;193;1.79;-999.0;22.85;27.13;18.98;79.58;15.55;0.81;0.81;17.56;1.28
2024;194;2.96;-999.0;21.71;25.62;19.39;85.73;15.64;0.81;0.81;15.62;1.63
2024;195;0.48;-999.0;21.48;26.33;18.08;81.16;14.46;0.8;0.8;17.94;2.53
2024;196;0.76;-999.0;21.11;25.88;16.61;80.91;14.18;0.79;0.79;18.29;2.22
2024;197;2.94;-999.0;21.77;26.83;17.53;81.63;14.83;0.79;0.79;20.4;1.83
2024;198;0.49;-999.0;21.71;26.82;18.07;82.28;14.89;0.79;0.79;19.7;2.09
2024;199;0.95;-999.0;21.19;26.03;17.73;79.83;14.01;0.78;0.78;18.71;2.54
2024;200;0.76;-999.0;20.52;25.61;16.81;79.45;13.38;0.78;0.77;15.82;2.53
2024;201;0.13;-999.0;21.0;25.93;16.13;79.74;13.85;0.77;0.77;16.08;1.86
2024;202;0.0;-999.0;21.81;26.99;17.44;77.97;14.25;0.76;0.76;18.7;2.17
2024;203;4.88;-999.0;21.69;26.41;17.18;80.68;14.68;0.77;0.76;18.32;1.85
2024;204;3.19;-999.0;21.77;26.98;17.04;82.2;15.0;0.77;0.76;15.76;1.97
2024;205;2.49;-999.0;22.03;27.3;17.91;81.21;15.03;0.76;0.75;17.02;2.43
2024;206;0.61;-999.0;22.12;26.67;17.75;81.61;15.17;0.76;0.75;18.93;1.96
2024;207;0.14;-999.0;22.4;27.13;18.27;78.28;14.79;0.75;0.74;14.93;1.73
2024;208;0.6;-999.0;22.67;27.5;18.17;79.76;15.35;0.75;0.74;14.92;1.44
2024;209;1.02;-999.0;22.71;27.6;18.68;80.11;15.42;0.74;0.73;16.08;1.52
2024;210;0.34;-999.0;22.75;27.82;18.39;78.1;15.05;0.74;0.73;16.79;1.77
2024;211;0.37;-999.0;22.87;28.4;17.87;76.5;14.84;0.73;0.72;21.65;1.85
2024;212;0.45;-999.0;22.36;27.48;18.25;76.22;14.28;0.73;0.72;15.87;2.21
2024;213;0.35;-999.0;22.01;27.75;17.0;74.38;13.66;0.72;0.71;16.71;2.29
2024;214;0.09;-999.0;21.86;27.46;17.42;73.34;13.32;0.72;0.71;17.04;2.25
2024;215;0.77;-999.0;22.56;27.98;16.8;74.16;14.06;0.71;0.7;22.67;1.25
2024;216;1.32;-999.0;23.38;27.51;19.09;76.33;15.27;0.71;0.7;15.96;0.76
2024;217;2.93;-999.0;23.32;27.54;18.98;78.19;15.58;0.72;0.7;16.55;0.7
2024;218;6.43;-999.0;22.74;27.72;18.73;79.39;15.22;0.73;0.7;14.7;1.29
2024;219;10.37;-999.0;23.0;27.6;18.25;76.59;14.94;0.74;0.7;15.95;1.19
2024;220;5.97;-999.0;23.19;27.13;19.35;77.08;15.25;0.75;0.72;19.96;0.86
2024;221;3.59;-999.0;23.52;27.89;18.91;76.74;15.51;0.73;0.71;18.38;0.95
2024;222;2.75;-999.0;23.47;27.95;19.44;77.6;15.62;0.73;0.71;14.26;0.63
2024;223;4.56;-999.0;22.04;27.06;18.62;79.29;14.61;0.73;0.71;11.45;1.45
2024;224;5.65;-999.0;22.19;27.36;17.3;77.54;14.4;0.73;0.71;19.87;1.74
2024;225;2.38;-999.0;22.59;28.0;17.19;76.34;14.49;0.72;0.71;17.58;1.49
2024;226;0.47;-999.0;21.63;26.94;17.7;76.35;13.64;0.71;0.7;17.32;1.95
2024;227;0.02;-999.0;22.12;27.82;16.78;74.82;13.82;0.71;0.7;17.03;1.71
2024;228;0.11;-999.0;23.1;29.23;17.27;73.37;14.37;0.7;0.69;21.81;1.71
2024;229;0.45;-999.0;23.51;29.29;18.46;73.39;14.72;0.69;0.68;19.01;1.56
2024;230;0.01;-999.0;22.68;29.2;17.6;71.18;13.47;0.69;0.68;22.92;1.88
2024;231;0.09;-999.0;22.5;29.24;16.49;70.75;13.23;0.68;0.67;23.22;1.63
2024;232;0.09;-999.0;23.01;29.44;16.91;70.39;13.7;0.67;0.66;19.1;1.7
2024;233;0.01;-999.0;23.45;29.93;17.94;70.94;14.17;0.67;0.66;18.83;1.69
2024;234;1.26;-999.0;23.95;29.48;18.55;70.65;14.56;0.67;0.65;20.58;1.37
2024;235;2.03;-999.0;24.52;29.62;19.93;72.54;15.4;0.67;0.65;17.49;0.9
2024;236;2.82;-999.0;24.63;29.27;20.6;75.04;16.11;0.67;0.65;15.42;0.65
2024;237;4.88;-999.0;24.6;29.76;20.43;73.54;15.69;0.68;0.66;17.88;1.17
2024;238;0.98;-999.0;23.53;29.09;18.61;74.46;14.91;0.67;0.65;12.95;1.38
2024;239;0.86;-999.0;22.82;28.91;18.18;66.79;12.73;0.66;0.65;13.77;1.92
2024;240;0.11;-999.0;23.11;29.34;17.31;68.57;13.4;0.65;0.65;21.66;1.62
2024;241;0.98;-999.0;23.05;29.67;17.86;69.37;13.38;0.65;0.64;21.68;1.77
2024;242;0.87;-999.0;22.61;29.55;17.12;68.34;12.8;0.64;0.64;16.75;2.32
2024;243;0.01;-999.0;22.78;30.22;16.64;65.37;12.17;0.64;0.64;24.9;1.9
2024;244;2.13;-999.0;23.3;29.72;17.07;66.11;12.93;0.64;0.63;21.83;1.57
2024;245;1.35;-999.0;23.85;30.14;19.4;69.03;13.95;0.64;0.63;18.77;1.47
2024;246;0.25;-999.0;23.5;30.53;18.43;66.11;13.07;0.63;0.63;18.61;1.69
2024;247;1.85;-999.0;23.69;30.27;16.78;64.75;12.92;0.63;0.63;18.15;1.4
2024;248;0.22;-999.0;24.88;31.11;19.5;65.08;14.03;0.62;0.62;20.47;1.28
2024;249;0.12;-999.0;24.55;31.03;18.96;64.53;13.65;0.62;0.62;15.09;1.81
2024;250;2.08;-999.0;24.83;30.69;19.56;67.12;14.57;0.62;0.62;21.82;1.59
2024;251;0.33;-999.0;24.61;30.91;19.71;66.28;14.03;0.62;0.62;17.79;1.6
2024;252;0.02;-999.0;24.32;31.72;18.47;61.01;12.62;0.61;0.62;14.57;2.23
2024;253;0.83;-999.0;24.61;32.05;18.51;63.53;13.4;0.61;0.61;19.36;2.0
2024;254;0.42;-999.0;24.54;30.8;18.63;65.0;13.69;0.61;0.61;19.52;1.49
2024;255;0.36;-999.0;25.18;31.68;18.37;59.41;13.11;0.6;0.61;18.94;1.29
2024;256;3.24;-999.0;25.84;31.86;20.64;65.63;14.94;0.61;0.61;16.7;1.19
2024;257;1.08;-999.0;25.45;31.63;20.16;65.47;14.47;0.61;0.61;18.36;1.31
2024;258;0.06;-999.0;25.9;31.35;20.7;62.87;14.49;0.6;0.61;21.52;0.73
2024;259;0.01;-999.0;26.28;33.17;20.55;61.74;14.3;0.59;0.6;24.24;1.48
2024;260;4.49;-999.0;25.68;32.0;20.12;65.22;14.77;0.6;0.6;20.02;1.71
2024;261;4.47;-999.0;24.62;30.64;20.44;68.41;14.45;0.64;0.61;17.97;1.84
2024;262;0.72;-999.0;25.05;32.36;18.28;58.79;12.68;0.61;0.61;22.82;1.75
2024;263;2.78;-999.0;25.01;31.61;19.92;66.39;14.42;0.62;0.61;19.89;1.51
2024;264;2.99;-999.0;24.79;31.51;18.6;65.28;14.02;0.61;0.61;18.38;1.77
2024;265;8.29;-999.0;24.78;28.91;20.67;70.84;15.41;0.65;0.61;16.49;0.89
2024;266;10.73;-999.0;24.94;29.73;20.31;71.91;15.62;0.66;0.62;16.27;0.68
2024;267;20.56;-999.0;24.41;28.98;20.26;73.37;15.5;0.73;0.66;20.95;0.83
2024;268;0.38;-999.0;24.58;30.13;19.02;69.29;14.61;0.66;0.65;21.74;0.9
2024;269;1.01;-999.0;24.69;29.31;19.66;69.73;14.95;0.65;0.64;18.26;1.0
2024;270;3.63;-999.0;23.48;26.95;20.79;77.55;15.61;0.65;0.63;13.19;0.8
2024;271;1.3;-999.0;24.05;28.98;20.03;73.3;15.09;0.64;0.63;17.58;0.83
2024;272;7.21;-999.0;21.08;24.58;18.7;79.28;13.83;0.67;0.63;10.53;1.4
2024;273;4.17;-999.0;21.5;23.99;19.15;81.62;14.71;0.68;0.64;16.29;0.69
2024;274;0.97;-999.0;22.29;26.74;18.77;75.33;13.95;0.65;0.64;16.21;0.76
2024;275;2.58;-999.0;23.44;29.14;17.79;69.58;13.82;0.64;0.63;16.84;0.68
2024;276;2.71;-999.0;23.81;28.88;20.51;73.69;15.04;0.64;0.63;16.08;1.31
2024;277;1.31;-999.0;24.5;30.09;18.96;72.24;15.21;0.64;0.63;19.64;0.56
2024;278;16.6;-999.0;23.6;27.87;20.51;78.62;15.93;0.69;0.63;15.51;0.99
2024;279;9.05;-999.0;23.74;27.4;20.62;76.36;15.65;0.7;0.65;19.54;0.84
2024;280;10.16;-999.0;22.15;24.99;20.27;81.6;15.25;0.71;0.66;16.01;0.96
2024;281;6.99;-999.0;21.71;24.54;19.55;85.56;15.64;0.7;0.66;17.71;0.81
2024;282;21.84;-999.0;22.16;25.88;19.5;83.98;15.69;0.77;0.68;14.43;0.67
2024;283;4.05;-999.0;23.21;27.62;19.76;79.64;15.77;0.71;0.69;17.45;0.77
2024;284;3.87;-999.0;23.15;27.31;20.11;79.72;15.67;0.7;0.68;13.04;0.69
2024;285;0.35;-999.0;23.82;29.29;18.62;73.14;14.83;0.68;0.66;21.53;0.74
2024;286;1.56;-999.0;23.68;29.18;18.87;71.71;14.49;0.67;0.65;18.73;1.19
2024;287;1.89;-999.0;23.36;30.64;18.14;67.82;13.22;0.66;0.65;17.99;1.9
2024;288;0.37;-999.0;22.96;29.55;17.0;67.87;12.96;0.65;0.64;20.16;2.04
2024;289;0.48;-999.0;23.42;28.97;18.04;68.4;13.58;0.64;0.63;15.67;1.56
2024;290;0.44;-999.0;24.27;29.18;19.7;69.92;14.62;0.63;0.63;20.34;0.59
2024;291;1.04;-999.0;24.01;29.24;20.53;73.03;15.15;0.63;0.62;21.67;1.07
2024;292;0.8;-999.0;24.7;30.1;18.77;67.99;14.55;0.62;0.62;20.3;1.01
2024;293;4.48;-999.0;23.8;26.85;21.46;76.63;15.83;0.64;0.62;14.25;0.97
2024;294;8.89;-999.0;21.93;24.65;19.78;85.49;15.87;0.68;0.63;16.72;0.98
2024;295;8.99;-999.0;23.79;29.19;19.55;79.07;16.2;0.68;0.64;15.35;1.19
2024;296;7.72;-999.0;23.21;26.25;20.61;81.2;16.17;0.69;0.65;15.3;0.71
2024;297;9.34;-999.0;23.27;27.58;19.65;80.72;16.05;0.71;0.66;15.51;0.69
2024;298;2.87;-999.0;24.18;29.26;19.77;75.34;15.73;0.67;0.65;16.91;0.73
2024;299;0.54;-999.0;24.69;29.94;19.46;72.54;15.5;0.66;0.65;21.42;0.84
2024;300;14.5;-999.0;24.95;29.91;20.71;76.08;16.68;0.7;0.65;18.12;0.83
2024;301;5.23;-999.0;24.13;28.95;20.39;78.24;16.36;0.69;0.66;14.51;1.12
2024;302;0.58;-999.0;23.44;29.25;19.15;71.45;14.15;0.66;0.65;13.74;2.0
2024;303;1.31;-999.0;23.56;29.13;18.42;71.51;14.38;0.65;0.64;19.29;1.54
2024;304;7.04;-999.0;23.41;28.16;19.04;76.6;15.32;0.67;0.64;13.65;1.17
2024;305;3.93;-999.0;23.14;26.64;20.74;79.47;15.8;0.67;0.64;14.53;0.92
2024;306;4.71;-999.0;22.02;24.96;19.87;86.55;16.17;0.69;0.65;12.89;0.88
2024;307;0.75;-999.0;23.14;28.18;19.03;77.82;15.39;0.66;0.65;16.31;1.29
2024;308;9.01;-999.0;23.05;27.2;20.29;79.62;15.68;0.68;0.64;16.73;1.02
2024;309;5.1;-999.0;22.8;26.67;19.9;79.25;15.36;0.7;0.66;13.32;0.67
2024;310;1.95;-999.0;23.83;28.33;20.07;77.78;16.07;0.67;0.65;18.65;0.96
2024;311;5.88;-999.0;23.02;28.02;19.3;81.74;15.96;0.67;0.65;17.84;1.22
2024;312;5.26;-999.0;23.42;28.18;20.06;81.2;16.31;0.69;0.65;13.58;1.0
2024;313;7.01;-999.0;21.76;23.7;20.22;85.08;15.67;0.69;0.65;9.13;1.21
2024;314;6.92;-999.0;23.06;27.46;19.29;79.8;15.73;0.69;0.66;16.83;0.91
2024;315;15.0;-999.0;22.04;25.63;19.6;81.31;15.07;0.74;0.67;14.73;0.79
2024;316;7.01;-999.0;22.76;27.09;19.38;80.75;15.65;0.73;0.69;13.17;1.06
2024;317;3.12;-999.0;22.92;27.61;19.59;79.91;15.55;0.7;0.68;11.95;1.6
2024;318;3.99;-999.0;22.88;27.61;19.78;81.32;15.77;0.7;0.67;13.72;1.44
2024;319;3.59;-999.0;21.8;25.8;19.0;81.21;14.8;0.7;0.67;10.88;1.31
2024;320;2.67;-999.0;23.07;28.09;18.64;77.54;15.21;0.68;0.66;14.01;1.39
2024;321;3.26;-999.0;22.85;27.15;19.52;81.1;15.77;0.69;0.66;10.91;1.08
2024;322;7.7;-999.0;21.79;24.55;19.86;87.08;16.0;0.7;0.66;14.27;1.03
2024;323;12.75;-999.0;22.38;26.42;19.13;80.99;15.35;0.72;0.67;13.62;1.13
2024;324;25.44;-999.0;21.98;24.48;19.5;82.25;15.25;0.78;0.71;12.88;0.92
2024;325;6.27;-999.0;21.8;24.95;19.63;86.28;15.86;0.75;0.71;14.03;1.01
2024;326;6.83;-999.0;22.62;26.67;19.79;81.19;15.57;0.73;0.7;13.24;0.88
2024;327;11.28;-999.0;21.1;22.51;19.83;92.35;16.32;0.75;0.7;12.75;0.5
2024;328;11.94;-999.0;21.19;23.75;19.2;86.71;15.33;0.77;0.72;14.02;0.7
2024;329;1.24;-999.0;23.06;28.54;18.41;76.75;15.01;0.73;0.71;14.28;0.89
2024;330;3.05;-999.0;23.06;28.03;18.09;77.35;15.17;0.72;0.7;18.62;1.06
2024;331;4.51;-999.0;24.13;28.36;20.46;75.47;15.89;0.72;0.69;17.08;0.64
2024;332;7.89;-999.0;23.71;27.65;20.6;79.12;16.25;0.74;0.7;17.07;0.52
2024;333;0.88;-999.0;23.32;27.45;20.05;79.86;16.0;0.71;0.69;16.56;0.86
2024;334;0.58;-999.0;22.92;27.37;19.73;78.7;15.35;0.7;0.68;13.7;1.19
2024;335;3.82;-999.0;23.05;27.86;18.47;77.93;15.31;0.7;0.68;18.57;1.27
2024;336;0.6;-999.0;23.61;28.19;18.97;77.79;15.83;0.69;0.67;16.11;1.05
2024;337;2.57;-999.0;23.71;27.27;20.89;79.56;16.33;0.69;0.67;15.67;0.58
2024;338;9.03;-999.0;23.9;28.44;20.84;78.37;16.23;0.71;0.67;15.24;1.11
2024;339;4.25;-999.0;23.75;28.27;20.52;81.09;16.69;0.72;0.68;15.68;0.69
2024;340;2.89;-999.0;23.52;27.68;20.48;80.78;16.35;0.7;0.68;13.2;0.98
2024;341;4.68;-999.0;22.53;26.48;19.59;84.98;16.31;0.71;0.68;13.22;0.82
2024;342;3.0;-999.0;22.9;27.16;20.04;82.89;16.16;0.71;0.68;13.65;1.57
2024;343;0.15;-999.0;22.59;27.75;18.13;78.67;14.96;0.69;0.67;16.66;1.05
2024;344;0.02;-999.0;23.33;28.72;19.25;77.0;15.31;0.68;0.67;16.5;0.88
2024;345;0.07;-999.0;23.24;28.21;18.44;74.13;14.67;0.67;0.66;14.96;0.92
2024;346;2.43;-999.0;23.74;28.77;19.2;73.84;15.06;0.67;0.65;17.45;0.55
2024;347;4.95;-999.0;23.13;28.38;19.57;81.92;16.2;0.69;0.66;13.81;1.51
2024;348;1.46;-999.0;22.66;28.23;18.0;80.07;15.33;0.68;0.66;13.17;1.48
2024;349;0.52;-999.0;22.0;26.09;19.09;83.59;15.52;0.67;0.65;12.2;1.28
2024;350;0.58;-999.0;22.77;27.02;19.8;81.62;15.78;0.67;0.65;12.23;0.82
2024;351;2.69;-999.0;22.53;27.04;19.8;78.85;15.0;0.68;0.65;12.25;0.82
2024;352;0.38;-999.0;23.42;28.72;18.88;73.39;14.7;0.66;0.65;15.86;1.03
2024;353;0.26;-999.0;23.45;28.32;19.3;75.87;15.26;0.66;0.64;16.33;1.03
2024;354;3.16;-999.0;24.05;28.61;20.15;76.03;15.88;0.66;0.64;13.49;0.74
2024;355;4.1;-999.0;23.84;28.24;20.67;78.01;16.05;0.68;0.65;14.72;0.77
2024;356;3.44;-999.0;23.61;27.72;20.83;77.77;15.81;0.67;0.65;11.67;0.85
2024;357;9.58;-999.0;23.12;28.37;19.38;80.5;15.81;0.69;0.65;14.8;1.28
2024;358;29.54;-999.0;23.24;27.34;19.1;80.12;15.88;0.77;0.68;11.35;0.75
2024;359;12.27;-999.0;21.62;24.82;19.32;83.97;15.23;0.76;0.71;12.68;1.22
2024;360;1.39;-999.0;23.22;27.48;19.08;78.5;15.68;0.71;0.7;14.93;0.72
2024;361;11.25;-999.0;22.05;24.91;20.28;85.06;15.87;0.74;0.69;13.56;0.85
2024;362;9.8;-999.0;22.78;26.98;19.97;83.3;16.15;0.75;0.71;12.59;1.14
2024;363;22.5;-999.0;22.47;25.75;20.05;85.89;16.41;0.78;0.72;13.07;0.59
2024;364;15.62;-999.0;22.29;26.6;19.28;83.16;15.56;0.8;0.75;13.24;0.64
2024;365;16.59;-999.0;22.16;26.63;18.76;83.92;15.63;0.79;0.74;12.96;1.14
2024;366;5.01;-999.0;22.42;26.72;19.29;78.5;14.85;0.77;0.75;15.48;0.62
2025;1;1.76;-999.0;22.3;26.75;18.69;77.54;14.6;0.75;0.73;18.01;0.72
2025;2;5.44;-999.0;22.54;26.82;18.56;77.92;14.87;0.75;0.72;16.23;0.99
2025;3;12.84;-999.0;21.91;24.36;19.77;84.59;15.69;0.78;0.73;11.28;0.96
2025;4;5.07;-999.0;22.59;26.11;19.36;81.57;15.67;0.76;0.74;12.9;0.62
2025;5;11.68;-999.0;22.11;25.67;19.72;85.56;15.99;0.78;0.74;11.82;1.02
2025;6;0.4;-999.0;21.92;25.77;18.52;80.87;14.88;0.75;0.74;17.22;1.06
2025;7;1.52;-999.0;22.58;26.66;18.98;79.35;15.23;0.74;0.73;16.08;0.91
2025;8;8.93;-999.0;22.8;27.1;19.77;82.18;15.98;0.76;0.73;13.28;0.7
2025;9;10.58;-999.0;21.78;24.36;20.07;87.15;16.05;0.78;0.74;13.85;0.89
2025;10;1.96;-999.0;22.87;27.45;19.28;78.15;15.17;0.76;0.74;16.59;0.97
2025;11;0.32;-999.0;23.49;28.66;18.97;76.43;15.34;0.74;0.73;17.27;0.66
2025;12;0.11;-999.0;23.31;28.59;19.08;76.53;15.17;0.73;0.72;19.68;0.74
2025;13;0.11;-999.0;22.88;28.57;17.74;78.09;15.11;0.72;0.71;20.76;1.77
2025;14;1.26;-999.0;23.3;28.51;19.75;78.25;15.56;0.71;0.7;21.06;1.49
2025;15;0.44;-999.0;22.97;28.41;18.82;78.19;15.18;0.71;0.7;20.33;1.54
2025;16;2.11;-999.0;22.65;28.4;17.74;77.72;14.78;0.71;0.69;18.97;1.52
2025;17;0.48;-999.0;22.44;28.09;17.24;78.61;14.76;0.7;0.69;18.78;1.48
2025;18;0.1;-999.0;22.86;28.41;18.63;72.05;13.74;0.69;0.68;23.05;0.81
2025;19;0.16;-999.0;23.03;28.38;18.74;71.67;13.85;0.69;0.67;20.63;0.72
2025;20;0.03;-999.0;22.91;28.93;17.56;70.09;13.37;0.68;0.67;21.51;1.27
2025;21;0.26;-999.0;23.49;29.27;18.67;69.97;13.82;0.68;0.66;20.39;0.8
2025;22;0.2;-999.0;22.6;28.97;16.49;66.17;12.18;0.67;0.66;22.63;0.84
2025;23;0.06;-999.0;22.26;28.61;15.72;69.34;12.74;0.66;0.65;22.69;1.2
2025;24;0.26;-999.0;23.02;27.91;18.81;73.72;14.41;0.66;0.65;15.06;0.87
2025;25;0.72;-999.0;22.76;27.06;19.39;77.33;14.9;0.67;0.65;14.52;0.93
2025;26;0.99;-999.0;23.43;28.41;19.32;76.14;15.15;0.66;0.65;17.16;1.13
2025;27;1.52;-999.0;23.33;28.65;18.2;74.65;14.77;0.66;0.65;14.31;1.15
2025;28;1.01;-999.0;23.85;29.31;18.86;73.89;15.03;0.66;0.65;17.84;0.87
2025;29;0.16;-999.0;24.21;29.22;20.03;72.01;15.01;0.65;0.64;18.91;0.78
2025;30;0.44;-999.0;24.59;30.34;19.44;71.03;15.08;0.64;0.64;19.98;1.22
2025;31;1.25;-999.0;24.61;29.96;19.6;73.96;15.78;0.64;0.63;16.55;1.02
2025;32;0.21;-999.0;24.8;30.07;20.74;72.34;15.6;0.64;0.63;17.09;0.9
2025;33;1.08;-999.0;24.37;29.85;20.04;71.77;15.08;0.63;0.63;14.27;0.87
2025;34;4.69;-999.0;22.96;26.68;20.24;78.02;15.26;0.66;0.63;14.16;0.8
2025;35;4.48;-999.0;23.6;28.66;19.6;74.86;15.05;0.67;0.64;9.82;0.89
2025;36;4.93;-999.0;22.19;24.56;20.35;85.05;16.01;0.67;0.64;12.95;0.53
2025;37;2.3;-999.0;23.31;27.88;19.35;79.12;15.78;0.67;0.65;13.38;0.92
2025;38;5.63;-999.0;22.86;26.88;19.91;82.63;16.07;0.68;0.65;13.55;0.6
2025;39;3.76;-999.0;21.37;23.83;19.41;87.17;15.6;0.69;0.66;12.9;0.8
2025;40;5.24;-999.0;22.73;27.34;18.88;81.89;15.76;0.68;0.66;14.07;0.85
2025;41;9.26;-999.0;22.3;26.54;18.19;80.1;14.98;0.71;0.66;14.37;0.96
2025;42;19.41;-999.0;21.5;24.05;19.73;87.1;15.79;0.76;0.69;10.12;0.64
2025;43;5.85;-999.0;22.49;26.36;19.56;81.93;15.63;0.72;0.69;13.91;0.74
2025;44;25.12;-999.0;21.75;25.13;19.83;85.09;15.51;0.78;0.7;12.36;0.63
2025;45;3.91;-999.0;22.71;26.84;19.57;79.3;15.26;0.74;0.72;12.51;0.95
2025;46;8.81;-999.0;22.34;27.4;18.12;82.0;15.4;0.74;0.71;11.92;0.98
2025;47;11.32;-999.0;22.39;25.95;19.61;81.66;15.5;0.77;0.72;12.78;0.76
2025;48;6.26;-999.0;23.16;27.72;19.93;80.52;15.89;0.74;0.72;14.39;1.45
2025;49;5.74;-999.0;23.19;27.5;19.83;79.87;15.81;0.75;0.71;15.51;0.64
2025;50;3.12;-999.0;23.5;28.06;19.97;78.7;15.87;0.73;0.71;15.41;0.64
2025;51;6.1;-999.0;23.23;27.21;20.03;81.91;16.28;0.74;0.71;15.4;0.7
2025;52;3.47;-999.0;23.13;27.62;20.04;82.99;16.37;0.72;0.7;12.92;0.87
2025;53;1.67;-999.0;23.15;27.34;19.81;81.64;16.15;0.72;0.7;11.93;1.19
2025;54;4.38;-999.0;22.26;25.73;19.74;82.18;15.48;0.72;0.7;13.75;1.23
2025;55;9.97;-999.0;22.39;26.14;19.21;85.73;16.32;0.75;0.71;15.58;1.36
2025;56;15.0;-999.0;21.84;23.99;19.27;87.53;16.16;0.78;0.72;13.65;1.09
2025;57;2.3;-999.0;23.79;28.5;19.77;79.78;16.38;0.74;0.72;14.39;1.08
2025;58;5.47;-999.0;23.4;27.29;20.49;83.26;16.74;0.74;0.71;13.42;0.51
2025;59;7.87;-999.0;23.2;26.86;19.79;82.56;16.41;0.74;0.71;17.81;0.7
2025;60;15.65;-999.0;22.63;25.48;20.41;85.67;16.59;0.78;0.73;14.18;0.74
2025;61;4.47;-999.0;22.6;25.8;19.92;82.42;15.83;0.76;0.73;13.81;0.54
2025;62;1.92;-999.0;22.6;26.95;19.32;82.34;15.73;0.75;0.73;13.28;0.56
2025;63;6.14;-999.0;22.41;25.68;19.4;83.09;15.81;0.76;0.73;12.04;0.69
2025;64;4.33;-999.0;23.36;28.04;19.4;80.46;16.08;0.75;0.72;13.56;0.94
2025;65;30.76;-999.0;21.95;26.26;19.47;81.77;15.01;0.81;0.74;10.06;0.99
2025;66;13.0;-999.0;22.14;26.11;19.14;81.79;15.22;0.81;0.77;13.17;0.79
2025;67;3.67;-999.0;23.04;26.75;20.02;79.72;15.7;0.78;0.77;14.95;0.56
2025;68;4.77;-999.0;22.96;27.38;19.24;79.49;15.53;0.78;0.76;16.76;0.51
2025;69;2.55;-999.0;23.39;27.57;20.78;77.44;15.59;0.77;0.75;14.03;0.68
2025;70;38.96;-999.0;22.25;24.98;19.56;81.45;15.35;0.83;0.77;14.28;0.87
2025;71;4.85;-999.0;21.69;24.29;19.69;85.71;15.63;0.81;0.79;15.01;0.75
2025;72;11.08;-999.0;22.65;27.15;18.95;80.67;15.4;0.8;0.79;12.96;0.65
2025;73;5.6;-999.0;22.62;26.75;19.85;81.53;15.6;0.81;0.79;11.48;0.74
2025;74;3.66;-999.0;21.79;24.89;19.1;86.03;15.8;0.8;0.79;12.57;0.92
2025;75;18.47;-999.0;22.6;26.04;20.1;85.13;16.35;0.83;0.79;14.22;0.62
2025;76;15.9;-999.0;21.05;23.35;19.11;89.86;15.78;0.84;0.81;11.7;1.29
2025;77;6.88;-999.0;22.57;27.09;18.93;81.63;15.56;0.82;0.81;15.56;0.79
2025;78;7.73;-999.0;23.28;27.79;18.67;81.73;16.3;0.81;0.8;15.86;0.93
2025;79;8.82;-999.0;23.0;26.7;20.42;84.36;16.61;0.82;0.8;15.5;0.89
2025;80;4.16;-999.0;23.23;27.19;19.43;81.9;16.31;0.8;0.8;17.17;1.31
2025;81;0.37;-999.0;23.87;28.71;19.54;80.26;16.55;0.79;0.79;13.96;1.06
2025;82;3.1;-999.0;23.59;28.23;19.49;81.1;16.5;0.79;0.78;19.01;1.32
2025;83;1.36;-999.0;23.69;28.61;19.03;79.0;16.12;0.78;0.78;18.87;1.19
2025;84;0.89;-999.0;24.07;28.93;19.51;76.05;15.82;0.77;0.77;19.39;1.18
2025;85;2.32;-999.0;23.74;28.51;20.41;78.26;15.98;0.76;0.76;16.21;0.72
2025;86;8.88;-999.0;23.13;27.05;20.23;82.92;16.44;0.79;0.76;15.11;0.77
2025;87;8.79;-999.0;23.27;27.35;20.02;82.7;16.52;0.8;0.77;13.3;0.89
2025;88;4.32;-999.0;22.73;27.02;19.84;83.94;16.23;0.79;0.77;15.46;0.74
2025;89;7.97;-999.0;22.76;25.67;20.34;84.96;16.54;0.8;0.78;11.48;0.74
2025;90;2.52;-999.0;21.12;23.4;19.58;86.95;15.35;0.79;0.78;11.41;1.02
2025;91;7.54;-999.0;22.49;26.56;18.86;82.39;15.8;0.79;0.78;14.93;0.97
2025;92;12.17;-999.0;21.82;25.46;19.28;86.82;15.92;0.82;0.79;13.58;1.39
2025;93;22.9;-999.0;22.16;26.07;18.91;84.6;15.87;0.84;0.8;16.33;1.16
2025;94;10.48;-999.0;23.17;27.89;19.52;83.86;16.58;0.83;0.82;15.04;0.65
2025;95;4.81;-999.0;22.79;26.71;19.93;85.96;16.7;0.81;0.81;16.74;1.04
2025;96;10.31;-999.0;22.16;25.19;20.0;88.1;16.56;0.82;0.81;16.14;1.5
2025;97;10.57;-999.0;23.2;27.2;19.88;81.59;16.27;0.82;0.81;18.95;1.31
2025;98;29.48;-999.0;22.72;25.93;19.79;84.48;16.37;0.87;0.84;15.16;0.67
2025;99;8.14;-999.0;22.35;25.47;20.13;87.84;16.68;0.84;0.84;14.16;0.96
2025;100;16.38;-999.0;21.09;23.24;19.54;88.63;15.6;0.86;0.84;14.44;1.37
2025;101;3.29;-999.0;21.59;25.3;18.7;84.15;15.25;0.84;0.85;13.94;0.86
2025;102;0.14;-999.0;24.16;29.07;19.12;73.05;15.37;0.82;0.83;19.56;0.67
2025;103;0.94;-999.0;23.31;27.2;20.52;82.67;16.58;0.81;0.82;20.08;0.95
2025;104;0.23;-999.0;23.38;28.19;20.12;79.11;15.82;0.81;0.82;18.2;1.07
2025;105;0.14;-999.0;23.25;28.46;18.81;77.97;15.51;0.8;0.8;19.92;1.71
2025;106;4.05;-999.0;23.23;28.1;18.59;81.63;16.32;0.8;0.8;18.03;1.29
2025;107;1.29;-999.0;23.05;27.4;19.98;82.33;16.25;0.8;0.79;14.7;1.32
2025;108;0.11;-999.0;22.63;27.01;19.04;83.29;16.12;0.79;0.79;18.91;1.74
2025;109;18.99;-999.0;23.19;27.62;19.83;83.7;16.67;0.83;0.8;16.83;1.41
2025;110;1.4;-999.0;22.39;27.06;18.76;80.25;15.16;0.8;0.8;16.43;1.71
2025;111;35.4;-999.0;22.7;27.0;17.97;76.74;14.84;0.85;0.81;13.04;1.11
2025;112;28.68;-999.0;23.04;26.5;20.35;79.04;15.58;0.87;0.86;14.32;1.04
2025;113;6.72;-999.0;23.28;27.48;19.77;83.31;16.67;0.85;0.85;14.4;0.92
2025;114;4.86;-999.0;22.49;26.23;19.97;84.33;16.12;0.84;0.85;15.67;0.78
2025;115;16.64;-999.0;22.37;25.72;19.62;86.81;16.53;0.86;0.85;13.49;0.86
2025;116;10.35;-999.0;22.69;26.65;19.17;82.67;15.93;0.85;0.85;14.09;1.09
2025;117;11.78;-999.0;22.7;26.93;19.52;84.17;16.24;0.85;0.85;15.38;0.86
2025;118;16.07;-999.0;22.35;26.19;19.64;85.02;16.08;0.87;0.86;14.38;1.12
2025;119;7.61;-999.0;23.02;27.51;17.8;79.99;15.76;0.85;0.85;16.21;1.07
2025;120;10.79;-999.0;22.69;26.0;20.41;86.79;16.86;0.86;0.86;15.58;1.03
2025;121;6.04;-999.0;22.96;26.55;19.8;84.17;16.57;0.85;0.85;15.42;1.04
2025;122;8.61;-999.0;22.41;27.02;19.24;85.88;16.3;0.85;0.85;14.19;1.14
2025;123;3.57;-999.0;20.87;23.96;17.8;84.83;14.68;0.85;0.85;12.03;1.16
2025;124;19.55;-999.0;21.12;24.88;18.18;83.38;14.61;0.86;0.85;14.49;1.24
2025;125;33.16;-999.0;21.14;23.93;18.21;87.11;15.41;0.9;0.89;14.15;1.3
2025;126;8.97;-999.0;21.96;25.84;18.09;80.66;14.91;0.87;0.88;15.25;1.34
2025;127;8.2;-999.0;21.89;25.32;18.87;83.21;15.31;0.87;0.88;14.75;1.06
2025;128;18.27;-999.0;22.13;25.96;18.46;82.89;15.44;0.88;0.87;14.17;0.99
2025;129;6.05;-999.0;21.95;25.45;19.37;87.51;16.24;0.88;0.88;18.03;1.18
2025;130;0.48;-999.0;21.75;26.99;17.58;81.81;14.91;0.86;0.87;20.46;2.3
2025;131;0.29;-999.0;21.62;26.72;17.0;82.26;14.88;0.85;0.86;16.89;2.18
2025;132;0.67;-999.0;22.2;26.74;17.95;84.35;15.85;0.84;0.85;20.01;1.94
2025;133;0.93;-999.0;21.58;25.42;18.92;84.88;15.42;0.84;0.85;10.67;2.03
2025;134;1.39;-999.0;22.63;26.89;18.99;83.18;16.03;0.84;0.84;14.42;1.53
2025;135;13.56;-999.0;21.85;25.59;18.91;86.28;15.88;0.85;0.84;13.63;1.33
2025;136;16.66;-999.0;22.5;26.33;18.96;85.27;16.31;0.87;0.86;14.88;1.12
2025;137;13.23;-999.0;22.7;26.4;19.81;82.94;16.0;0.87;0.87;13.66;0.82
2025;138;3.24;-999.0;21.65;24.1;20.1;87.94;16.04;0.86;0.87;13.78;0.77
2025;139;6.64;-999.0;21.93;25.56;18.83;86.28;15.94;0.86;0.86;16.42;0.88
2025;140;12.88;-999.0;21.96;26.02;19.13;85.4;15.82;0.87;0.87;16.88;1.76
2025;141;9.41;-999.0;22.03;26.32;18.32;83.81;15.57;0.86;0.87;16.75;1.95
2025;142;3.9;-999.0;21.79;26.03;18.2;85.33;15.66;0.86;0.87;14.71;2.01
2025;143;0.34;-999.0;22.1;26.72;18.44;82.64;15.41;0.84;0.86;18.94;2.16
2025;144;4.08;-999.0;22.75;27.27;19.57;82.98;16.11;0.84;0.85;16.3;1.79
2025;145;2.64;-999.0;22.19;26.3;18.82;83.9;15.72;0.84;0.85;17.58;1.74
2025;146;2.6;-999.0;22.15;26.28;18.84;85.41;15.98;0.84;0.84;14.59;1.49
2025;147;1.09;-999.0;22.55;26.33;19.07;82.49;15.77;0.83;0.84;14.74;0.85
2025;148;0.19;-999.0;22.6;27.23;19.21;82.18;15.73;0.83;0.83;18.65;1.7
2025;149;1.45;-999.0;22.19;27.01;18.24;81.08;15.18;0.82;0.83;18.52;1.98
2025;150;5.95;-999.0;21.9;26.35;18.03;83.85;15.46;0.83;0.82;12.35;2.04
2025;151;2.08;-999.0;22.03;26.39;18.96;85.14;15.79;0.83;0.83;13.93;1.69
2025;152;0.96;-999.0;22.54;26.34;19.41;85.01;16.27;0.82;0.82;13.91;1.38
2025;153;43.7;-999.0;22.02;25.56;19.7;86.4;16.08;0.88;0.84;16.55;1.62
2025;154;4.69;-999.0;22.08;26.43;18.92;84.41;15.71;0.86;0.86;16.89;1.78
2025;155;3.62;-999.0;21.52;25.57;18.56;85.64;15.46;0.85;0.85;13.92;1.64
2025;156;2.45;-999.0;22.12;26.42;17.97;84.03;15.7;0.84;0.85;14.61;1.62
2025;157;7.62;-999.0;21.57;25.73;18.31;86.94;15.72;0.85;0.84;10.41;2.11
2025;158;0.14;-999.0;21.52;26.43;17.17;83.03;14.93;0.83;0.84;20.37;2.19
2025;159;2.17;-999.0;21.87;26.48;17.61;83.02;15.26;0.83;0.83;17.37;2.08
2025;160;5.59;-999.0;22.23;26.94;18.45;83.69;15.73;0.83;0.83;15.06;1.73
2025;161;9.41;-999.0;21.96;26.05;18.29;83.39;15.37;0.84;0.83;14.14;1.73
2025;162;3.83;-999.0;21.69;25.55;18.69;83.17;15.08;0.83;0.83;15.8;1.75
2025;163;6.93;-999.0;21.9;26.44;17.76;84.22;15.52;0.83;0.83;15.33;1.77
2025;164;10.91;-999.0;21.97;25.67;19.18;85.24;15.76;0.85;0.84;13.14;1.28
2025;165;3.26;-999.0;22.23;26.94;18.52;82.69;15.42;0.84;0.84;16.54;0.8
2025;166;1.32;-999.0;22.86;27.0;19.08;82.26;15.97;0.83;0.83;18.24;0.55
2025;167;1.13;-999.0;22.77;26.93;19.09;81.39;15.78;0.82;0.83;14.6;1.46
2025;168;6.62;-999.0;22.07;26.48;18.26;82.88;15.43;0.82;0.82;16.12;1.79
2025;169;36.14;-999.0;21.54;26.07;17.85;84.18;15.18;0.88;0.84;20.82;2.26
2025;170;3.65;-999.0;21.22;25.85;17.11;84.85;15.0;0.85;0.86;19.4;2.01
2025;171;0.59;-999.0;21.32;25.23;17.9;85.57;15.23;0.84;0.85;17.51;1.67
2025;172;3.67;-999.0;21.62;25.31;17.94;85.9;15.57;0.84;0.84;14.26;1.6
2025;173;10.14;-999.0;22.26;25.97;18.66;84.99;16.04;0.84;0.84;12.96;1.31
2025;174;7.74;-999.0;22.18;25.64;19.28;84.98;15.93;0.85;0.85;13.54;0.76
2025;175;4.36;-999.0;22.39;26.24;19.03;84.58;16.01;0.84;0.85;12.59;0.84
2025;176;1.21;-999.0;21.91;26.51;18.02;81.8;14.99;0.83;0.84;19.91;1.61
2025;177;3.04;-999.0;21.72;27.08;16.94;80.23;14.55;0.83;0.83;19.69;1.57
2025;178;2.4;-999.0;21.8;26.39;17.71;82.5;15.1;0.83;0.82;16.77;1.89
2025;179;2.9;-999.0;21.37;25.57;17.65;83.84;14.93;0.82;0.82;19.62;1.78
2025;180;0.91;-999.0;21.63;26.42;17.01;81.83;14.76;0.81;0.82;15.47;1.55
2025;181;2.89;-999.0;21.63;26.31;17.75;83.12;15.05;0.81;0.81;16.46;1.96
2025;182;0.88;-999.0;21.47;25.98;17.95;84.34;15.16;0.81;0.8;16.27;2.06
2025;183;0.94;-999.0;20.36;22.28;18.48;87.35;14.73;0.81;0.8;18.63;2.19
2025;184;0.44;-999.0;20.78;24.77;17.81;83.44;14.32;0.8;0.8;15.97;2.07
2025;185;1.36;-999.0;20.1;23.9;16.9;84.77;13.96;0.8;0.79;15.22;1.91
2025;186;0.2;-999.0;20.61;25.49;15.92;81.62;13.83;0.79;0.79;18.74;2.01
2025;187;0.19;-999.0;21.07;25.05;17.22;80.31;14.0;0.79;0.78;15.69;1.74
2025;188;0.03;-999.0;21.51;25.99;17.25;81.11;14.53;0.78;0.78;21.9;1.45
2025;189;2.11;-999.0;21.77;26.39;17.32;81.86;14.92;0.78;0.77;17.5;1.78
2025;190;1.12;-999.0;20.68;23.46;18.06;87.14;14.89;0.78;0.77;16.29;1.63
2025;191;1.09;-999.0;21.49;25.9;18.22;82.86;14.84;0.78;0.77;15.56;1.87
2025;192;4.16;-999.0;21.04;25.14;18.5;85.49;14.95;0.78;0.77;14.06;1.66
2025;193;2.93;-999.0;21.27;25.68;17.6;82.95;14.65;0.78;0.77;15.6;2.01
2025;194;1.51;-999.0;21.29;26.16;17.04;81.23;14.34;0.78;0.76;19.15;1.76
2025;195;1.97;-999.0;20.51;25.31;17.1;83.47;14.07;0.77;0.76;16.47;2.02
2025;196;0.17;-999.0;20.76;26.33;15.43;77.43;13.24;0.76;0.76;19.93;2.18
2025;197;0.17;-999.0;21.74;26.67;16.54;78.22;14.23;0.76;0.75;17.17;1.71
2025;198;0.15;-999.0;22.5;27.74;17.9;78.47;14.92;0.75;0.74;19.02;1.63
2025;199;0.46;-999.0;22.32;27.29;18.49;77.3;14.5;0.75;0.74;16.46;1.74
2025;200;0.44;-999.0;21.59;26.84;17.08;77.4;13.95;0.75;0.73;14.89;2.08
2025;201;0.06;-999.0;21.17;26.0;16.92;78.33;13.7;0.74;0.73;17.5;1.85
2025;202;0.54;-999.0;21.88;26.76;16.63;78.55;14.36;0.74;0.72;15.75;1.51
2025;203;0.77;-999.0;22.35;26.77;18.07;79.76;15.0;0.74;0.72;13.65;1.09
2025;204;0.92;-999.0;23.2;28.0;18.31;77.63;15.35;0.73;0.71;15.48;1.34
2025;205;0.94;-999.0;23.37;28.1;19.36;79.61;15.9;0.73;0.71;20.34;1.26
2025;206;1.43;-999.0;22.5;25.98;18.66;80.21;15.31;0.73;0.71;18.2;1.43
2025;207;1.87;-999.0;21.84;25.97;19.06;83.06;15.23;0.73;0.71;15.4;1.84
2025;208;3.62;-999.0;22.05;27.32;18.21;79.37;14.6;0.73;0.71;20.75;1.72
2025;209;0.64;-999.0;21.7;27.55;16.82;76.3;13.72;0.73;0.71;18.47;1.99
2025;210;1.0;-999.0;21.89;27.49;16.72;74.42;13.55;0.72;0.7;15.95;1.72
2025;211;0.04;-999.0;21.85;28.09;16.9;68.77;12.44;0.71;0.7;18.9;1.74
2025;212;0.4;-999.0;22.04;28.02;15.63;71.35;13.22;0.71;0.69;22.33;1.49
2025;213;0.8;-999.0;23.38;28.37;17.9;74.86;14.96;0.7;0.69;19.71;1.2
2025;214;2.72;-999.0;23.33;28.29;19.68;76.54;15.22;0.71;0.69;9.63;1.37
2025;215;3.6;-999.0;23.26;28.51;18.41;76.33;15.07;0.71;0.69;18.98;1.36
2025;216;0.56;-999.0;22.61;27.94;18.65;75.15;14.23;0.7;0.68;15.5;1.64
2025;217;0.08;-999.0;22.6;28.16;17.01;70.6;13.39;0.69;0.68;22.04;1.58
2025;218;1.61;-999.0;22.56;26.64;18.72;75.34;14.27;0.69;0.67;19.72;1.06
2025;219;6.02;-999.0;22.25;26.57;17.46;74.6;13.85;0.71;0.68;13.28;0.63
2025;220;11.09;-999.0;20.91;23.8;18.59;85.27;14.76;0.74;0.69;13.73;1.17
2025;221;17.86;-999.0;21.91;25.75;17.9;80.55;14.78;0.77;0.72;15.22;0.96
2025;222;2.9;-999.0;22.12;27.18;18.47;78.04;14.35;0.73;0.71;19.97;1.8
2025;223;1.24;-999.0;21.66;26.85;17.63;77.92;14.02;0.72;0.71;-999.0;1.95
2025;224;0.42;-999.0;22.2;27.18;17.53;76.05;14.16;0.71;0.7;16.77;1.48
2025;225;0.34;-999.0;22.63;26.6;18.37;75.69;14.48;0.71;0.69;12.97;0.83
2025;226;5.59;-999.0;22.41;27.3;17.93;77.11;14.51;0.72;0.69;16.72;1.15
2025;227;10.58;-999.0;22.13;27.0;17.56;78.59;14.53;0.73;0.69;7.73;1.49
2025;228;6.7;-999.0;22.56;26.51;18.89;76.59;14.53;0.74;0.7;15.1;1.03
2025;229;3.12;-999.0;22.99;26.56;19.38;77.79;15.21;0.73;0.7;16.07;0.69
2025;230;0.75;-999.0;22.95;27.65;19.0;77.48;15.04;0.71;0.7;19.22;1.4
2025;231;0.19;-999.0;22.89;27.39;17.82;73.82;14.26;0.7;0.69;20.65;1.01
2025;232;0.27;-999.0;23.66;28.39;19.14;74.14;15.07;0.7;0.68;19.85;1.02
2025;233;2.47;-999.0;23.6;27.75;19.32;73.62;14.96;0.7;0.68;14.81;1.25
2025;234;6.34;-999.0;23.69;27.93;19.6;74.63;15.18;0.71;0.68;16.51;0.95
2025;235;1.9;-999.0;23.2;27.57;19.3;76.43;15.09;0.7;0.68;14.78;0.96
2025;236;2.62;-999.0;23.61;29.03;17.86;73.05;14.72;0.69;0.67;20.29;1.08
2025;237;0.62;-999.0;23.15;27.98;18.92;75.41;14.81;0.69;0.67;14.02;1.27
2025;238;0.3;-999.0;23.04;29.01;18.66;71.44;13.85;0.68;0.67;17.37;2.29
2025;239;0.46;-999.0;22.63;28.26;17.92;69.89;13.3;0.67;0.66;20.28;2.35
2025;240;0.11;-999.0;23.08;29.54;18.33;67.72;13.11;0.66;0.66;14.02;2.08
2025;241;3.16;-999.0;23.37;29.27;17.78;69.22;13.66;0.67;0.65;20.27;0.97
2025;242;2.84;-999.0;23.17;28.44;18.0;72.89;14.21;0.68;0.65;18.9;0.63
2025;243;1.66;-999.0;22.99;26.92;19.42;74.0;14.48;0.67;0.65;13.39;0.62
2025;244;2.51;-999.0;23.43;28.38;18.85;74.51;14.91;0.67;0.65;12.32;1.0
2025;245;0.22;-999.0;23.4;28.33;19.01;74.9;14.89;0.66;0.65;18.56;1.41
2025;246;1.73;-999.0;23.56;28.86;18.8;71.94;14.41;0.66;0.65;17.07;1.35
2025;247;0.65;-999.0;23.22;28.14;18.26;71.46;14.04;0.65;0.65;12.19;1.47
2025;248;2.69;-999.0;23.34;27.95;18.95;72.49;14.39;0.66;0.64;6.07;1.35
2025;249;2.6;-999.0;23.43;28.3;18.84;71.77;14.21;0.66;0.65;12.78;1.21
2025;250;2.08;-999.0;21.57;25.47;19.03;78.91;14.12;0.66;0.65;10.63;1.68
2025;251;0.43;-999.0;23.05;29.06;18.24;71.33;13.73;0.65;0.64;16.27;0.96
2025;252;0.68;-999.0;23.65;30.11;17.95;70.23;14.06;0.64;0.64;22.65;1.44
2025;253;0.69;-999.0;23.74;30.7;17.93;67.73;13.55;0.64;0.64;18.91;1.75
2025;254;0.26;-999.0;23.76;30.16;17.74;68.23;13.8;0.63;0.63;14.24;1.76
2025;255;0.04;-999.0;24.22;29.0;19.92;66.93;13.97;0.63;0.63;13.8;1.61
2025;256;0.03;-999.0;24.19;30.72;19.34;64.96;13.37;0.62;0.63;16.45;1.68
2025;257;0.58;-999.0;24.13;30.81;18.06;64.24;13.28;0.62;0.62;18.67;1.62
2025;258;1.99;-999.0;23.62;29.68;19.06;67.12;13.38;0.63;0.62;18.55;1.9
2025;259;0.35;-999.0;24.27;30.22;17.98;64.81;13.55;0.61;0.62;14.58;1.39
2025;260;4.74;-999.0;24.44;29.49;20.97;71.23;15.09;0.63;0.62;13.3;0.86
2025;261;18.07;-999.0;21.75;24.66;19.54;82.27;15.01;0.71;0.64;9.3;1.21
2025;262;10.97;-999.0;23.4;28.11;18.88;75.1;14.91;0.71;0.66;18.0;0.6
2025;263;5.31;-999.0;21.1;23.78;18.74;86.01;15.11;0.71;0.67;11.22;1.31
2025;264;1.71;-999.0;23.32;28.85;17.36;69.84;13.75;0.67;0.66;21.38;1.31
2025;265;1.31;-999.0;23.55;28.18;19.7;75.25;15.25;0.67;0.65;21.33;1.16
2025;266;0.31;-999.0;23.38;27.81;19.93;74.76;14.91;0.66;0.65;16.11;1.09
2025;267;0.95;-999.0;23.07;28.97;18.49;69.8;13.62;0.65;0.64;16.02;2.2
2025;268;6.39;-999.0;23.27;29.11;18.23;67.74;13.38;0.65;0.64;22.5;2.03
2025;269;1.8;-999.0;23.81;29.29;19.24;69.48;14.08;0.64;0.64;19.4;1.83
2025;270;3.61;-999.0;23.62;28.33;19.41;73.06;14.71;0.65;0.64;21.0;0.68
2025;271;4.31;-999.0;23.96;29.41;19.12;74.25;15.12;0.66;0.64;17.78;0.68
2025;272;10.32;-999.0;24.03;29.77;19.75;73.54;15.01;0.67;0.64;18.34;1.31
2025;273;8.27;-999.0;20.87;23.52;18.79;82.79;14.33;0.7;0.66;12.61;1.4
2025;274;7.57;-999.0;19.73;24.35;16.41;84.89;14.0;0.74;0.71;16.51;0.59
2025;275;5.48;-999.0;20.41;25.9;16.21;80.18;13.68;0.74;0.7;21.89;0.55
2025;276;6.76;-999.0;20.02;24.52;16.65;81.6;13.74;0.74;0.7;12.85;0.45
2025;277;5.36;-999.0;20.44;25.65;16.76;80.15;13.74;0.74;0.7;14.14;0.5
2025;278;7.07;-999.0;20.41;25.71;16.44;80.47;13.81;0.74;0.7;12.99;0.51
2025;279;6.62;-999.0;20.43;25.67;17.12;81.3;13.99;0.74;0.7;16.16;0.49
2025;280;8.28;-999.0;20.29;25.46;16.78;82.15;14.02;0.74;0.7;17.82;0.44
2025;281;9.44;-999.0;18.93;22.93;16.55;89.01;14.07;0.75;0.71;6.37;0.61
2025;282;7.42;-999.0;19.1;24.04;15.84;87.72;13.95;0.74;0.71;15.23;0.56
2025;283;5.31;-999.0;19.39;24.05;16.4;85.15;13.76;0.74;0.71;13.03;0.61
2025;284;13.72;-999.0;20.03;25.25;16.7;82.82;13.92;0.75;0.71;15.5;0.32
2025;285;3.71;-999.0;19.41;23.83;16.39;83.46;13.51;0.74;0.71;15.22;0.52
2025;286;5.83;-999.0;19.89;25.77;14.56;80.63;13.32;0.74;0.71;18.23;0.43
2025;287;8.86;-999.0;20.34;25.73;16.59;81.02;13.82;0.75;0.71;16.39;0.52
2025;288;6.86;-999.0;20.05;25.11;16.07;82.06;13.77;0.74;0.71;-999.0;0.63
2025;289;14.6;-999.0;20.04;24.92;16.59;83.31;14.01;0.76;0.71;17.11;0.31
2025;290;15.52;-999.0;20.28;25.23;17.13;84.14;14.33;0.77;0.72;15.86;0.39
2025;291;12.26;-999.0;20.63;25.42;17.41;81.95;14.26;0.77;0.73;13.05;0.49
2025;292;8.54;-999.0;20.54;25.52;16.93;82.24;14.21;0.76;0.72;15.84;0.51
2025;293;13.88;-999.0;20.34;24.96;17.15;83.63;14.35;0.77;0.73;12.61;0.58
2025;294;7.19;-999.0;20.65;25.44;16.95;81.12;14.15;0.76;0.73;16.17;0.55
2025;295;7.22;-999.0;20.63;24.96;17.24;81.54;14.26;0.76;0.72;17.09;0.53
2025;296;10.9;-999.0;20.38;25.29;16.74;83.45;14.31;0.76;0.72;17.96;0.58
2025;297;9.82;-999.0;20.4;25.16;16.89;83.7;14.37;0.76;0.73;12.0;0.61
2025;298;11.74;-999.0;20.93;25.79;17.31;81.71;14.5;0.77;0.73;16.61;0.41
2025;299;15.91;-999.0;20.31;23.21;18.05;86.08;14.86;0.78;0.74;17.86;0.42
2025;300;20.47;-999.0;20.94;25.66;18.0;84.24;15.0;0.79;0.74;10.88;0.29
2025;301;9.81;-999.0;20.9;25.52;17.81;84.08;14.93;0.78;0.75;17.16;0.58
2025;302;7.75;-999.0;20.03;23.8;17.19;85.44;14.43;0.78;0.75;17.6;0.58
2025;303;9.36;-999.0;20.29;25.01;17.17;83.42;14.24;0.78;0.74;13.5;0.35
2025;304;6.92;-999.0;20.25;25.13;17.09;83.2;14.18;0.78;0.75;15.45;0.45
