date,DEPARTAMENTO,PRECTOTCORR,IMERG_PRECTOT,T2M,T2M_MAX,T2M_MIN,RH2M,QV2M,GWETTOP,GWETROOT,ALLSKY_SFC_SW_DWN,WS2M
2021-01-03,ANTIOQUIA,5.896666666666666,,21.30333333333333,26.173333333333332,17.563333333333333,87.09333333333332,15.549999999999999,0.7166666666666667,0.68,16.206666666666667,0.22333333333333336
2021-01-10,ANTIOQUIA,2.29,,20.631428571428575,24.787142857142857,17.475714285714286,84.59,14.494285714285715,0.7028571428571428,0.6685714285714287,16.265714285714285,0.1942857142857143
2021-01-17,ANTIOQUIA,1.7757142857142856,,21.91142857142857,27.26142857142857,18.247142857142858,81.55857142857143,14.98,0.6585714285714286,0.6414285714285715,20.145714285714284,0.19714285714285712
2021-01-24,ANTIOQUIA,2.8228571428571425,,22.115714285714287,27.512857142857143,18.148571428571426,77.53714285714285,14.351428571428572,0.6114285714285714,0.6114285714285714,18.298571428571428,0.2414285714285714
2021-01-31,ANTIOQUIA,2.1314285714285712,,22.58857142857143,28.322857142857142,18.551428571428573,76.52285714285713,14.515714285714285,0.5971428571428571,0.6042857142857142,19.845714285714283,0.24571428571428572
2021-02-07,ANTIOQUIA,3.2257142857142855,,22.434285714285714,27.90857142857143,18.664285714285715,77.7957142857143,14.671428571428573,0.5914285714285714,0.5971428571428571,17.73,0.20714285714285713
2021-02-14,ANTIOQUIA,2.4842857142857144,,21.997142857142855,27.035714285714285,18.551428571428573,79.96285714285715,14.758571428571429,0.5842857142857143,0.5928571428571427,15.355714285714287,0.13428571428571429
2021-02-21,ANTIOQUIA,3.2328571428571427,,21.212857142857143,26.16714285714286,17.69857142857143,80.46285714285715,14.105714285714285,0.6114285714285714,0.61,14.405714285714286,0.10428571428571429
2021-02-28,ANTIOQUIA,1.4914285714285715,,23.314285714285713,29.704285714285714,18.87,75.61714285714285,14.868571428571428,0.5728571428571428,0.5885714285714286,16.45,0.1157142857142857
2021-03-07,ANTIOQUIA,3.261428571428571,,22.388571428571428,28.208571428571428,18.43285714285714,76.37714285714286,14.274285714285714,0.5685714285714286,0.5814285714285713,14.844285714285714,0.09428571428571429
2021-03-14,ANTIOQUIA,0.99,,21.318571428571428,25.91857142857143,18.148571428571426,80.12285714285714,14.152857142857142,0.5728571428571428,0.5857142857142856,14.231428571428571,0.11857142857142858
2021-03-21,ANTIOQUIA,0.6014285714285714,,21.875714285714285,27.424285714285713,18.431428571428572,77.08857142857143,14.024285714285714,0.5428571428571429,0.5657142857142857,17.035714285714285,0.09428571428571429
2021-03-28,ANTIOQUIA,2.2157142857142857,,22.472857142857144,28.22714285714286,18.695714285714285,74.67999999999999,13.992857142857144,0.5457142857142857,0.5657142857142857,15.429999999999998,0.1285714285714286
2021-04-04,ANTIOQUIA,1.05,,23.784285714285716,29.740000000000002,19.822857142857142,72.14857142857143,14.558571428571428,0.5357142857142857,0.5585714285714286,16.60142857142857,0.11
2021-04-11,ANTIOQUIA,0.8442857142857143,,23.62142857142857,30.03,19.148571428571426,71.08571428571429,14.117142857142856,0.5114285714285715,0.5385714285714286,17.69857142857143,0.09142857142857143
2021-04-18,ANTIOQUIA,10.607142857142858,,23.012857142857143,28.728571428571428,19.49142857142857,77.71142857142857,15.044285714285715,0.59,0.5742857142857142,16.861428571428572,0.10714285714285714
2021-04-25,ANTIOQUIA,3.1128571428571425,,22.102857142857143,26.71142857142857,18.225714285714286,79.03999999999999,14.717142857142857,0.6328571428571428,0.6242857142857143,18.472857142857144,0.19999999999999998
2021-05-02,ANTIOQUIA,0.2928571428571428,,21.400000000000002,25.59857142857143,18.425714285714285,80.33714285714287,14.337142857142856,0.5828571428571429,0.5971428571428571,14.435714285714285,0.10428571428571429
2021-05-09,ANTIOQUIA,0.22714285714285712,,22.30857142857143,28.12142857142857,18.25,74.51142857142858,13.817142857142857,0.5471428571428572,0.5714285714285714,17.14428571428571,0.09999999999999999
2021-05-16,ANTIOQUIA,0.014285714285714287,,24.83142857142857,31.41714285714286,19.650000000000002,65.07000000000001,13.865714285714287,0.5142857142857143,0.5442857142857144,19.231428571428573,0.07857142857142858
2021-05-23,ANTIOQUIA,0.12571428571428572,,24.80857142857143,31.114285714285717,19.87285714285714,64.92999999999999,13.802857142857144,0.49142857142857144,0.5242857142857142,18.428571428571427,0.07571428571428572
2021-05-30,ANTIOQUIA,2.295714285714286,,23.759999999999998,29.740000000000002,19.584285714285716,71.14,14.078571428571427,0.49571428571428566,0.5171428571428571,15.861428571428572,0.07428571428571429
2021-06-06,ANTIOQUIA,2.207142857142857,,23.610000000000003,29.615714285714287,19.445714285714285,71.56857142857143,14.222857142857142,0.49714285714285716,0.5214285714285715,17.474285714285717,0.08857142857142856
2021-06-13,ANTIOQUIA,2.857142857142857,,22.615714285714287,28.46142857142857,18.664285714285715,73.72,13.862857142857143,0.5071428571428571,0.5314285714285715,14.087142857142856,0.11571428571428573
2021-06-20,ANTIOQUIA,4.595714285714286,,22.325714285714287,28.445714285714285,18.30857142857143,75.70285714285716,13.935714285714285,0.54,0.5528571428571428,17.914285714285715,0.09857142857142856
2021-06-27,ANTIOQUIA,1.2642857142857142,,22.542857142857144,29.05,17.731428571428573,71.69000000000001,13.35,0.5228571428571429,0.55,17.694285714285716,0.08285714285714287
2021-07-04,ANTIOQUIA,1.5285714285714285,,22.849999999999998,29.327142857142857,17.97714285714286,66.92714285714285,12.558571428571428,0.5042857142857143,0.5342857142857144,19.207142857142856,0.08857142857142856
2021-07-11,ANTIOQUIA,0.7328571428571429,,24.138571428571428,31.048571428571428,18.875714285714285,63.50857142857143,12.805714285714286,0.48142857142857143,0.5228571428571429,18.232857142857142,0.06571428571428571
2021-07-18,ANTIOQUIA,2.392857142857143,,24.44,31.740000000000002,19.205714285714286,63.31285714285714,12.977142857142857,0.4828571428571428,0.5171428571428571,18.745714285714286,0.06142857142857143
2021-07-25,ANTIOQUIA,2.742857142857143,,23.997142857142855,30.40857142857143,19.26142857142857,66.74285714285715,13.418571428571429,0.48857142857142855,0.5185714285714286,17.274285714285714,0.0842857142857143
2021-08-01,ANTIOQUIA,1.6371428571428572,,23.84142857142857,30.398571428571426,18.928571428571427,66.22714285714285,13.16,0.49142857142857144,0.5271428571428572,18.095714285714287,0.10857142857142857
2021-08-08,ANTIOQUIA,0.9471428571428572,,23.400000000000002,29.68285714285714,18.465714285714284,62.965714285714284,12.195714285714287,0.47714285714285715,0.5185714285714286,19.814285714285713,0.06285714285714286
2021-08-15,ANTIOQUIA,1.2957142857142858,,23.900000000000002,30.824285714285715,19.0,64.07571428571428,12.745714285714286,0.47000000000000003,0.5071428571428571,17.66857142857143,0.06999999999999999
2021-08-22,ANTIOQUIA,6.938571428571429,,22.967142857142854,29.442857142857143,18.835714285714285,73.27428571428572,14.022857142857143,0.52,0.5342857142857144,16.794285714285714,0.09
2021-08-29,ANTIOQUIA,3.914285714285714,,22.56,27.931428571428572,18.975714285714286,78.46000000000001,14.847142857142858,0.5614285714285715,0.5842857142857143,17.678571428571427,0.08714285714285715
2021-09-05,ANTIOQUIA,1.4214285714285713,,23.482857142857142,29.91142857142857,19.18,70.91857142857143,13.998571428571427,0.5228571428571429,0.5614285714285715,18.155714285714286,0.0642857142857143
2021-09-12,ANTIOQUIA,4.27,,23.535714285714285,30.099999999999998,18.81142857142857,70.53285714285714,13.831428571428573,0.53,0.5557142857142857,17.335714285714285,0.0842857142857143
2021-09-19,ANTIOQUIA,3.8114285714285714,,23.48,30.09,18.725714285714286,69.90857142857143,13.695714285714287,0.5542857142857143,0.5742857142857142,22.08285714285714,0.09428571428571429
2021-09-26,ANTIOQUIA,3.5285714285714285,,23.22714285714286,29.557142857142857,18.631428571428575,71.27142857142857,13.799999999999999,0.5557142857142857,0.5757142857142856,18.995714285714286,0.08285714285714287
2021-10-03,ANTIOQUIA,2.557142857142857,,23.54714285714286,30.12285714285714,18.98,69.75142857142858,13.784285714285714,0.5242857142857142,0.5571428571428572,17.934285714285714,0.08857142857142856
2021-10-10,ANTIOQUIA,10.285714285714286,,22.502857142857145,28.428571428571427,18.47,79.88857142857144,15.064285714285715,0.6028571428571429,0.59,17.138571428571428,0.07428571428571429
2021-10-17,ANTIOQUIA,2.244285714285714,,22.104285714285712,27.06142857142857,19.0,84.10142857142857,15.65,0.6314285714285715,0.6257142857142857,16.87857142857143,0.11142857142857143
2021-10-24,ANTIOQUIA,2.642857142857143,,21.835714285714285,26.995714285714286,18.56714285714286,81.94428571428571,14.938571428571427,0.62,0.6142857142857142,17.957142857142856,0.12571428571428572
2021-10-31,ANTIOQUIA,6.0371428571428565,,21.228571428571428,25.178571428571427,18.875714285714285,86.76,15.401428571428571,0.6485714285714286,0.6314285714285715,16.724285714285713,0.09571428571428572
2021-11-07,ANTIOQUIA,1.9528571428571428,,21.56142857142857,26.33857142857143,18.33142857142857,82.31285714285714,14.807142857142859,0.64,0.6328571428571428,18.144285714285715,0.14142857142857143
2021-11-14,ANTIOQUIA,1.0885714285714285,,21.525714285714287,26.037142857142857,18.181428571428572,81.31285714285714,14.59,0.6085714285714285,0.6114285714285714,15.907142857142857,0.18857142857142856
2021-11-21,ANTIOQUIA,2.4414285714285713,,21.41142857142857,26.485714285714288,17.73857142857143,81.07142857142857,14.445714285714287,0.5857142857142856,0.5942857142857143,16.388571428571428,0.20714285714285713
2021-11-28,ANTIOQUIA,6.804285714285713,,20.437142857142856,24.351428571428574,17.83857142857143,88.95428571428572,15.1,0.6714285714285715,0.6428571428571429,15.731428571428571,0.14714285714285716
2021-12-05,ANTIOQUIA,4.9628571428571435,,21.07,25.527142857142856,18.1,87.12571428571428,15.35142857142857,0.6757142857142858,0.6471428571428571,16.324285714285715,0.15142857142857144
2021-12-12,ANTIOQUIA,1.6442857142857144,,21.95285714285714,26.755714285714284,18.714285714285715,82.52714285714286,15.275714285714287,0.6257142857142857,0.6228571428571429,14.021428571428572,0.17142857142857143
2021-12-19,ANTIOQUIA,2.4014285714285712,,21.17142857142857,26.165714285714284,17.75857142857143,82.42571428571429,14.512857142857143,0.6028571428571429,0.6057142857142858,16.09857142857143,0.16571428571428573
2021-12-26,ANTIOQUIA,4.341428571428572,,21.47142857142857,26.524285714285718,18.091428571428573,85.42857142857143,15.314285714285715,0.6214285714285713,0.6157142857142857,16.318571428571428,0.13857142857142857
2022-01-02,ANTIOQUIA,3.518571428571429,,20.774285714285714,25.201428571428572,18.075714285714287,85.86285714285714,14.85142857142857,0.6242857142857143,0.6185714285714285,13.744285714285715,0.18285714285714286
2022-01-09,ANTIOQUIA,4.182857142857143,,20.777142857142856,25.868571428571425,17.40285714285714,81.12142857142858,13.904285714285715,0.6371428571428571,0.6242857142857143,15.321428571428571,0.2057142857142857
2022-01-16,ANTIOQUIA,5.077142857142857,,20.478571428571428,25.107142857142858,17.288571428571426,85.61142857142856,14.467142857142857,0.6628571428571428,0.6385714285714286,14.354285714285714,0.1357142857142857
2022-01-23,ANTIOQUIA,0.8428571428571427,,22.032857142857143,27.077142857142857,18.514285714285712,79.80857142857143,14.721428571428572,0.6257142857142857,0.6242857142857143,16.677142857142858,0.18571428571428572
2022-01-30,ANTIOQUIA,2.2528571428571427,,21.685714285714287,27.555714285714284,17.61,77.74857142857142,13.952857142857143,0.5957142857142858,0.6014285714285714,16.397142857142857,0.14714285714285716
2022-02-06,ANTIOQUIA,3.3242857142857143,,21.777142857142856,27.830000000000002,17.60142857142857,75.87,13.638571428571428,0.5757142857142857,0.5857142857142856,17.414285714285715,0.18142857142857144
2022-02-13,ANTIOQUIA,4.64,,21.25857142857143,26.541428571428572,17.64857142857143,83.72142857142856,14.768571428571429,0.6285714285714287,0.6185714285714285,14.845714285714285,0.17285714285714285
2022-02-20,ANTIOQUIA,5.517142857142858,,21.771428571428572,27.08142857142857,18.10571428571429,79.91428571428571,14.498571428571427,0.61,0.6042857142857142,14.012857142857143,0.17714285714285713
2022-02-27,ANTIOQUIA,4.228571428571429,,21.669999999999998,27.301428571428573,17.782857142857143,79.62142857142858,14.319999999999999,0.64,0.6257142857142857,15.862857142857141,0.1542857142857143
2022-03-06,ANTIOQUIA,11.067142857142857,,20.405714285714286,24.024285714285714,18.077142857142857,90.16428571428571,15.29857142857143,0.7299999999999999,0.6742857142857143,13.051428571428572,0.1842857142857143
2022-03-13,ANTIOQUIA,5.301428571428572,,20.747142857142855,24.99285714285714,17.964285714285715,86.66428571428571,14.959999999999999,0.7557142857142857,0.7142857142857143,18.62142857142857,0.15857142857142859
2022-03-20,ANTIOQUIA,6.571428571428571,,21.334285714285716,26.16,18.391428571428573,86.8157142857143,15.534285714285716,0.7671428571428571,0.7285714285714285,18.375714285714285,0.1842857142857143
2022-03-27,ANTIOQUIA,7.191428571428572,,21.562857142857144,26.15285714285714,18.63714285714286,87.79285714285713,15.92,0.7828571428571429,0.7471428571428572,15.442857142857141,0.15142857142857144
2022-04-03,ANTIOQUIA,8.424285714285714,,21.294285714285714,25.722857142857144,18.38714285714286,86.85571428571428,15.51142857142857,0.8028571428571428,0.7685714285714286,16.204285714285714,0.16714285714285712
2022-04-10,ANTIOQUIA,12.888571428571428,,21.10571428571429,25.05,18.65142857142857,90.30142857142857,16.025714285714287,0.8571428571428571,0.8385714285714286,16.917142857142856,0.12428571428571429
2022-04-17,ANTIOQUIA,2.8485714285714283,,21.77285714285714,25.654285714285717,18.83285714285714,86.10571428571428,15.885714285714286,0.8442857142857143,0.8414285714285714,15.198571428571428,0.19428571428571426
2022-04-24,ANTIOQUIA,15.922857142857142,,19.962857142857143,23.259999999999998,17.92142857142857,91.54857142857142,15.12142857142857,0.8842857142857143,0.8842857142857143,14.574285714285713,0.12142857142857143
2022-05-01,ANTIOQUIA,4.622857142857143,,20.914285714285715,24.860000000000003,18.102857142857143,89.23285714285714,15.620000000000001,0.8957142857142858,0.9242857142857144,17.087142857142858,0.14142857142857143
2022-05-08,ANTIOQUIA,8.634285714285713,,21.625714285714285,25.604285714285716,18.990000000000002,88.6842857142857,16.202857142857145,0.8885714285714286,0.9085714285714286,17.164285714285715,0.16285714285714287
2022-05-15,ANTIOQUIA,10.498571428571427,,21.157142857142855,24.937142857142856,18.40285714285714,90.72857142857143,16.169999999999998,0.91,0.9400000000000001,16.37,0.11714285714285713
2022-05-22,ANTIOQUIA,9.234285714285715,,21.287142857142857,25.43,18.457142857142856,89.36142857142856,15.982857142857142,0.92,0.9557142857142856,15.458571428571428,0.15142857142857144
2022-05-29,ANTIOQUIA,3.8542857142857145,,21.09142857142857,24.65285714285714,18.217142857142857,88.11142857142856,15.611428571428572,0.9057142857142857,0.9442857142857142,16.332857142857144,0.18714285714285714
2022-06-05,ANTIOQUIA,13.31857142857143,,20.580000000000002,24.265714285714285,17.90285714285714,91.48571428571428,15.73857142857143,0.92,0.9514285714285714,14.692857142857141,0.14714285714285716
2022-06-12,ANTIOQUIA,6.255714285714285,,20.357142857142858,23.724285714285713,17.835714285714285,91.41,15.501428571428573,0.92,0.96,15.290000000000001,0.1357142857142857
2022-06-19,ANTIOQUIA,8.898571428571428,,20.672857142857143,24.514285714285712,17.99857142857143,90.37714285714286,15.584285714285715,0.9185714285714287,0.9557142857142856,14.812857142857142,0.09857142857142856
2022-06-26,ANTIOQUIA,5.272857142857142,,20.827142857142857,24.804285714285715,18.12857142857143,89.4057142857143,15.552857142857144,0.9085714285714286,0.9457142857142857,15.83,0.11714285714285715
2022-07-03,ANTIOQUIA,9.907142857142857,,20.677142857142858,24.442857142857143,18.004285714285714,89.89999999999999,15.547142857142857,0.9185714285714287,0.9557142857142856,16.791428571428572,0.1642857142857143
2022-07-10,ANTIOQUIA,3.14,,21.568571428571428,25.562857142857144,18.220000000000002,86.57142857142857,15.752857142857142,0.8971428571428571,0.9271428571428572,17.445714285714285,0.21571428571428572
2022-07-17,ANTIOQUIA,4.234285714285714,,21.307142857142857,25.038571428571426,18.5,88.59571428571428,15.87857142857143,0.8842857142857143,0.9042857142857142,17.59714285714286,0.1957142857142857
2022-07-24,ANTIOQUIA,9.15857142857143,,20.75,24.608571428571427,17.45,87.37714285714286,15.132857142857143,0.8742857142857143,0.8785714285714287,16.737142857142857,0.16999999999999998
2022-07-31,ANTIOQUIA,17.622857142857143,,20.72142857142857,24.849999999999998,17.974285714285713,90.19000000000001,15.588571428571429,0.92,0.9514285714285714,16.60571428571429,0.12285714285714287
2022-08-07,ANTIOQUIA,10.567142857142857,,20.82857142857143,24.384285714285713,18.53857142857143,89.73142857142857,15.642857142857142,0.937142857142857,0.9785714285714285,17.512857142857143,0.15
2022-08-14,ANTIOQUIA,4.784285714285714,,21.16,25.28,18.110000000000003,86.46857142857142,15.344285714285714,0.9128571428571429,0.9557142857142856,18.358571428571427,0.16
2022-08-21,ANTIOQUIA,3.7157142857142853,,21.314285714285713,25.674285714285713,18.27285714285714,86.4742857142857,15.434285714285712,0.9,0.9328571428571429,19.162857142857142,0.1742857142857143
2022-08-28,ANTIOQUIA,4.627142857142857,,20.634285714285713,24.787142857142857,17.59857142857143,87.68571428571428,15.028571428571428,0.8814285714285715,0.9028571428571429,17.451428571428572,0.14285714285714285
2022-09-04,ANTIOQUIA,5.640000000000001,,20.928571428571427,25.427142857142858,17.642857142857142,88.13571428571429,15.395714285714286,0.8742857142857143,0.8857142857142858,17.715714285714288,0.13285714285714284
2022-09-11,ANTIOQUIA,3.915714285714286,,21.360000000000003,25.61285714285714,18.12142857142857,88.13857142857144,15.787142857142857,0.8614285714285714,0.8671428571428572,18.951428571428572,0.1285714285714286
2022-09-18,ANTIOQUIA,10.354285714285714,,20.804285714285715,24.94142857142857,18.234285714285715,89.78857142857143,15.588571428571429,0.87,0.8714285714285713,17.47714285714286,0.11714285714285713
2022-09-25,ANTIOQUIA,9.16,,20.181428571428572,24.091428571428573,17.564285714285713,90.26142857142858,15.088571428571429,0.8928571428571429,0.91,16.617142857142856,0.11142857142857143
2022-10-02,ANTIOQUIA,4.8185714285714285,,20.771428571428572,24.50714285714286,18.015714285714285,88.79285714285716,15.39,0.8871428571428571,0.9057142857142857,16.93,0.18571428571428572
2022-10-09,ANTIOQUIA,8.504285714285714,,20.702857142857145,24.487142857142857,18.34,90.61571428571428,15.672857142857143,0.8914285714285715,0.91,17.02857142857143,0.12
2022-10-16,ANTIOQUIA,3.46,,20.804285714285715,24.82857142857143,17.895714285714288,89.49428571428572,15.528571428571428,0.8828571428571428,0.9057142857142857,18.12142857142857,0.14285714285714285
2022-10-23,ANTIOQUIA,12.418571428571429,,19.997142857142855,23.055714285714288,18.041428571428572,93.44142857142857,15.527142857142858,0.9057142857142857,0.9314285714285714,15.042857142857144,0.13285714285714284
2022-10-30,ANTIOQUIA,10.971428571428572,,19.83142857142857,23.051428571428573,17.582857142857144,93.01714285714286,15.282857142857143,0.9328571428571429,0.9728571428571428,15.602857142857143,0.10285714285714286
2022-11-06,ANTIOQUIA,4.201428571428571,,20.34,24.024285714285714,17.705714285714286,90.95285714285714,15.388571428571428,0.9214285714285715,0.9671428571428571,16.11857142857143,0.12714285714285714
2022-11-13,ANTIOQUIA,14.492857142857144,,20.042857142857144,23.458571428571428,17.752857142857145,92.37571428571428,15.39,0.9414285714285714,0.9828571428571429,15.87142857142857,0.13999999999999999
2022-11-20,ANTIOQUIA,6.0928571428571425,,20.647142857142857,24.407142857142855,17.931428571428572,91.17285714285715,15.73857142857143,0.9428571428571428,0.9842857142857142,15.06857142857143,0.13
2022-11-27,ANTIOQUIA,5.364285714285714,,20.169999999999998,23.59142857142857,17.791428571428572,91.60000000000001,15.370000000000001,0.9285714285714286,0.9757142857142858,14.477142857142857,0.11285714285714286
2022-12-04,ANTIOQUIA,3.888571428571429,,19.131428571428568,22.62714285714286,16.422857142857143,91.15285714285713,14.321428571428571,0.9242857142857144,0.9714285714285714,15.358571428571429,0.13
2022-12-11,ANTIOQUIA,4.7457142857142856,,19.417142857142856,23.664285714285715,16.365714285714287,90.10428571428572,14.395714285714286,0.9142857142857144,0.9571428571428571,14.180000000000001,0.1457142857142857
2022-12-18,ANTIOQUIA,1.7328571428571427,,20.49142857142857,24.385714285714283,17.762857142857143,89.12714285714286,15.23,0.8942857142857142,0.9285714285714286,16.205714285714286,0.1757142857142857
2022-12-25,ANTIOQUIA,0.8985714285714286,,20.12,24.674285714285713,16.94142857142857,87.64428571428572,14.620000000000001,0.8714285714285713,0.89,17.39428571428571,0.22
2023-01-01,ANTIOQUIA,2.664285714285714,,20.055714285714284,24.327142857142857,16.717142857142857,88.70714285714287,14.728571428571428,0.8585714285714285,0.8642857142857142,14.585714285714285,0.19714285714285715
2023-01-08,ANTIOQUIA,7.1242857142857146,,19.71,23.895714285714288,16.658571428571427,89.01285714285714,14.415714285714285,0.8571428571428571,0.8514285714285714,13.498571428571429,0.14857142857142858
2023-01-15,ANTIOQUIA,9.450000000000001,,19.33285714285714,23.3,16.674285714285713,91.59857142857142,14.562857142857142,0.8828571428571428,0.89,15.127142857142857,0.18857142857142858
2023-01-22,ANTIOQUIA,4.681428571428571,,19.657142857142855,23.822857142857142,16.625714285714285,88.22714285714287,14.285714285714286,0.8857142857142858,0.9057142857142857,15.43142857142857,0.21428571428571427
2023-01-29,ANTIOQUIA,0.43714285714285717,,20.52285714285714,25.46,16.91,83.17285714285715,14.135714285714286,0.8571428571428571,0.8685714285714285,21.194285714285716,0.24
2023-02-05,ANTIOQUIA,0.6428571428571429,,20.108571428571427,25.26142857142857,16.324285714285715,84.27857142857144,13.950000000000001,0.8214285714285714,0.8157142857142857,19.810000000000002,0.24571428571428572
2023-02-12,ANTIOQUIA,1.3699999999999999,,21.18,25.684285714285714,18.41,84.86285714285714,15.008571428571429,0.7842857142857144,0.7642857142857142,17.211428571428574,0.1742857142857143
2023-02-19,ANTIOQUIA,3.142857142857143,,20.7,25.055714285714284,17.794285714285714,88.05857142857143,15.195714285714287,0.7742857142857142,0.7471428571428572,15.567142857142857,0.16285714285714287
2023-02-26,ANTIOQUIA,1.9414285714285715,,20.705714285714286,25.66142857142857,17.187142857142856,83.24857142857142,14.23857142857143,0.75,0.7257142857142858,16.502857142857145,0.23
2023-03-05,ANTIOQUIA,5.125714285714286,,21.635714285714283,26.184285714285714,18.90857142857143,86.72428571428573,15.821428571428571,0.7214285714285714,0.6842857142857143,17.162857142857142,0.16142857142857145
2023-03-12,ANTIOQUIA,15.04857142857143,,20.285714285714285,24.052857142857142,17.835714285714285,90.58714285714287,15.26142857142857,0.8085714285714286,0.7642857142857142,13.244285714285715,0.1442857142857143
2023-03-19,ANTIOQUIA,12.624285714285715,,19.978571428571428,23.364285714285717,17.694285714285716,90.55,14.962857142857143,0.87,0.8628571428571429,14.631428571428572,0.16714285714285712
2023-03-26,ANTIOQUIA,2.992857142857143,,20.978571428571428,25.422857142857143,17.935714285714287,86.64571428571428,15.188571428571427,0.8628571428571429,0.8757142857142857,15.174285714285714,0.18142857142857144
2023-04-02,ANTIOQUIA,5.2299999999999995,,20.987142857142857,24.934285714285714,17.685714285714287,86.97,15.275714285714287,0.8657142857142857,0.8757142857142857,15.327142857142858,0.18857142857142858
2023-04-09,ANTIOQUIA,5.941428571428572,,21.302857142857142,25.804285714285715,17.984285714285715,86.76857142857143,15.497142857142858,0.8614285714285714,0.87,16.335714285714285,0.1657142857142857
2023-04-16,ANTIOQUIA,5.921428571428572,,21.442857142857143,25.562857142857144,18.71,88.07000000000001,15.912857142857144,0.85,0.8471428571428571,14.925714285714287,0.1542857142857143
2023-04-23,ANTIOQUIA,9.15,,21.00142857142857,24.97714285714286,17.927142857142858,89.87142857142858,15.802857142857144,0.88,0.8914285714285715,14.731428571428571,0.11714285714285715
2023-04-30,ANTIOQUIA,6.119999999999999,,21.47,25.944285714285712,18.377142857142854,88.13857142857144,15.888571428571428,0.8742857142857143,0.8871428571428571,16.201428571428572,0.11857142857142858
2023-05-07,ANTIOQUIA,0.3742857142857143,,22.87,27.16857142857143,19.5,83.58428571428571,16.437142857142856,0.8414285714285714,0.85,22.704285714285714,0.17714285714285713
2023-05-14,ANTIOQUIA,1.9685714285714284,,22.312857142857144,25.978571428571428,19.400000000000002,85.89999999999999,16.37142857142857,0.8071428571428572,0.7942857142857144,16.437142857142856,0.16428571428571428
2023-05-21,ANTIOQUIA,10.392857142857142,,21.942857142857143,25.57857142857143,18.952857142857145,88.66428571428571,16.545714285714286,0.8242857142857142,0.7999999999999999,15.272857142857143,0.19714285714285715
2023-05-28,ANTIOQUIA,12.508571428571429,,21.142857142857142,24.77,18.594285714285714,91.36714285714285,16.262857142857143,0.8657142857142857,0.86,16.592857142857145,0.12571428571428572
2023-06-04,ANTIOQUIA,6.427142857142856,,21.642857142857142,25.43285714285714,18.73857142857143,87.92857142857143,16.087142857142858,0.8771428571428571,0.8914285714285715,18.315714285714286,0.13428571428571429
2023-06-11,ANTIOQUIA,6.931428571428571,,21.75142857142857,25.707142857142856,18.76571428571429,89.28,16.419999999999998,0.8685714285714285,0.8757142857142857,17.947142857142858,0.13857142857142857
2023-06-18,ANTIOQUIA,1.3342857142857143,,21.714285714285715,25.695714285714285,17.862857142857145,82.26571428571428,15.112857142857141,0.8371428571428571,0.8385714285714286,19.66,0.18142857142857144
2023-06-25,ANTIOQUIA,6.782857142857144,,21.90857142857143,25.67142857142857,18.334285714285716,85.29285714285713,15.891428571428571,0.8085714285714286,0.7871428571428571,19.034285714285716,0.15714285714285717
2023-07-02,ANTIOQUIA,3.8742857142857146,,21.72714285714286,25.645714285714288,18.31142857142857,85.88857142857144,15.811428571428573,0.8028571428571428,0.7885714285714286,18.23,0.16714285714285712
2023-07-09,ANTIOQUIA,8.918571428571429,,21.385714285714283,24.33142857142857,19.014285714285712,90.86285714285714,16.417142857142856,0.8242857142857142,0.7985714285714286,17.461428571428574,0.18285714285714286
2023-07-16,ANTIOQUIA,3.5242857142857145,,22.084285714285716,26.08142857142857,18.487142857142857,84.52428571428571,15.881428571428572,0.7957142857142857,0.7771428571428572,20.255714285714284,0.24
2023-07-23,ANTIOQUIA,1.2100000000000002,,22.054285714285715,26.01142857142857,18.134285714285713,79.89857142857143,14.962857142857143,0.7614285714285715,0.7385714285714285,20.714285714285715,0.18142857142857144
2023-07-30,ANTIOQUIA,4.021428571428571,,22.40285714285714,26.245714285714286,19.212857142857143,84.04714285714286,16.04285714285714,0.7271428571428571,0.6985714285714285,18.645714285714288,0.20714285714285713
2023-08-06,ANTIOQUIA,0.972857142857143,,22.29,26.928571428571427,17.80142857142857,76.36571428571428,14.321428571428571,0.6728571428571428,0.6585714285714286,19.97714285714286,0.1985714285714286
2023-08-13,ANTIOQUIA,2.02,,23.610000000000003,28.434285714285714,19.564285714285713,72.76714285714286,14.712857142857143,0.6071428571428571,0.6085714285714285,18.242857142857144,0.20714285714285713
2023-08-20,ANTIOQUIA,5.071428571428571,,22.715714285714284,28.009999999999998,19.228571428571428,81.5942857142857,15.65857142857143,0.6042857142857142,0.6014285714285714,18.34714285714286,0.12142857142857143
2023-08-27,ANTIOQUIA,5.767142857142857,,22.31714285714286,26.759999999999998,19.259999999999998,84.17857142857143,15.925714285714287,0.6642857142857144,0.6357142857142858,17.931428571428572,0.16142857142857145
2023-09-03,ANTIOQUIA,3.617142857142857,,23.63714285714286,28.777142857142856,19.08857142857143,74.40428571428572,15.025714285714287,0.6014285714285714,0.6057142857142858,21.58142857142857,0.19
2023-09-10,ANTIOQUIA,4.055714285714286,,23.785714285714285,29.294285714285714,19.705714285714286,75.07857142857142,15.257142857142856,0.5871428571428571,0.5914285714285714,20.565714285714286,0.17142857142857143
2023-09-17,ANTIOQUIA,2.5028571428571427,,23.90142857142857,30.032857142857143,19.55857142857143,75.30999999999999,15.242857142857144,0.5771428571428572,0.59,20.784285714285716,0.10428571428571429
2023-09-24,ANTIOQUIA,2.437142857142857,,24.375714285714285,30.467142857142854,20.13714285714286,71.74142857142857,14.987142857142857,0.5528571428571428,0.5714285714285714,20.66714285714286,0.17142857142857143
2023-10-01,ANTIOQUIA,3.9414285714285713,,23.8,29.57857142857143,19.84714285714286,76.36714285714287,15.52,0.5642857142857143,0.5714285714285714,18.752857142857145,0.14714285714285716
2023-10-08,ANTIOQUIA,10.731428571428571,,22.189999999999998,26.55,19.5,86.98142857142857,16.38714285714286,0.6485714285714286,0.6171428571428572,16.56142857142857,0.12714285714285714
2023-10-15,ANTIOQUIA,2.527142857142857,,21.957142857142856,25.75,19.27857142857143,85.32428571428571,15.875714285714285,0.6628571428571429,0.6428571428571429,17.722857142857144,0.22
2023-10-22,ANTIOQUIA,2.2271428571428573,,22.047142857142855,26.55142857142857,18.944285714285716,82.8,15.40857142857143,0.62,0.6157142857142857,14.631428571428572,0.1757142857142857
2023-10-29,ANTIOQUIA,6.33,,21.037142857142857,24.951428571428572,18.624285714285715,89.58857142857143,15.807142857142855,0.67,0.6385714285714286,13.952857142857143,0.11857142857142858
2023-11-05,ANTIOQUIA,11.404285714285715,,20.301428571428573,23.202857142857145,18.405714285714286,92.65285714285714,15.70142857142857,0.7571428571428571,0.7042857142857143,15.0,0.12142857142857143
2023-11-12,ANTIOQUIA,2.8042857142857143,,22.099999999999998,26.184285714285718,18.937142857142856,87.90857142857143,16.564285714285713,0.7557142857142857,0.7242857142857143,16.90142857142857,0.18857142857142858
2023-11-19,ANTIOQUIA,8.262857142857143,,21.534285714285716,25.368571428571432,18.791428571428572,90.72285714285714,16.537142857142857,0.7557142857142857,0.7142857142857143,16.485714285714288,0.13142857142857142
2023-11-26,ANTIOQUIA,2.5414285714285714,,21.214285714285715,25.139999999999997,18.747142857142858,88.91571428571429,15.855714285714287,0.7585714285714287,0.7285714285714285,18.285714285714285,0.18571428571428572
2023-12-03,ANTIOQUIA,0.14857142857142858,,22.16,26.327142857142857,18.68,83.42714285714285,15.747142857142858,0.71,0.6842857142857143,20.004285714285714,0.26999999999999996
2023-12-10,ANTIOQUIA,2.4200000000000004,,22.568571428571428,26.571428571428573,19.58142857142857,82.90142857142857,16.02857142857143,0.6685714285714285,0.6442857142857142,16.984285714285715,0.25285714285714284
2023-12-17,ANTIOQUIA,6.022857142857142,,22.24142857142857,26.345714285714287,19.192857142857143,84.64428571428572,16.038571428571426,0.6557142857142857,0.6342857142857143,15.482857142857142,0.21
2023-12-24,ANTIOQUIA,0.14857142857142858,,22.374285714285715,26.73428571428571,19.06142857142857,83.85857142857142,15.998571428571429,0.6528571428571429,0.64,16.105714285714285,0.21428571428571427
2023-12-31,ANTIOQUIA,4.9557142857142855,,21.06857142857143,25.012857142857143,18.551428571428573,89.37142857142858,15.767142857142858,0.6671428571428571,0.6385714285714286,14.985714285714286,0.18
2024-01-07,ANTIOQUIA,0.1442857142857143,,22.521428571428572,28.08857142857143,18.611428571428572,78.17285714285715,14.802857142857144,0.6114285714285714,0.6157142857142857,19.83142857142857,0.22
2024-01-14,ANTIOQUIA,1.0642857142857143,,23.71,29.791428571428572,19.664285714285715,71.55285714285715,14.442857142857141,0.5585714285714286,0.58,18.472857142857144,0.22142857142857145
2024-01-21,ANTIOQUIA,0.0842857142857143,,25.19857142857143,31.740000000000002,20.07857142857143,61.88142857142857,13.471428571428572,0.5157142857142858,0.55,20.655714285714286,0.21714285714285714
2024-01-28,ANTIOQUIA,0.15285714285714286,,25.717142857142854,32.871428571428574,19.708571428571428,57.67428571428571,12.685714285714285,0.4857142857142857,0.5271428571428572,22.108571428571427,0.1957142857142857
2024-02-04,ANTIOQUIA,5.825714285714286,,23.335714285714285,28.934285714285714,19.882857142857144,77.34142857142857,15.208571428571428,0.5242857142857142,0.5342857142857144,15.044285714285715,0.1142857142857143
2024-02-11,ANTIOQUIA,1.487142857142857,,23.602857142857143,29.944285714285716,19.419999999999998,74.57571428571428,14.902857142857142,0.5385714285714286,0.5599999999999999,16.94142857142857,0.11714285714285713
2024-02-18,ANTIOQUIA,1.467142857142857,,25.692857142857143,32.48285714285714,20.955714285714286,68.77571428571429,15.379999999999999,0.5142857142857143,0.5442857142857144,20.509999999999998,0.11285714285714286
2024-02-25,ANTIOQUIA,1.602857142857143,,23.44142857142857,29.738571428571426,19.132857142857144,73.72571428571428,14.554285714285713,0.5128571428571428,0.5385714285714286,18.49142857142857,0.14857142857142858
2024-03-03,ANTIOQUIA,2.244285714285714,,23.87142857142857,30.684285714285714,18.74285714285714,70.12142857142858,14.064285714285715,0.5071428571428571,0.5328571428571429,18.074285714285715,0.12714285714285714
2024-03-10,ANTIOQUIA,2.234285714285714,,24.77285714285714,31.41142857142857,20.38,70.42857142857143,15.018571428571429,0.5042857142857143,0.53,17.03857142857143,0.11571428571428573
2024-03-17,ANTIOQUIA,1.0485714285714285,,26.095714285714287,33.10285714285714,21.425714285714285,67.57571428571428,15.444285714285714,0.5,0.5342857142857144,16.80142857142857,0.07428571428571429
2024-03-24,ANTIOQUIA,1.3699999999999999,,25.10571428571429,31.764285714285712,20.990000000000002,71.28428571428572,15.45142857142857,0.49714285714285716,0.52,17.84714285714286,0.10142857142857142
2024-03-31,ANTIOQUIA,3.3057142857142856,,23.552857142857142,29.131428571428575,19.90285714285714,76.38,15.264285714285714,0.5085714285714286,0.5214285714285715,15.345714285714285,0.14142857142857143
2024-04-07,ANTIOQUIA,6.045714285714285,,23.647142857142857,29.451428571428572,19.864285714285717,77.73285714285714,15.587142857142856,0.5599999999999999,0.5628571428571428,15.802857142857144,0.13999999999999999
2024-04-14,ANTIOQUIA,0.72,,24.954285714285714,31.165714285714284,20.96,69.92714285714285,15.207142857142857,0.53,0.5571428571428572,20.521428571428572,0.18
2024-04-21,ANTIOQUIA,6.390000000000001,,23.247142857142855,28.352857142857143,19.927142857142858,80.60428571428572,15.99,0.5557142857142857,0.5557142857142857,15.337142857142856,0.12428571428571429
2024-04-28,ANTIOQUIA,7.341428571428572,,22.051428571428573,26.184285714285714,19.367142857142856,87.67428571428572,16.36,0.6385714285714286,0.6171428571428572,15.281428571428572,0.10428571428571429
2024-05-05,ANTIOQUIA,8.205714285714286,,21.759999999999998,25.228571428571428,19.267142857142858,90.05285714285715,16.63,0.6900000000000001,0.6528571428571429,14.947142857142856,0.15142857142857144
2024-05-12,ANTIOQUIA,14.088571428571429,,21.891428571428573,25.35,19.53857142857143,92.05142857142857,17.208571428571428,0.7857142857142857,0.7342857142857143,15.505714285714285,0.13428571428571429
2024-05-19,ANTIOQUIA,8.544285714285715,,22.669999999999998,26.654285714285713,19.615714285714287,88.39714285714285,17.225714285714286,0.8271428571428572,0.8042857142857143,16.955714285714286,0.1457142857142857
2024-05-26,ANTIOQUIA,11.834285714285715,,22.205714285714286,25.82857142857143,19.634285714285713,90.80857142857143,17.257142857142856,0.85,0.8314285714285715,16.864285714285714,0.14714285714285716
2024-06-02,ANTIOQUIA,11.70857142857143,,22.467142857142857,26.384285714285713,19.592857142857145,89.11857142857143,17.141428571428573,0.8757142857142857,0.88,18.06,0.13285714285714287
2024-06-09,ANTIOQUIA,10.232857142857142,,22.0,25.662857142857142,19.33857142857143,89.96714285714286,16.844285714285714,0.8842857142857143,0.8971428571428571,16.244285714285713,0.13285714285714287
2024-06-16,ANTIOQUIA,16.02857142857143,,21.73428571428571,25.400000000000002,19.287142857142857,90.87142857142858,16.75714285714286,0.9057142857142857,0.9257142857142858,15.84142857142857,0.08428571428571428
2024-06-23,ANTIOQUIA,7.998571428571428,,21.45,25.0,18.98428571428571,89.9542857142857,16.315714285714286,0.92,0.9585714285714285,17.59,0.12285714285714286
2024-06-30,ANTIOQUIA,15.248571428571427,,21.024285714285714,24.502857142857145,18.544285714285714,91.55857142857143,16.16142857142857,0.9428571428571428,0.9771428571428571,17.09,0.14285714285714285
2024-07-07,ANTIOQUIA,13.23857142857143,,21.585714285714285,25.172857142857143,18.952857142857145,89.99285714285715,16.447142857142858,0.9514285714285714,0.9857142857142858,17.1,0.12285714285714286
2024-07-14,ANTIOQUIA,3.0085714285714285,,21.88714285714286,25.75,18.557142857142857,86.61428571428571,16.10142857142857,0.9171428571428571,0.9614285714285714,20.981428571428573,0.13714285714285715
2024-07-21,ANTIOQUIA,1.0442857142857143,,21.624285714285715,25.71142857142857,17.861428571428572,84.87714285714286,15.481428571428571,0.8828571428571428,0.9128571428571429,19.65285714285714,0.13142857142857142
2024-07-28,ANTIOQUIA,5.845714285714286,,22.192857142857143,26.13714285714286,19.212857142857143,87.96000000000001,16.625714285714285,0.8685714285714285,0.8771428571428571,19.051428571428573,0.10714285714285714
2024-08-04,ANTIOQUIA,2.9200000000000004,,21.87142857142857,25.928571428571427,18.315714285714286,84.55,15.664285714285715,0.8385714285714286,0.8342857142857143,20.027142857142856,0.13857142857142857
2024-08-11,ANTIOQUIA,8.877142857142857,,21.385714285714283,24.919999999999998,18.91142857142857,90.34142857142857,16.31142857142857,0.86,0.8542857142857142,17.055714285714284,0.15142857142857144
2024-08-18,ANTIOQUIA,2.93,,22.02285714285714,26.255714285714284,18.654285714285717,84.76857142857143,15.801428571428572,0.8428571428571427,0.8414285714285714,21.301428571428573,0.20428571428571432
2024-08-25,ANTIOQUIA,5.672857142857143,,22.372857142857146,26.638571428571428,19.31714285714286,87.74428571428572,16.75142857142857,0.8171428571428571,0.7971428571428572,19.16857142857143,0.11857142857142856
2024-09-01,ANTIOQUIA,5.315714285714286,,21.905714285714286,26.038571428571426,18.452857142857145,84.69000000000001,15.655714285714286,0.8,0.7785714285714286,20.48428571428571,0.1842857142857143
2024-09-08,ANTIOQUIA,5.844285714285715,,22.33285714285714,26.53,19.195714285714285,86.48,16.474285714285713,0.8071428571428572,0.7885714285714286,19.132857142857144,0.1942857142857143
2024-09-15,ANTIOQUIA,2.0114285714285716,,22.965714285714284,27.259999999999998,19.70285714285714,84.70142857142856,16.764285714285712,0.7671428571428571,0.7428571428571429,20.375714285714285,0.16571428571428573
2024-09-22,ANTIOQUIA,6.148571428571429,,22.981428571428573,26.897142857142857,19.924285714285713,84.14857142857143,16.662857142857142,0.7471428571428572,0.7128571428571429,20.21142857142857,0.17714285714285713
2024-09-29,ANTIOQUIA,5.981428571428572,,20.73428571428571,24.81142857142857,17.66857142857143,88.55,15.294285714285715,0.7571428571428571,0.7242857142857143,17.467142857142857,0.1
2024-10-06,ANTIOQUIA,8.852857142857143,,21.21,25.259999999999998,18.407142857142855,89.72714285714287,15.971428571428572,0.7728571428571429,0.7385714285714285,18.398571428571426,0.13714285714285715
2024-10-13,ANTIOQUIA,5.401428571428572,,21.388571428571428,25.165714285714284,18.68857142857143,88.30142857142857,15.86,0.8,0.7757142857142857,18.047142857142855,0.1757142857142857
2024-10-20,ANTIOQUIA,4.977142857142858,,21.654285714285713,25.551428571428573,18.584285714285716,87.89428571428572,16.08857142857143,0.7700000000000001,0.7428571428571429,18.434285714285714,0.19285714285714287
2024-10-27,ANTIOQUIA,9.641428571428571,,21.72,25.437142857142856,19.08142857142857,90.01,16.61857142857143,0.8242857142857142,0.8014285714285715,18.19,0.19428571428571426
2024-11-03,ANTIOQUIA,3.684285714285714,,21.298571428571428,24.325714285714287,18.937142857142856,88.72714285714285,15.941428571428572,0.7942857142857144,0.7771428571428572,15.692857142857141,0.1942857142857143
2024-11-10,ANTIOQUIA,12.135714285714286,,20.512857142857143,23.134285714285713,18.532857142857146,94.21857142857142,16.192857142857143,0.84,0.8214285714285714,15.082857142857142,0.1457142857142857
2024-11-17,ANTIOQUIA,7.839999999999999,,20.21857142857143,23.55,18.108571428571427,93.03428571428572,15.67,0.8714285714285713,0.8757142857142857,13.397142857142857,0.09428571428571429
2024-11-24,ANTIOQUIA,6.132857142857143,,20.185714285714287,23.25714285714286,17.91142857142857,93.50142857142858,15.745714285714286,0.8814285714285715,0.8942857142857142,14.858571428571429,0.14285714285714285
2024-12-01,ANTIOQUIA,3.992857142857143,,21.655714285714286,25.689999999999998,18.972857142857144,89.39285714285714,16.38285714285714,0.8771428571428571,0.8914285714285715,17.882857142857144,0.18142857142857144
2024-12-08,ANTIOQUIA,2.2314285714285713,,20.74857142857143,24.73428571428571,18.158571428571427,90.62285714285714,15.775714285714287,0.8585714285714285,0.8685714285714285,16.187142857142856,0.13999999999999999
2024-12-15,ANTIOQUIA,2.968571428571429,,21.018571428571427,25.041428571428572,18.041428571428572,88.41,15.624285714285715,0.8328571428571429,0.8314285714285713,15.505714285714285,0.20714285714285713
2024-12-22,ANTIOQUIA,3.3514285714285714,,20.975714285714286,24.41142857142857,18.712857142857143,91.19714285714285,16.10857142857143,0.8285714285714285,0.8214285714285714,14.857142857142858,0.20142857142857146
2024-12-29,ANTIOQUIA,8.057142857142857,,20.78857142857143,24.47142857142857,18.384285714285713,91.41285714285713,15.92,0.85,0.8414285714285714,14.018571428571429,0.13142857142857142
2025-01-05,ANTIOQUIA,7.087142857142857,,19.994285714285716,23.822857142857142,17.56142857142857,91.45857142857143,15.195714285714287,0.8585714285714285,0.86,14.442857142857141,0.16999999999999998
2025-01-12,ANTIOQUIA,1.122857142857143,,21.08285714285714,25.62857142857143,18.169999999999998,88.13714285714286,15.585714285714287,0.8471428571428571,0.8571428571428571,17.43,0.16285714285714287
2025-01-19,ANTIOQUIA,0.43857142857142856,,20.978571428571428,25.784285714285716,17.472857142857144,85.49285714285715,14.959999999999999,0.8114285714285714,0.8028571428571428,21.31714285714286,0.22142857142857145
2025-01-26,ANTIOQUIA,1.0442857142857143,,21.295714285714286,25.97714285714286,18.19,83.96571428571428,14.977142857142857,0.7742857142857142,0.7514285714285714,19.75,0.19714285714285712
2025-02-02,ANTIOQUIA,2.717142857142857,,22.240000000000002,26.725714285714282,19.361428571428572,84.78571428571429,16.007142857142856,0.7428571428571429,0.7142857142857143,18.31,0.11571428571428573
2025-02-09,ANTIOQUIA,8.178571428571429,,20.810000000000002,24.584285714285716,18.342857142857145,89.87857142857142,15.67,0.7685714285714286,0.7328571428571429,12.232857142857142,0.1457142857142857
2025-02-16,ANTIOQUIA,9.45142857142857,,20.647142857142857,24.452857142857145,18.12,88.80857142857143,15.312857142857142,0.8014285714285715,0.7700000000000001,12.934285714285712,0.17714285714285713
2025-02-23,ANTIOQUIA,8.700000000000001,,21.18,25.632857142857144,18.412857142857142,88.46571428571428,15.707142857142857,0.8228571428571428,0.8028571428571428,15.914285714285715,0.14142857142857143
2025-03-02,ANTIOQUIA,7.321428571428571,,21.225714285714282,24.89428571428571,18.93,90.56142857142858,16.204285714285714,0.8542857142857142,0.8514285714285714,15.822857142857142,0.14857142857142858
2025-03-09,ANTIOQUIA,5.438571428571429,,20.707142857142856,24.264285714285712,18.3,89.67142857142858,15.525714285714287,0.8657142857142857,0.8714285714285713,14.698571428571428,0.19999999999999998
2025-03-16,ANTIOQUIA,13.911428571428571,,21.07,24.822857142857142,18.645714285714288,89.1557142857143,15.76,0.8828571428571428,0.89,15.74,0.18142857142857144
2025-03-23,ANTIOQUIA,9.191428571428572,,21.75,25.825714285714287,18.95285714285714,88.15857142857143,16.178571428571427,0.9185714285714287,0.9542857142857143,17.745714285714286,0.13999999999999999
2025-03-30,ANTIOQUIA,5.984285714285714,,21.744285714285716,25.684285714285714,18.91857142857143,87.97714285714287,16.205714285714286,0.9042857142857142,0.9400000000000001,16.294285714285714,0.19142857142857145
2025-04-06,ANTIOQUIA,12.917142857142858,,21.154285714285713,24.625714285714285,18.771428571428572,91.07142857142857,16.252857142857142,0.9257142857142858,0.96,15.337142857142856,0.13999999999999999
2025-04-13,ANTIOQUIA,15.022857142857143,,21.310000000000002,24.924285714285713,18.922857142857143,90.81428571428572,16.305714285714284,0.9528571428571428,0.9828571428571429,17.711428571428574,0.13999999999999999
2025-04-20,ANTIOQUIA,3.6942857142857144,,22.638571428571428,27.052857142857142,19.89428571428571,87.03571428571429,16.9,0.9257142857142858,0.9671428571428571,18.854285714285712,0.1542857142857143
2025-04-27,ANTIOQUIA,20.474285714285713,,21.08857142857143,24.267142857142858,18.94857142857143,91.78428571428572,16.31142857142857,0.9528571428571428,0.9871428571428572,14.935714285714285,0.11285714285714286
2025-05-04,ANTIOQUIA,15.227142857142857,,21.16857142857143,24.672857142857143,18.810000000000002,91.17,16.274285714285714,0.9671428571428571,0.9985714285714286,14.665714285714285,0.09428571428571429
2025-05-11,ANTIOQUIA,11.977142857142857,,20.905714285714286,24.634285714285713,17.995714285714286,89.45714285714287,15.638571428571428,0.9614285714285714,0.9971428571428572,17.092857142857145,0.12714285714285714
2025-05-18,ANTIOQUIA,8.85142857142857,,21.564285714285713,25.142857142857142,19.009999999999998,89.5942857142857,16.33142857142857,0.9328571428571429,0.9771428571428571,14.847142857142856,0.11142857142857143
2025-05-25,ANTIOQUIA,5.8914285714285715,,21.922857142857143,25.7,18.97714285714286,88.91428571428571,16.577142857142857,0.9357142857142857,0.9814285714285714,18.32714285714286,0.12285714285714286
2025-06-01,ANTIOQUIA,5.028571428571429,,22.294285714285714,25.852857142857143,19.310000000000002,88.02,16.767142857142858,0.9114285714285714,0.9557142857142856,17.237142857142857,0.13714285714285715
2025-06-08,ANTIOQUIA,17.167142857142856,,21.955714285714286,25.545714285714286,19.037142857142857,88.82571428571428,16.61,0.9400000000000001,0.9799999999999999,18.314285714285713,0.16285714285714287
2025-06-15,ANTIOQUIA,11.598571428571429,,21.037142857142857,24.19142857142857,18.812857142857144,92.50428571428571,16.355714285714285,0.9385714285714286,0.9785714285714285,15.725714285714286,0.09714285714285716
2025-06-22,ANTIOQUIA,17.028571428571432,,21.97714285714286,25.68285714285714,18.75714285714286,89.03142857142858,16.662857142857142,0.9528571428571428,0.9885714285714285,18.2,0.16857142857142857
2025-06-29,ANTIOQUIA,6.394285714285714,,21.428571428571427,25.0,18.784285714285716,87.77,15.864285714285714,0.9457142857142857,0.9871428571428572,18.33142857142857,0.14714285714285716
2025-07-06,ANTIOQUIA,2.092857142857143,,21.157142857142855,25.021428571428572,17.742857142857144,86.35571428571428,15.317142857142857,0.9042857142857142,0.9457142857142857,18.52285714285714,0.15
2025-07-13,ANTIOQUIA,2.411428571428572,,21.424285714285713,25.462857142857143,18.19857142857143,87.09857142857143,15.665714285714285,0.8785714285714287,0.8985714285714286,18.608571428571427,0.13142857142857142
2025-07-20,ANTIOQUIA,0.8557142857142858,,21.965714285714284,25.93,18.115714285714287,83.03999999999999,15.474285714285715,0.84,0.84,20.11285714285714,0.18571428571428572
2025-07-27,ANTIOQUIA,4.74,,21.63,25.77,18.422857142857143,86.5657142857143,15.811428571428573,0.8099999999999999,0.7871428571428571,18.245714285714286,0.13285714285714284
2025-08-03,ANTIOQUIA,3.9057142857142857,,21.92285714285714,26.012857142857143,18.79,85.69142857142857,15.902857142857142,0.7985714285714286,0.7771428571428572,19.852857142857143,0.17857142857142858
2025-08-10,ANTIOQUIA,6.458571428571429,,20.845714285714287,24.32,18.25857142857143,87.5457142857143,15.222857142857142,0.78,0.7442857142857143,17.175714285714285,0.1757142857142857
2025-08-17,ANTIOQUIA,5.715714285714286,,21.077142857142857,24.990000000000002,18.677142857142858,89.23142857142857,15.754285714285714,0.79,0.7571428571428571,16.763333333333332,0.15571428571428572
2025-08-24,ANTIOQUIA,6.814285714285714,,21.56714285714286,25.88,18.448571428571427,88.53428571428572,16.104285714285716,0.7985714285714286,0.7685714285714286,20.677142857142858,0.15142857142857144
2025-08-31,ANTIOQUIA,2.142857142857143,,21.964285714285715,26.07857142857143,18.322857142857142,82.30142857142857,15.29857142857143,0.7671428571428571,0.7414285714285713,20.78,0.19142857142857145
2025-09-07,ANTIOQUIA,6.064285714285715,,21.632857142857144,25.867142857142856,18.71857142857143,87.14999999999999,15.9,0.7528571428571428,0.7142857142857143,16.548571428571428,0.12714285714285714
2025-09-14,ANTIOQUIA,2.202857142857143,,22.22714285714286,26.48857142857143,19.101428571428574,83.68714285714286,15.752857142857142,0.7285714285714285,0.7014285714285714,20.302857142857142,0.20142857142857146
2025-09-21,ANTIOQUIA,5.4557142857142855,,21.515714285714285,25.614285714285717,18.367142857142856,84.3,15.215714285714286,0.7114285714285714,0.6799999999999999,16.775714285714287,0.18285714285714286
2025-09-28,ANTIOQUIA,47.54714285714285,,21.717142857142857,26.072857142857142,18.46857142857143,86.22142857142856,15.774285714285714,0.7885714285714285,0.7557142857142857,19.202857142857145,0.16428571428571428
2025-10-05,ANTIOQUIA,7.725714285714285,,21.22,25.062857142857144,18.767142857142858,86.74285714285715,15.377142857142857,0.7214285714285714,0.6842857142857143,17.44142857142857,0.3871428571428571
2025-10-12,ANTIOQUIA,14.891428571428571,,20.834285714285716,24.21,19.01142857142857,88.37142857142858,15.344285714285714,0.7014285714285714,0.6414285714285715,15.624285714285715,0.4585714285714286
2025-10-19,ANTIOQUIA,7.338571428571429,,20.78142857142857,24.544285714285714,18.054285714285715,88.20285714285714,15.26,0.7271428571428571,0.6757142857142858,17.195,0.5228571428571429
2025-10-26,ANTIOQUIA,13.018571428571429,,21.229999999999997,24.43285714285714,19.462857142857143,90.01714285714286,16.055714285714284,0.7414285714285713,0.6814285714285715,15.435714285714285,0.47428571428571425
2025-11-02,ANTIOQUIA,7.675999999999999,,21.228,24.856,19.168,89.124,15.852,0.76,0.716,15.892000000000001,0.446
2021-01-03,CALDAS,5.396666666666666,,16.426666666666666,20.599999999999998,13.563333333333333,89.90333333333332,13.213333333333333,0.7933333333333333,0.7866666666666667,14.306666666666667,0.22999999999999998
2021-01-10,CALDAS,4.848571428571428,,15.755714285714285,20.275714285714287,12.517142857142858,87.8442857142857,12.34142857142857,0.8014285714285715,0.7914285714285715,15.092857142857143,0.3057142857142857
2021-01-17,CALDAS,0.6928571428571428,,16.85142857142857,22.382857142857144,12.491428571428571,82.50999999999999,12.299999999999999,0.7785714285714286,0.7771428571428572,18.62142857142857,0.34142857142857147
2021-01-24,CALDAS,4.725714285714285,,16.728571428571428,22.375714285714285,12.37142857142857,82.27,12.231428571428571,0.7657142857142858,0.7542857142857143,17.285714285714285,0.31999999999999995
2021-01-31,CALDAS,1.6999999999999997,,16.752857142857142,22.068571428571428,12.648571428571428,83.72714285714287,12.481428571428571,0.7571428571428571,0.7514285714285714,19.009999999999998,0.33
2021-02-07,CALDAS,4.6899999999999995,,16.841428571428573,21.28,13.342857142857143,85.14857142857143,12.81857142857143,0.75,0.74,16.955714285714286,0.32285714285714284
2021-02-14,CALDAS,0.7842857142857144,,16.842857142857145,20.982857142857142,13.774285714285714,87.36,13.165714285714285,0.7485714285714286,0.7428571428571429,15.370000000000001,0.3757142857142857
2021-02-21,CALDAS,4.901428571428572,,16.568571428571428,21.572857142857142,12.922857142857142,84.6557142857143,12.441428571428572,0.7657142857142858,0.7528571428571428,14.299999999999999,0.41714285714285715
2021-02-28,CALDAS,2.71,,17.03,21.685714285714287,13.995714285714286,86.36714285714287,13.144285714285715,0.7457142857142857,0.7342857142857142,15.294285714285715,0.2842857142857143
2021-03-07,CALDAS,5.192857142857143,,16.3,20.66714285714286,13.417142857142858,87.27142857142857,12.692857142857141,0.7557142857142857,0.7414285714285713,13.415714285714285,0.27571428571428575
2021-03-14,CALDAS,2.7114285714285713,,15.624285714285715,20.445714285714285,11.99,85.74857142857142,11.901428571428571,0.7657142857142858,0.7557142857142857,13.485714285714286,0.3442857142857143
2021-03-21,CALDAS,2.2728571428571427,,15.72,20.197142857142858,12.647142857142857,86.58285714285715,12.118571428571428,0.7485714285714286,0.7385714285714285,14.504285714285714,0.31857142857142856
2021-03-28,CALDAS,4.655714285714287,,16.107142857142858,20.404285714285717,12.975714285714286,85.42571428571429,12.268571428571429,0.7628571428571428,0.7542857142857143,14.864285714285714,0.2914285714285714
2021-04-04,CALDAS,4.648571428571429,,16.862857142857145,21.702857142857145,13.43142857142857,86.11,12.948571428571428,0.7714285714285715,0.7614285714285715,15.825714285714286,0.25285714285714284
2021-04-11,CALDAS,2.38,,16.487142857142857,21.405714285714286,12.69,85.48857142857142,12.53,0.76,0.75,15.991428571428571,0.24571428571428572
2021-04-18,CALDAS,10.722857142857142,,16.66857142857143,21.518571428571427,13.125714285714285,86.56857142857143,12.845714285714285,0.7971428571428572,0.7785714285714286,15.802857142857144,0.24
2021-04-25,CALDAS,6.341428571428572,,16.794285714285714,21.754285714285714,13.112857142857143,85.51857142857143,12.787142857142857,0.8142857142857143,0.8085714285714286,17.43285714285714,0.27
2021-05-02,CALDAS,2.357142857142857,,15.807142857142859,19.577142857142857,13.147142857142857,87.94000000000001,12.427142857142856,0.8057142857142858,0.8,14.642857142857142,0.3028571428571429
2021-05-09,CALDAS,0.39571428571428574,,16.217142857142857,21.114285714285717,12.675714285714287,84.57428571428571,12.141428571428571,0.7814285714285715,0.7771428571428572,17.507142857142856,0.26142857142857145
2021-05-16,CALDAS,0.44000000000000006,,17.0,22.13,12.935714285714285,83.99571428571429,12.708571428571428,0.7514285714285714,0.7471428571428572,17.15285714285714,0.22999999999999998
2021-05-23,CALDAS,1.73,,17.037142857142857,21.794285714285714,13.468571428571428,84.53428571428572,12.822857142857144,0.7285714285714285,0.7214285714285714,17.422857142857143,0.23714285714285716
2021-05-30,CALDAS,4.7542857142857144,,16.72142857142857,21.511428571428574,13.14,86.30142857142857,12.84,0.7342857142857142,0.7257142857142858,15.671428571428573,0.2885714285714286
2021-06-06,CALDAS,4.064285714285714,,16.481428571428573,21.099999999999998,12.848571428571429,85.86,12.571428571428571,0.7214285714285714,0.7157142857142856,16.83142857142857,0.24571428571428572
2021-06-13,CALDAS,6.722857142857143,,15.958571428571428,20.08142857142857,12.857142857142858,87.68714285714286,12.482857142857142,0.7371428571428572,0.7271428571428571,13.452857142857143,0.2571428571428572
2021-06-20,CALDAS,11.661428571428573,,15.508571428571429,20.184285714285718,12.04857142857143,88.40428571428572,12.200000000000001,0.7985714285714286,0.7814285714285715,16.67142857142857,0.25285714285714284
2021-06-27,CALDAS,3.8200000000000003,,15.654285714285715,20.948571428571427,11.23,85.03999999999999,11.79142857142857,0.7957142857142857,0.79,16.509999999999998,0.25
2021-07-04,CALDAS,0.9271428571428572,,15.200000000000001,20.604285714285712,10.921428571428573,82.86428571428571,11.114285714285714,0.7657142857142858,0.7642857142857142,17.745714285714286,0.2957142857142857
2021-07-11,CALDAS,0.3757142857142857,,16.124285714285715,21.687142857142856,11.315714285714288,82.05857142857143,11.65857142857143,0.7271428571428571,0.7271428571428571,16.62142857142857,0.24285714285714285
2021-07-18,CALDAS,2.588571428571428,,16.365714285714287,21.837142857142858,11.892857142857142,81.53999999999999,11.751428571428571,0.7014285714285714,0.7028571428571428,15.991428571428571,0.2557142857142857
2021-07-25,CALDAS,2.7314285714285718,,16.165714285714284,21.25714285714286,12.105714285714285,82.88857142857144,11.832857142857142,0.6985714285714285,0.7,15.441428571428572,0.3314285714285714
2021-08-01,CALDAS,1.0328571428571427,,16.434285714285714,21.792857142857144,12.087142857142856,81.12142857142858,11.731428571428571,0.6828571428571429,0.6885714285714286,17.265714285714285,0.3071428571428571
2021-08-08,CALDAS,0.49571428571428566,,16.041428571428572,21.31714285714286,11.722857142857142,77.43142857142857,10.897142857142857,0.6628571428571429,0.67,17.252857142857145,0.3457142857142857
2021-08-15,CALDAS,3.1042857142857145,,16.354285714285716,22.024285714285714,12.258571428571429,81.97142857142856,11.75,0.6642857142857144,0.6642857142857144,16.922857142857143,0.26285714285714284
2021-08-22,CALDAS,3.5228571428571427,,16.414285714285715,21.604285714285712,12.764285714285714,83.98571428571428,12.157142857142857,0.67,0.6685714285714287,15.751428571428571,0.2842857142857143
2021-08-29,CALDAS,1.1757142857142857,,16.752857142857142,21.77857142857143,13.069999999999999,82.99714285714286,12.294285714285715,0.6628571428571429,0.6671428571428571,16.46,0.2785714285714286
2021-09-05,CALDAS,2.932857142857143,,16.89142857142857,22.397142857142857,12.862857142857141,80.91142857142857,11.99,0.6557142857142857,0.6557142857142857,17.564285714285713,0.26142857142857145
2021-09-12,CALDAS,3.472857142857143,,16.548571428571428,21.822857142857142,12.772857142857143,80.93571428571428,11.751428571428573,0.6657142857142857,0.6628571428571429,15.709999999999999,0.22428571428571428
2021-09-19,CALDAS,1.2671428571428573,,16.51142857142857,22.821428571428573,11.498571428571427,76.96285714285715,11.04142857142857,0.6528571428571429,0.6557142857142857,20.428571428571427,0.33428571428571424
2021-09-26,CALDAS,5.488571428571428,,16.15,22.407142857142855,11.478571428571428,81.14428571428572,11.474285714285713,0.6685714285714287,0.6628571428571429,17.91,0.32285714285714284
2021-10-03,CALDAS,1.2114285714285715,,16.404285714285713,21.759999999999998,12.427142857142858,82.12,11.87142857142857,0.6528571428571429,0.6557142857142857,17.88142857142857,0.2928571428571428
2021-10-10,CALDAS,4.051428571428572,,17.245714285714286,22.16,13.945714285714287,84.07714285714285,12.845714285714285,0.6542857142857142,0.6514285714285715,16.852857142857143,0.27999999999999997
2021-10-17,CALDAS,1.0271428571428571,,17.11285714285714,22.40285714285714,13.592857142857143,84.2957142857143,12.801428571428572,0.6557142857142857,0.6557142857142857,16.602857142857143,0.28285714285714286
2021-10-24,CALDAS,1.6442857142857144,,16.53142857142857,21.15142857142857,13.248571428571427,83.55,12.207142857142857,0.6428571428571429,0.6442857142857142,16.47,0.27571428571428575
2021-10-31,CALDAS,2.9914285714285715,,16.265714285714285,20.73428571428571,13.424285714285714,87.4057142857143,12.637142857142857,0.6671428571428571,0.66,15.290000000000001,0.3228571428571429
2021-11-07,CALDAS,1.022857142857143,,16.982857142857142,22.27,13.37857142857143,82.43857142857142,12.35142857142857,0.6414285714285715,0.6428571428571429,17.41857142857143,0.35428571428571426
2021-11-14,CALDAS,1.6485714285714288,,16.524285714285714,20.97142857142857,13.388571428571428,85.99142857142859,12.645714285714286,0.6457142857142858,0.6442857142857142,14.868571428571428,0.3157142857142857
2021-11-21,CALDAS,5.008571428571429,,16.158571428571427,20.09,13.575714285714286,88.75,12.81857142857143,0.66,0.6485714285714286,15.95857142857143,0.2928571428571428
2021-11-28,CALDAS,4.3914285714285715,,15.944285714285714,20.214285714285715,12.974285714285715,88.2942857142857,12.575714285714286,0.6928571428571428,0.6799999999999999,15.144285714285713,0.2657142857142857
2021-12-05,CALDAS,6.328571428571428,,16.215714285714284,20.40285714285714,13.320000000000002,89.03428571428572,12.894285714285715,0.7142857142857143,0.6957142857142857,16.02285714285714,0.2342857142857143
2021-12-12,CALDAS,3.277142857142857,,16.72142857142857,21.131428571428568,13.450000000000001,88.59714285714287,13.262857142857143,0.7014285714285714,0.687142857142857,13.731428571428571,0.2814285714285714
2021-12-19,CALDAS,3.2157142857142857,,16.271428571428572,20.57428571428571,13.319999999999999,87.68571428571428,12.734285714285715,0.6971428571428572,0.6885714285714286,15.088571428571429,0.2814285714285714
2021-12-26,CALDAS,3.23,,16.504285714285714,21.08857142857143,13.254285714285714,88.78428571428572,13.097142857142858,0.7071428571428571,0.6971428571428572,15.461428571428572,0.3085714285714286
2022-01-02,CALDAS,7.905714285714287,,16.05,19.62,13.582857142857142,90.88285714285715,13.08,0.7328571428571429,0.7114285714285714,14.422857142857142,0.22
2022-01-09,CALDAS,4.792857142857144,,15.780000000000001,20.6,12.257142857142856,87.39571428571428,12.280000000000001,0.7528571428571428,0.7385714285714285,14.895714285714286,0.33714285714285713
2022-01-16,CALDAS,2.7357142857142853,,15.627142857142857,20.318571428571428,12.307142857142859,87.45285714285714,12.142857142857142,0.7457142857142857,0.7342857142857142,14.027142857142858,0.31428571428571433
2022-01-23,CALDAS,0.7914285714285715,,16.824285714285715,22.17142857142857,12.718571428571428,83.43714285714285,12.465714285714286,0.72,0.7128571428571429,16.732857142857142,0.2714285714285714
2022-01-30,CALDAS,4.97,,16.135714285714286,20.439999999999998,13.044285714285715,88.62714285714286,12.757142857142856,0.7314285714285714,0.72,16.27285714285714,0.3242857142857143
2022-02-06,CALDAS,3.6914285714285713,,16.234285714285715,20.75857142857143,12.969999999999999,85.95285714285716,12.407142857142857,0.7228571428571428,0.7114285714285714,16.524285714285714,0.2957142857142857
2022-02-13,CALDAS,9.895714285714286,,15.828571428571427,19.935714285714287,12.835714285714285,89.83000000000001,12.735714285714286,0.7857142857142857,0.7700000000000001,14.034285714285714,0.33428571428571424
2022-02-20,CALDAS,5.561428571428571,,16.245714285714286,20.807142857142857,13.18857142857143,88.42714285714285,12.805714285714286,0.7785714285714286,0.7657142857142858,13.957142857142857,0.31
2022-02-27,CALDAS,7.015714285714286,,16.342857142857145,20.90142857142857,13.441428571428572,88.11428571428571,12.837142857142856,0.7928571428571428,0.78,15.01,0.27999999999999997
2022-03-06,CALDAS,12.98857142857143,,15.697142857142856,19.304285714285715,13.11,90.71428571428571,12.755714285714287,0.84,0.83,12.867142857142856,0.27285714285714285
2022-03-13,CALDAS,3.472857142857143,,15.952857142857143,21.714285714285715,11.638571428571428,83.69285714285715,11.758571428571429,0.8414285714285714,0.8471428571428571,17.865714285714287,0.4014285714285714
2022-03-20,CALDAS,7.477142857142858,,16.397142857142857,21.027142857142856,13.512857142857143,87.60285714285715,12.802857142857144,0.8485714285714285,0.8485714285714285,16.732857142857142,0.28285714285714286
2022-03-27,CALDAS,8.898571428571428,,16.87857142857143,21.04,14.280000000000001,89.12142857142858,13.474285714285713,0.8642857142857142,0.8714285714285713,14.055714285714286,0.24285714285714285
2022-04-03,CALDAS,9.540000000000001,,16.445714285714285,20.615714285714287,13.508571428571429,88.82000000000001,13.052857142857144,0.8828571428571428,0.9,15.23,0.22285714285714286
2022-04-10,CALDAS,16.745714285714286,,16.797142857142855,21.639999999999997,13.434285714285712,88.28857142857143,13.242857142857144,0.9114285714285714,0.9400000000000001,16.48,0.22428571428571428
2022-04-17,CALDAS,5.58,,16.602857142857143,21.07,13.308571428571428,87.7057142857143,13.018571428571429,0.9071428571428573,0.9457142857142856,15.260000000000002,0.24857142857142858
2022-04-24,CALDAS,11.695714285714287,,15.311428571428573,19.782857142857143,11.848571428571429,88.62428571428572,12.125714285714285,0.9185714285714287,0.9571428571428571,14.358571428571429,0.34714285714285714
2022-05-01,CALDAS,7.04,,16.37857142857143,21.19142857142857,12.95142857142857,87.23142857142857,12.74,0.9228571428571428,0.9642857142857143,14.928571428571429,0.26285714285714284
2022-05-08,CALDAS,5.804285714285714,,16.707142857142856,21.884285714285713,12.835714285714285,86.49571428571429,12.837142857142856,0.9,0.9400000000000001,16.274285714285714,0.26142857142857145
2022-05-15,CALDAS,12.012857142857143,,16.5,20.99857142857143,13.418571428571429,89.58571428571429,13.232857142857142,0.9171428571428571,0.9557142857142856,15.855714285714287,0.26999999999999996
2022-05-22,CALDAS,8.387142857142857,,16.502857142857142,21.15285714285714,13.015714285714285,88.21428571428571,12.965714285714286,0.9257142857142858,0.9671428571428571,14.275714285714287,0.24
2022-05-29,CALDAS,2.7142857142857144,,15.617142857142856,19.84714285714286,12.305714285714286,88.31857142857143,12.317142857142857,0.9071428571428573,0.9485714285714285,15.717142857142857,0.26142857142857145
2022-06-05,CALDAS,6.675714285714285,,15.762857142857143,19.834285714285716,13.021428571428572,90.13714285714286,12.698571428571428,0.8971428571428571,0.9342857142857143,13.54857142857143,0.23285714285714287
2022-06-12,CALDAS,6.818571428571429,,15.462857142857143,19.104285714285712,12.754285714285714,90.93142857142857,12.60142857142857,0.9071428571428573,0.9457142857142856,14.262857142857143,0.24428571428571427
2022-06-19,CALDAS,8.307142857142857,,15.51142857142857,20.024285714285718,12.207142857142857,89.64714285714285,12.407142857142857,0.9085714285714286,0.9485714285714285,14.274285714285714,0.24857142857142858
2022-06-26,CALDAS,4.47,,15.614285714285714,20.56,11.705714285714285,87.09857142857143,12.084285714285715,0.9028571428571429,0.9414285714285714,14.469999999999999,0.24000000000000002
2022-07-03,CALDAS,5.922857142857143,,15.827142857142858,20.80857142857143,12.14,87.32142857142857,12.274285714285714,0.8957142857142858,0.9285714285714286,15.741428571428571,0.24857142857142858
2022-07-10,CALDAS,3.8528571428571428,,16.094285714285714,21.164285714285715,11.835714285714285,85.42142857142858,12.184285714285716,0.8728571428571429,0.8971428571428571,15.264285714285714,0.2285714285714286
2022-07-17,CALDAS,5.944285714285714,,16.037142857142857,20.77,12.515714285714285,87.39857142857143,12.48,0.8757142857142857,0.8971428571428571,16.304285714285715,0.2642857142857143
2022-07-24,CALDAS,9.502857142857144,,15.554285714285713,20.18857142857143,11.788571428571428,87.07857142857142,12.078571428571427,0.8742857142857143,0.8871428571428571,15.507142857142856,0.2857142857142857
2022-07-31,CALDAS,12.251428571428573,,15.700000000000001,20.795714285714286,12.027142857142858,87.75285714285714,12.241428571428571,0.9042857142857142,0.9328571428571429,15.741428571428571,0.24000000000000002
2022-08-07,CALDAS,8.545714285714286,,15.614285714285714,20.354285714285712,12.064285714285715,88.41,12.302857142857144,0.9114285714285714,0.9471428571428572,16.034285714285712,0.22
2022-08-14,CALDAS,7.158571428571428,,15.984285714285715,21.354285714285712,11.819999999999999,85.58142857142856,12.11,0.8957142857142858,0.9299999999999999,16.582857142857144,0.2714285714285714
2022-08-21,CALDAS,2.89,,16.09,21.33142857142857,11.741428571428571,84.31857142857143,12.002857142857142,0.8871428571428571,0.9171428571428571,18.211428571428574,0.2914285714285714
2022-08-28,CALDAS,1.7357142857142855,,15.535714285714286,21.142857142857142,11.29857142857143,83.17142857142858,11.401428571428571,0.86,0.8785714285714287,17.231428571428573,0.3157142857142857
2022-09-04,CALDAS,4.13,,15.807142857142859,20.997142857142855,12.107142857142858,86.39857142857143,12.134285714285713,0.8485714285714285,0.8514285714285714,15.992857142857144,0.2885714285714286
2022-09-11,CALDAS,1.8585714285714285,,16.259999999999998,21.512857142857143,12.09142857142857,84.31714285714285,12.125714285714285,0.8314285714285713,0.8357142857142856,17.63142857142857,0.23714285714285716
2022-09-18,CALDAS,5.195714285714286,,16.014285714285712,21.011428571428574,12.438571428571427,86.91428571428571,12.358571428571429,0.8314285714285713,0.8285714285714285,17.185714285714287,0.29000000000000004
2022-09-25,CALDAS,9.051428571428572,,15.694285714285714,20.358571428571427,12.808571428571428,88.2942857142857,12.311428571428573,0.8557142857142858,0.8542857142857142,18.147142857142857,0.28285714285714286
2022-10-02,CALDAS,4.101428571428571,,15.657142857142857,20.577142857142857,11.977142857142857,85.81142857142856,11.894285714285715,0.8457142857142858,0.85,16.77857142857143,0.3371428571428572
2022-10-09,CALDAS,12.417142857142858,,15.535714285714286,20.244285714285716,12.118571428571428,88.86571428571428,12.327142857142858,0.8742857142857143,0.8785714285714287,17.169999999999998,0.2871428571428572
2022-10-16,CALDAS,4.15,,15.974285714285715,20.240000000000002,13.044285714285715,88.66571428571429,12.620000000000001,0.8728571428571429,0.8914285714285715,16.985714285714288,0.27714285714285714
2022-10-23,CALDAS,16.147142857142857,,16.047142857142855,19.53,13.790000000000001,92.06857142857143,13.264285714285714,0.9085714285714286,0.9342857142857143,14.251428571428573,0.28285714285714286
2022-10-30,CALDAS,6.86,,15.961428571428572,20.141428571428573,13.062857142857142,90.28999999999999,12.885714285714286,0.9214285714285715,0.9628571428571429,15.308571428571428,0.40714285714285714
2022-11-06,CALDAS,4.394285714285714,,15.77142857142857,20.368571428571425,12.544285714285715,88.73,12.47,0.9057142857142857,0.9471428571428572,16.077142857142857,0.31142857142857144
2022-11-13,CALDAS,19.07,,15.702857142857143,19.86285714285714,12.987142857142857,90.99571428571429,12.787142857142856,0.9457142857142857,0.9771428571428571,15.18142857142857,0.2842857142857143
2022-11-20,CALDAS,9.218571428571428,,15.930000000000001,19.39428571428571,13.427142857142856,91.96571428571428,13.15,0.9457142857142856,0.9885714285714285,14.60142857142857,0.24000000000000002
2022-11-27,CALDAS,3.77,,15.802857142857144,19.864285714285717,13.107142857142858,90.86428571428571,12.875714285714285,0.9357142857142857,0.9785714285714285,14.664285714285715,0.32142857142857145
2022-12-04,CALDAS,6.87,,15.452857142857143,19.225714285714282,13.052857142857144,90.92571428571429,12.6,0.9328571428571429,0.9771428571428571,14.624285714285715,0.27999999999999997
2022-12-11,CALDAS,3.942857142857143,,15.437142857142858,19.674285714285713,12.422857142857143,89.68285714285715,12.39,0.9242857142857144,0.9657142857142856,14.192857142857141,0.24428571428571427
2022-12-18,CALDAS,2.424285714285714,,15.552857142857144,19.75,12.468571428571428,89.95714285714287,12.522857142857143,0.9057142857142857,0.9485714285714285,16.38,0.2542857142857143
2022-12-25,CALDAS,3.2871428571428574,,15.797142857142857,20.695714285714285,12.184285714285712,88.00428571428571,12.414285714285715,0.8885714285714286,0.92,16.97714285714286,0.27714285714285714
2023-01-01,CALDAS,5.778571428571428,,15.532857142857143,20.164285714285715,12.171428571428573,88.47142857142856,12.272857142857143,0.8957142857142858,0.9285714285714286,15.425714285714283,0.31857142857142856
2023-01-08,CALDAS,6.417142857142857,,15.085714285714285,19.13,12.374285714285715,89.55571428571429,12.072857142857144,0.8942857142857142,0.9214285714285715,13.397142857142857,0.31428571428571433
2023-01-15,CALDAS,15.781428571428572,,15.287142857142857,19.27285714285714,12.43142857142857,89.94285714285715,12.291428571428572,0.9299999999999999,0.9657142857142856,14.357142857142858,0.23285714285714287
2023-01-22,CALDAS,9.168571428571427,,14.888571428571428,18.48428571428571,12.348571428571429,91.26285714285714,12.19,0.9428571428571428,0.9857142857142858,14.797142857142857,0.24
2023-01-29,CALDAS,0.6900000000000001,,15.707142857142857,21.22142857142857,11.66,84.13285714285715,11.685714285714285,0.9171428571428571,0.9657142857142856,19.872857142857146,0.2814285714285714
2023-02-05,CALDAS,1.6342857142857141,,15.355714285714287,21.368571428571425,10.741428571428571,84.24285714285715,11.454285714285716,0.8857142857142858,0.9228571428571428,19.798571428571428,0.3171428571428571
2023-02-12,CALDAS,2.0785714285714287,,16.14142857142857,20.482857142857142,13.307142857142859,87.8442857142857,12.67,0.8657142857142857,0.8885714285714286,17.077142857142857,0.25142857142857145
2023-02-19,CALDAS,5.274285714285715,,16.005714285714287,20.185714285714287,13.1,89.57428571428571,12.831428571428571,0.8671428571428572,0.88,15.271428571428572,0.27571428571428575
2023-02-26,CALDAS,3.1614285714285715,,15.959999999999999,21.187142857142856,12.018571428571429,85.82000000000001,12.182857142857143,0.87,0.8871428571428571,15.917142857142858,0.22428571428571428
2023-03-05,CALDAS,5.5042857142857144,,16.82,21.131428571428568,13.962857142857144,89.50428571428571,13.495714285714286,0.8571428571428571,0.8657142857142857,15.801428571428572,0.19571428571428573
2023-03-12,CALDAS,12.317142857142857,,15.854285714285714,20.045714285714286,13.064285714285715,89.31142857142856,12.662857142857144,0.8885714285714286,0.9057142857142857,12.505714285714287,0.3228571428571429
2023-03-19,CALDAS,10.274285714285714,,15.487142857142857,19.802857142857142,12.799999999999999,88.18714285714285,12.15857142857143,0.92,0.9585714285714285,13.944285714285714,0.3271428571428571
2023-03-26,CALDAS,3.0942857142857143,,16.49142857142857,21.254285714285714,13.14,85.40142857142857,12.532857142857143,0.9028571428571429,0.9442857142857142,14.604285714285712,0.3242857142857143
2023-04-02,CALDAS,9.157142857142857,,16.065714285714286,20.117142857142856,13.26,90.2757142857143,12.968571428571428,0.9114285714285714,0.9528571428571428,14.192857142857141,0.22428571428571425
2023-04-09,CALDAS,7.172857142857143,,16.3,21.05857142857143,12.784285714285714,87.32000000000001,12.687142857142858,0.9142857142857144,0.9557142857142856,15.648571428571428,0.31428571428571433
2023-04-16,CALDAS,7.45,,16.41857142857143,20.88,13.29142857142857,88.23,12.950000000000001,0.9042857142857142,0.9400000000000001,14.398571428571428,0.2542857142857143
2023-04-23,CALDAS,5.194285714285714,,16.38142857142857,21.025714285714287,13.187142857142858,88.17142857142858,12.87142857142857,0.9114285714285714,0.9557142857142856,14.684285714285716,0.33
2023-04-30,CALDAS,5.992857142857143,,16.568571428571428,21.707142857142856,12.882857142857144,85.99714285714286,12.655714285714286,0.9,0.9414285714285714,15.051428571428572,0.2714285714285714
2023-05-07,CALDAS,0.5714285714285714,,17.435714285714287,22.867142857142856,12.998571428571429,83.11857142857143,12.854285714285714,0.8742857142857143,0.9028571428571429,20.424285714285713,0.2571428571428572
2023-05-14,CALDAS,4.9471428571428575,,16.704285714285714,21.052857142857142,13.552857142857144,88.27142857142857,13.168571428571429,0.8614285714285714,0.8742857142857143,16.470000000000002,0.2714285714285714
2023-05-21,CALDAS,5.192857142857143,,17.02285714285714,21.517142857142858,13.624285714285715,88.47285714285714,13.478571428571428,0.8642857142857142,0.8757142857142857,15.348571428571429,0.2542857142857143
2023-05-28,CALDAS,7.111428571428571,,16.844285714285714,21.302857142857142,13.687142857142858,89.41428571428571,13.48,0.8742857142857143,0.8871428571428571,15.155714285714286,0.2742857142857143
2023-06-04,CALDAS,6.167142857142857,,16.38714285714286,21.37,12.535714285714286,86.32285714285715,12.592857142857143,0.8771428571428571,0.8985714285714286,17.94,0.30428571428571427
2023-06-11,CALDAS,5.577142857142857,,16.454285714285714,21.675714285714285,12.467142857142857,86.63714285714286,12.654285714285715,0.8671428571428572,0.8814285714285715,16.86285714285714,0.2671428571428572
2023-06-18,CALDAS,1.2542857142857142,,16.154285714285713,21.15142857142857,12.069999999999999,83.56857142857143,11.978571428571428,0.8457142857142858,0.8557142857142858,18.045714285714286,0.3757142857142857
2023-06-25,CALDAS,6.594285714285713,,16.414285714285715,21.32,12.355714285714285,85.36,12.461428571428572,0.8328571428571429,0.8271428571428572,18.08857142857143,0.30142857142857143
2023-07-02,CALDAS,3.187142857142857,,16.472857142857144,21.495714285714286,12.331428571428571,84.67,12.398571428571428,0.8285714285714285,0.83,17.414285714285715,0.3028571428571429
2023-07-09,CALDAS,7.888571428571429,,16.475714285714286,21.3,12.875714285714285,87.78142857142858,12.868571428571428,0.8414285714285714,0.8414285714285714,14.48,0.23714285714285713
2023-07-16,CALDAS,2.565714285714286,,16.74142857142857,21.72714285714286,12.627142857142857,84.20285714285716,12.508571428571429,0.8228571428571428,0.8214285714285714,17.157142857142855,0.2414285714285714
2023-07-23,CALDAS,1.0,,16.297142857142855,21.044285714285714,12.367142857142856,82.05285714285715,11.855714285714287,0.8014285714285715,0.7957142857142857,17.611428571428572,0.4057142857142857
2023-07-30,CALDAS,5.467142857142856,,16.854285714285716,21.357142857142858,13.515714285714285,86.60571428571428,13.007142857142856,0.8014285714285715,0.79,17.169999999999998,0.2642857142857143
2023-08-06,CALDAS,0.8185714285714286,,15.937142857142858,21.44142857142857,11.155714285714286,80.19428571428571,11.282857142857143,0.7728571428571429,0.7657142857142858,17.645714285714284,0.3814285714285714
2023-08-13,CALDAS,1.4414285714285715,,16.572857142857142,21.53,12.345714285714285,82.88285714285713,12.16,0.7428571428571429,0.7328571428571429,16.654285714285713,0.33428571428571424
2023-08-20,CALDAS,7.587142857142857,,16.830000000000002,21.725714285714286,13.142857142857142,86.96571428571428,13.06,0.7585714285714287,0.74,17.09857142857143,0.2785714285714286
2023-08-27,CALDAS,8.018571428571429,,16.77857142857143,21.657142857142855,13.094285714285714,85.36428571428571,12.724285714285713,0.7942857142857144,0.7814285714285715,18.075714285714287,0.2657142857142857
2023-09-03,CALDAS,4.008571428571428,,16.57,21.835714285714285,12.14857142857143,82.40714285714286,12.078571428571427,0.7642857142857142,0.7514285714285714,20.805714285714284,0.3528571428571428
2023-09-10,CALDAS,2.7600000000000002,,17.035714285714285,21.995714285714286,13.047142857142857,83.69571428571429,12.657142857142857,0.7557142857142857,0.7457142857142857,17.874285714285715,0.27714285714285714
2023-09-17,CALDAS,1.5042857142857144,,17.107142857142858,22.90857142857143,12.272857142857143,81.27142857142857,12.287142857142857,0.7328571428571429,0.7257142857142858,18.704285714285714,0.26571428571428574
2023-09-24,CALDAS,2.882857142857143,,16.95,22.74285714285714,12.137142857142857,80.07714285714285,11.98,0.7114285714285714,0.7042857142857143,18.815714285714286,0.3485714285714286
2023-10-01,CALDAS,3.4642857142857144,,17.534285714285712,22.715714285714284,13.384285714285713,84.06285714285715,13.129999999999999,0.7114285714285714,0.7028571428571428,18.02285714285714,0.29285714285714287
2023-10-08,CALDAS,11.675714285714287,,16.974285714285717,21.148571428571426,13.87142857142857,89.42285714285715,13.607142857142858,0.7642857142857142,0.74,16.8,0.3242857142857143
2023-10-15,CALDAS,4.9799999999999995,,16.595714285714287,21.485714285714288,12.817142857142857,86.34142857142857,12.75,0.7742857142857142,0.76,18.172857142857143,0.30428571428571427
2023-10-22,CALDAS,4.51,,16.662857142857142,21.055714285714284,13.484285714285715,87.98857142857142,13.09142857142857,0.7700000000000001,0.7557142857142857,15.828571428571427,0.2757142857142857
2023-10-29,CALDAS,5.014285714285714,,16.107142857142858,20.5,13.06,88.75714285714285,12.807142857142859,0.7871428571428571,0.7757142857142857,14.665714285714285,0.3671428571428571
2023-11-05,CALDAS,10.53857142857143,,15.73,19.78857142857143,12.928571428571429,91.10428571428572,12.855714285714285,0.8142857142857143,0.7971428571428572,14.400000000000002,0.3057142857142857
2023-11-12,CALDAS,5.78,,17.077142857142857,21.75,13.855714285714285,88.49285714285715,13.547142857142857,0.8342857142857143,0.8328571428571429,16.351428571428574,0.25142857142857145
2023-11-19,CALDAS,10.468571428571428,,16.467142857142857,20.595714285714283,13.237142857142857,88.9742857142857,13.142857142857142,0.85,0.8485714285714285,16.26142857142857,0.2885714285714286
2023-11-26,CALDAS,4.22,,16.58857142857143,21.342857142857145,13.212857142857143,87.24142857142859,12.874285714285715,0.8585714285714285,0.8657142857142857,16.978571428571428,0.2542857142857143
2023-12-03,CALDAS,0.09571428571428571,,17.12,22.01571428571429,13.09,84.18857142857142,12.842857142857143,0.83,0.8371428571428571,18.147142857142857,0.31
2023-12-10,CALDAS,2.0485714285714285,,16.725714285714286,21.104285714285712,13.241428571428571,87.67714285714285,13.124285714285715,0.812857142857143,0.8085714285714286,15.442857142857141,0.3
2023-12-17,CALDAS,6.264285714285714,,17.134285714285713,20.75857142857143,14.382857142857144,89.86857142857143,13.864285714285714,0.8157142857142857,0.8057142857142858,14.558571428571428,0.3242857142857143
2023-12-24,CALDAS,0.9557142857142856,,17.30857142857143,21.49857142857143,14.379999999999999,89.44428571428571,13.965714285714286,0.8171428571428571,0.8171428571428571,14.414285714285713,0.27285714285714285
2023-12-31,CALDAS,6.927142857142857,,16.614285714285714,20.15857142857143,14.125714285714285,91.36428571428571,13.60142857142857,0.8371428571428571,0.8328571428571429,13.242857142857144,0.27714285714285714
2024-01-07,CALDAS,0.18285714285714286,,17.169999999999998,22.517142857142858,13.14857142857143,85.11571428571429,13.097142857142858,0.8142857142857143,0.8157142857142857,19.98857142857143,0.28285714285714286
2024-01-14,CALDAS,2.962857142857143,,17.23857142857143,22.442857142857143,13.319999999999999,85.9742857142857,13.215714285714286,0.7957142857142857,0.7871428571428571,18.669999999999998,0.30428571428571427
2024-01-21,CALDAS,0.049999999999999996,,17.37857142857143,22.49285714285714,13.224285714285713,81.17999999999999,12.537142857142857,0.7671428571428571,0.7628571428571428,19.731428571428573,0.33999999999999997
2024-01-28,CALDAS,0.11571428571428573,,17.80857142857143,23.625714285714285,13.032857142857143,77.77428571428571,12.274285714285714,0.7328571428571429,0.7257142857142858,22.740000000000002,0.35857142857142854
2024-02-04,CALDAS,8.8,,17.4,22.080000000000002,14.407142857142857,87.66285714285713,13.645714285714286,0.7442857142857143,0.7242857142857143,15.605714285714285,0.2885714285714286
2024-02-11,CALDAS,2.8299999999999996,,17.64,22.877142857142854,13.895714285714286,85.19000000000001,13.401428571428571,0.76,0.7514285714285714,15.48,0.24714285714285714
2024-02-18,CALDAS,3.3814285714285712,,18.404285714285713,23.38714285714286,14.744285714285715,83.88142857142857,13.858571428571429,0.7371428571428572,0.7271428571428571,18.775714285714287,0.2557142857142857
2024-02-25,CALDAS,2.4785714285714286,,17.675714285714285,22.91857142857143,14.045714285714284,84.91,13.355714285714285,0.7285714285714285,0.7228571428571428,16.74285714285714,0.3614285714285714
2024-03-03,CALDAS,3.085714285714286,,17.602857142857143,22.68857142857143,14.047142857142857,85.99285714285715,13.492857142857144,0.7214285714285714,0.7142857142857143,15.93142857142857,0.21571428571428572
2024-03-10,CALDAS,1.2814285714285716,,18.301428571428573,23.34714285714286,14.808571428571428,84.31714285714285,13.79857142857143,0.7014285714285714,0.7028571428571428,15.974285714285713,0.20857142857142857
2024-03-17,CALDAS,1.7914285714285714,,18.898571428571426,24.194285714285712,14.911428571428571,81.33571428571429,13.787142857142857,0.6842857142857143,0.6857142857142857,16.36,0.27571428571428575
2024-03-24,CALDAS,1.7714285714285716,,18.439999999999998,23.631428571428575,14.984285714285715,83.36857142857143,13.711428571428572,0.67,0.6757142857142858,16.717142857142857,0.2857142857142857
2024-03-31,CALDAS,5.1242857142857146,,17.532857142857143,22.881428571428568,14.095714285714285,84.39857142857143,13.115714285714287,0.6771428571428572,0.6714285714285715,13.734285714285715,0.2928571428571428
2024-04-07,CALDAS,10.205714285714285,,17.351428571428574,22.297142857142855,13.84,86.49000000000001,13.384285714285713,0.7471428571428572,0.7257142857142858,14.432857142857143,0.25285714285714284
2024-04-14,CALDAS,0.32857142857142857,,18.464285714285715,23.875714285714285,14.267142857142858,80.74714285714286,13.311428571428573,0.7057142857142856,0.7071428571428571,19.978571428571428,0.2871428571428572
2024-04-21,CALDAS,13.022857142857143,,17.262857142857143,21.334285714285716,14.555714285714286,89.20714285714287,13.827142857142858,0.7528571428571428,0.7314285714285714,16.181428571428572,0.31714285714285717
2024-04-28,CALDAS,10.582857142857142,,17.018571428571427,21.064285714285713,14.219999999999999,90.32000000000001,13.785714285714286,0.8057142857142858,0.7885714285714286,15.095714285714285,0.2414285714285714
2024-05-05,CALDAS,12.54142857142857,,17.015714285714285,20.54,14.545714285714284,91.57428571428571,14.047142857142857,0.84,0.8328571428571429,14.587142857142856,0.22428571428571428
2024-05-12,CALDAS,18.897142857142857,,17.472857142857144,21.487142857142857,14.827142857142858,90.83142857142856,14.301428571428572,0.9014285714285715,0.9128571428571428,15.157142857142857,0.18714285714285714
2024-05-19,CALDAS,8.247142857142856,,17.687142857142856,22.24142857142857,14.468571428571428,88.12428571428572,13.995714285714286,0.9171428571428571,0.9571428571428571,15.647142857142857,0.21857142857142858
2024-05-26,CALDAS,7.6814285714285715,,17.40142857142857,21.724285714285713,14.092857142857143,88.50428571428571,13.825714285714286,0.9085714285714286,0.9442857142857142,15.629999999999999,0.2557142857142857
2024-06-02,CALDAS,6.822857142857144,,17.262857142857143,22.07857142857143,13.442857142857141,87.22714285714287,13.445714285714287,0.9042857142857142,0.9414285714285714,17.332857142857144,0.27285714285714285
2024-06-09,CALDAS,5.762857142857143,,16.987142857142857,21.634285714285713,13.594285714285714,88.54285714285716,13.438571428571427,0.8942857142857142,0.92,15.448571428571428,0.24571428571428572
2024-06-16,CALDAS,14.31142857142857,,16.732857142857142,20.63,13.804285714285713,90.43857142857144,13.554285714285713,0.9057142857142857,0.9342857142857143,14.824285714285713,0.22285714285714286
2024-06-23,CALDAS,11.74,,16.425714285714285,20.874285714285715,13.102857142857143,89.5442857142857,13.14857142857143,0.9285714285714286,0.9714285714285714,15.804285714285713,0.2285714285714286
2024-06-30,CALDAS,13.131428571428572,,16.345714285714287,20.794285714285714,13.025714285714287,88.97285714285715,12.975714285714286,0.9414285714285714,0.9828571428571429,15.357142857142858,0.2342857142857143
2024-07-07,CALDAS,12.151428571428571,,16.315714285714286,20.914285714285715,12.942857142857141,88.97571428571429,12.961428571428572,0.9385714285714286,0.9842857142857142,15.691428571428572,0.2714285714285714
2024-07-14,CALDAS,2.12,,16.355714285714285,20.94,12.508571428571429,85.88285714285713,12.51142857142857,0.9171428571428571,0.9628571428571429,18.444285714285716,0.27285714285714285
2024-07-21,CALDAS,1.7642857142857145,,16.437142857142856,21.645714285714288,12.168571428571429,83.84571428571428,12.23,0.8828571428571428,0.9157142857142857,18.247142857142855,0.32285714285714284
2024-07-28,CALDAS,2.4842857142857144,,17.052857142857142,22.077142857142857,13.032857142857143,85.14428571428572,12.9,0.8614285714285714,0.8771428571428571,16.347142857142856,0.23285714285714287
2024-08-04,CALDAS,1.9314285714285713,,16.40142857142857,21.287142857142857,12.231428571428571,83.58714285714287,12.151428571428571,0.8342857142857143,0.8385714285714286,18.064285714285713,0.30142857142857143
2024-08-11,CALDAS,7.571428571428571,,16.398571428571426,21.12142857142857,12.834285714285715,88.40428571428572,12.917142857142858,0.8457142857142858,0.8457142857142858,16.367142857142856,0.22999999999999998
2024-08-18,CALDAS,1.2542857142857142,,16.484285714285715,22.224285714285713,11.717142857142857,82.04857142857144,11.901428571428571,0.8242857142857142,0.8285714285714285,19.84142857142857,0.31
2024-08-25,CALDAS,3.3385714285714285,,16.86285714285714,21.97142857142857,12.651428571428571,85.52285714285713,12.825714285714286,0.8014285714285715,0.7914285714285715,17.464285714285715,0.29000000000000004
2024-09-01,CALDAS,2.0,,16.175714285714285,21.805714285714284,11.68142857142857,81.52428571428571,11.617142857142856,0.7814285714285715,0.7742857142857142,19.908571428571427,0.35857142857142854
2024-09-08,CALDAS,1.7914285714285714,,16.842857142857145,22.707142857142856,12.125714285714285,82.96714285714286,12.367142857142856,0.7628571428571428,0.7528571428571428,18.071428571428573,0.3
2024-09-15,CALDAS,1.4714285714285715,,17.431428571428572,23.142857142857142,12.652857142857144,82.24714285714286,12.731428571428571,0.7357142857142858,0.7257142857142858,19.805714285714284,0.27571428571428575
2024-09-22,CALDAS,5.585714285714286,,17.14428571428571,22.28,12.932857142857143,83.19571428571429,12.67,0.7257142857142858,0.7128571428571429,18.834285714285716,0.29
2024-09-29,CALDAS,5.3500000000000005,,16.027142857142856,20.048571428571428,13.08,87.45857142857143,12.45857142857143,0.7428571428571429,0.7299999999999999,16.934285714285714,0.2957142857142857
2024-10-06,CALDAS,6.942857142857143,,16.43,21.23,12.915714285714285,87.00285714285714,12.73857142857143,0.7557142857142857,0.7385714285714285,17.11857142857143,0.30142857142857143
2024-10-13,CALDAS,5.951428571428572,,16.447142857142858,21.25714285714286,13.145714285714286,86.39,12.62142857142857,0.7842857142857144,0.7685714285714286,17.268571428571427,0.3157142857142857
2024-10-20,CALDAS,2.9928571428571433,,16.490000000000002,21.114285714285717,12.77,86.3442857142857,12.687142857142858,0.7585714285714287,0.7471428571428572,18.444285714285716,0.3085714285714286
2024-10-27,CALDAS,7.978571428571428,,17.071428571428573,21.282857142857143,14.04142857142857,88.93142857142857,13.59142857142857,0.7942857142857144,0.7771428571428572,16.731428571428573,0.27
2024-11-03,CALDAS,3.994285714285714,,16.497142857142855,20.83142857142857,13.388571428571428,87.73285714285714,12.905714285714286,0.7857142857142857,0.7757142857142857,15.305714285714286,0.35285714285714287
2024-11-10,CALDAS,7.7942857142857145,,16.255714285714284,20.25714285714286,13.615714285714287,90.8157142857143,13.221428571428572,0.8042857142857143,0.7914285714285715,14.868571428571428,0.34714285714285714
2024-11-17,CALDAS,5.532857142857144,,15.874285714285715,19.737142857142857,13.564285714285715,90.58428571428571,12.885714285714286,0.8314285714285713,0.8214285714285714,12.70142857142857,0.33
2024-11-24,CALDAS,10.554285714285715,,15.847142857142858,19.444285714285716,13.35,91.8157142857143,13.04857142857143,0.86,0.8628571428571429,13.545714285714284,0.2642857142857143
2024-12-01,CALDAS,4.05,,16.55857142857143,20.948571428571427,13.267142857142858,89.44571428571429,13.258571428571429,0.86,0.8714285714285713,16.815714285714286,0.26
2024-12-08,CALDAS,3.6185714285714283,,16.548571428571428,20.295714285714286,14.005714285714287,91.88,13.677142857142858,0.8585714285714285,0.87,14.76,0.2785714285714286
2024-12-15,CALDAS,1.7328571428571427,,16.65142857142857,21.19142857142857,13.625714285714285,88.71000000000001,13.234285714285715,0.8428571428571427,0.8528571428571429,14.331428571428571,0.2942857142857143
2024-12-22,CALDAS,3.717142857142857,,16.297142857142855,20.157142857142855,13.038571428571428,90.34571428571428,13.214285714285714,0.8371428571428571,0.8414285714285714,14.16,0.25285714285714284
2024-12-29,CALDAS,12.807142857142859,,16.265714285714285,20.0,13.85142857142857,90.82142857142857,13.239999999999998,0.8757142857142857,0.8857142857142858,13.06,0.27714285714285714
2025-01-05,CALDAS,8.655714285714286,,15.884285714285713,19.66,13.168571428571427,90.42,12.868571428571428,0.8942857142857142,0.9171428571428571,14.097142857142858,0.25142857142857145
2025-01-12,CALDAS,2.86,,16.712857142857143,21.115714285714287,13.66,88.92,13.311428571428573,0.89,0.9185714285714287,16.28142857142857,0.23142857142857146
2025-01-19,CALDAS,1.0685714285714287,,16.18285714285714,21.849999999999998,12.008571428571429,85.16999999999999,12.23857142857143,0.8671428571428572,0.8871428571428571,20.51142857142857,0.36
2025-01-26,CALDAS,0.6542857142857142,,16.014285714285712,21.40285714285714,11.81,84.06142857142856,11.90857142857143,0.8414285714285714,0.8514285714285714,19.13714285714286,0.2942857142857143
2025-02-02,CALDAS,1.624285714285714,,17.18285714285714,21.655714285714286,14.174285714285714,86.21000000000001,13.237142857142857,0.8257142857142856,0.8271428571428572,16.992857142857144,0.19999999999999998
2025-02-09,CALDAS,5.2128571428571435,,16.215714285714288,19.618571428571432,13.885714285714286,92.42999999999999,13.48,0.8314285714285713,0.83,12.975714285714286,0.22142857142857145
2025-02-16,CALDAS,11.744285714285713,,15.945714285714287,19.414285714285715,13.597142857142856,91.27428571428571,13.06857142857143,0.8657142857142857,0.8714285714285713,12.567142857142857,0.3442857142857143
2025-02-23,CALDAS,5.1657142857142855,,16.715714285714288,20.851428571428574,14.23,89.19571428571429,13.337142857142856,0.8771428571428571,0.9,14.187142857142858,0.20714285714285713
2025-03-02,CALDAS,8.598571428571429,,16.497142857142858,19.96142857142857,14.118571428571428,91.81714285714285,13.612857142857141,0.8942857142857142,0.92,14.691428571428572,0.3228571428571429
2025-03-09,CALDAS,7.590000000000001,,15.90857142857143,19.951428571428572,13.175714285714287,89.71428571428571,12.777142857142858,0.9057142857142857,0.9371428571428572,13.402857142857142,0.3028571428571429
2025-03-16,CALDAS,12.571428571428571,,15.968571428571428,19.84142857142857,13.62857142857143,89.71285714285715,12.812857142857142,0.9214285714285715,0.9628571428571429,13.507142857142856,0.2814285714285714
2025-03-23,CALDAS,7.0042857142857144,,17.102857142857143,21.455714285714286,14.137142857142857,88.64999999999999,13.577142857142857,0.9299999999999999,0.9728571428571428,15.537142857142857,0.23428571428571426
2025-03-30,CALDAS,5.590000000000001,,16.97142857142857,21.464285714285715,13.968571428571428,88.98,13.514285714285714,0.91,0.9514285714285714,15.68857142857143,0.3085714285714286
2025-04-06,CALDAS,10.665714285714285,,16.667142857142856,20.868571428571432,13.751428571428571,90.74428571428572,13.575714285714286,0.9214285714285715,0.9614285714285714,14.881428571428572,0.24285714285714288
2025-04-13,CALDAS,10.732857142857142,,16.71,20.34142857142857,14.12857142857143,90.57142857142857,13.572857142857144,0.9428571428571428,0.9828571428571429,16.61285714285714,0.26285714285714284
2025-04-20,CALDAS,3.6271428571428572,,17.392857142857142,22.142857142857142,13.752857142857142,86.45285714285714,13.448571428571428,0.9171428571428571,0.96,17.574285714285715,0.24571428571428572
2025-04-27,CALDAS,18.354285714285712,,16.525714285714287,20.704285714285714,13.734285714285715,89.89285714285714,13.305714285714286,0.9414285714285714,0.9799999999999999,14.34142857142857,0.2942857142857143
2025-05-04,CALDAS,10.758571428571429,,16.515714285714285,20.65285714285714,13.592857142857143,89.3157142857143,13.197142857142856,0.9485714285714285,0.9885714285714285,14.614285714285714,0.2285714285714286
2025-05-11,CALDAS,9.694285714285714,,16.325714285714287,20.708571428571428,13.148571428571428,88.31714285714285,12.87142857142857,0.9471428571428572,0.9871428571428572,16.242857142857144,0.2342857142857143
2025-05-18,CALDAS,8.70142857142857,,16.392857142857142,20.12857142857143,13.685714285714285,90.52285714285713,13.304285714285713,0.9242857142857144,0.97,14.435714285714285,0.2871428571428571
2025-05-25,CALDAS,5.771428571428571,,16.857142857142858,21.514285714285712,13.525714285714287,87.27142857142857,13.138571428571428,0.9271428571428572,0.9728571428571428,16.797142857142855,0.23142857142857146
2025-06-01,CALDAS,3.4885714285714284,,16.85857142857143,21.102857142857143,13.685714285714285,87.76428571428572,13.218571428571428,0.9042857142857142,0.9471428571428572,15.241428571428571,0.22285714285714286
2025-06-08,CALDAS,11.665714285714285,,16.555714285714284,21.05,13.225714285714286,87.97285714285714,13.0,0.9171428571428571,0.96,15.731428571428571,0.22142857142857145
2025-06-15,CALDAS,8.368571428571428,,16.107142857142858,20.202857142857145,13.251428571428573,90.13142857142857,12.978571428571428,0.9114285714285714,0.95,15.464285714285714,0.2557142857142857
2025-06-22,CALDAS,10.095714285714285,,16.427142857142858,20.927142857142858,13.002857142857142,88.03428571428572,12.897142857142857,0.9157142857142857,0.9557142857142856,16.524285714285714,0.2542857142857143
2025-06-29,CALDAS,3.957142857142857,,16.235714285714288,20.90142857142857,12.58,87.12714285714286,12.578571428571427,0.9071428571428573,0.9485714285714285,16.798571428571428,0.22571428571428573
2025-07-06,CALDAS,1.6300000000000001,,15.935714285714285,20.552857142857142,12.208571428571428,84.45285714285714,11.934285714285716,0.8785714285714287,0.9071428571428573,16.711428571428574,0.2914285714285714
2025-07-13,CALDAS,2.3757142857142854,,16.185714285714287,20.885714285714283,12.56857142857143,86.25428571428571,12.387142857142859,0.8542857142857142,0.8685714285714285,17.15142857142857,0.23
2025-07-20,CALDAS,0.8642857142857142,,16.33142857142857,21.358571428571427,11.835714285714285,83.02428571428572,12.0,0.8328571428571429,0.8357142857142856,17.34857142857143,0.27999999999999997
2025-07-27,CALDAS,2.2985714285714285,,16.844285714285714,21.43857142857143,13.424285714285714,85.94857142857143,12.885714285714286,0.8099999999999999,0.8042857142857144,17.08142857142857,0.1985714285714286
2025-08-03,CALDAS,1.8357142857142856,,16.33142857142857,21.714285714285715,11.924285714285714,83.05,12.01142857142857,0.7885714285714286,0.78,17.71,0.25999999999999995
2025-08-10,CALDAS,6.275714285714287,,15.937142857142858,20.56714285714286,12.697142857142856,85.78999999999999,12.114285714285714,0.7857142857142857,0.7714285714285715,17.065714285714286,0.25285714285714284
2025-08-17,CALDAS,4.862857142857143,,16.052857142857142,20.91,12.301428571428572,86.83285714285714,12.374285714285715,0.79,0.7785714285714286,14.226666666666667,0.24857142857142858
2025-08-24,CALDAS,3.7528571428571427,,16.674285714285713,21.405714285714286,13.065714285714288,86.18571428571428,12.764285714285714,0.7885714285714286,0.7771428571428572,18.015714285714285,0.23142857142857146
2025-08-31,CALDAS,2.0657142857142854,,16.37857142857143,21.259999999999998,12.37857142857143,83.49142857142859,12.094285714285714,0.7700000000000001,0.7614285714285715,16.892857142857142,0.29
2025-09-07,CALDAS,2.6214285714285714,,16.38714285714286,21.312857142857144,12.817142857142857,85.99714285714286,12.5,0.7585714285714287,0.7442857142857143,12.802857142857144,0.24
2025-09-14,CALDAS,0.8742857142857143,,16.62142857142857,22.16,12.241428571428571,82.47142857142856,12.108571428571429,0.7357142857142858,0.7271428571428571,17.284285714285716,0.30428571428571427
2025-09-21,CALDAS,6.421428571428572,,15.991428571428571,20.685714285714287,12.362857142857141,86.37285714285714,12.277142857142858,0.7428571428571429,0.7257142857142858,15.190000000000001,0.3085714285714286
2025-09-28,CALDAS,9.134285714285713,,16.505714285714287,21.40142857142857,12.892857142857142,85.17857142857143,12.484285714285715,0.7642857142857142,0.7471428571428572,19.162857142857142,0.29714285714285715
2025-10-05,CALDAS,9.84,,16.675714285714285,21.08285714285714,13.777142857142858,87.28999999999999,12.73,0.7814285714285715,0.75,15.618571428571428,0.39571428571428574
2025-10-12,CALDAS,12.508571428571429,,16.83142857142857,21.074285714285715,14.045714285714284,86.95857142857143,12.747142857142858,0.7814285714285715,0.7428571428571429,14.19,0.39999999999999997
2025-10-19,CALDAS,15.524285714285714,,17.04,21.67142857142857,14.141428571428571,86.38428571428572,12.817142857142857,0.7999999999999999,0.76,16.080000000000002,0.37
2025-10-26,CALDAS,16.408571428571427,,17.414285714285715,21.302857142857142,14.99,87.36714285714287,13.314285714285715,0.8200000000000001,0.7771428571428572,15.757142857142856,0.32571428571428573
2025-11-02,CALDAS,19.782,,17.322,21.31,14.84,88.178,13.366,0.8400000000000001,0.8019999999999999,14.918000000000001,0.398
2021-01-03,CAUCA,5.66,,19.983333333333334,23.17,18.113333333333333,91.25666666666666,15.043333333333335,0.8233333333333333,0.8133333333333334,13.236666666666666,1.6666666666666667
2021-01-10,CAUCA,5.601428571428571,,19.922857142857143,23.73,17.41142857142857,88.94142857142857,14.571428571428571,0.8200000000000001,0.8085714285714286,13.491428571428571,1.6771428571428573
2021-01-17,CAUCA,1.58,,20.689999999999998,25.07,17.861428571428572,87.94142857142857,15.094285714285714,0.8042857142857143,0.8028571428571428,15.285714285714286,1.6757142857142857
2021-01-24,CAUCA,8.135714285714286,,21.12857142857143,25.495714285714286,18.29,86.24714285714286,15.214285714285714,0.812857142857143,0.7999999999999999,15.275714285714285,1.5971428571428572
2021-01-31,CAUCA,7.837142857142857,,21.40857142857143,25.98,18.388571428571428,86.03142857142858,15.385714285714286,0.8271428571428572,0.8228571428571428,16.422857142857143,1.567142857142857
2021-02-07,CAUCA,4.242857142857143,,21.687142857142856,25.635714285714283,19.009999999999998,87.04714285714286,15.884285714285713,0.8099999999999999,0.8071428571428572,14.967142857142857,1.7228571428571429
2021-02-14,CAUCA,1.25,,21.06714285714286,25.475714285714282,18.627142857142854,87.59714285714287,15.37142857142857,0.8028571428571428,0.8085714285714286,14.887142857142859,1.8814285714285715
2021-02-21,CAUCA,4.281428571428572,,20.814285714285713,25.638571428571428,17.738571428571426,85.74428571428572,14.714285714285714,0.8114285714285714,0.8114285714285714,14.825714285714286,1.8471428571428572
2021-02-28,CAUCA,2.96,,21.26142857142857,24.858571428571427,18.72142857142857,86.72571428571429,15.441428571428572,0.7971428571428572,0.7957142857142857,13.634285714285713,1.5585714285714285
2021-03-07,CAUCA,4.2942857142857145,,20.777142857142856,24.48857142857143,18.330000000000002,87.40142857142857,15.101428571428572,0.8085714285714286,0.8071428571428572,13.722857142857142,1.48
2021-03-14,CAUCA,7.631428571428572,,20.49857142857143,24.45285714285714,17.674285714285713,85.21714285714286,14.388571428571428,0.8242857142857142,0.8228571428571428,12.255714285714287,1.5014285714285713
2021-03-21,CAUCA,3.442857142857143,,20.632857142857144,25.244285714285716,17.652857142857144,83.33857142857143,14.151428571428571,0.8157142857142857,0.8171428571428571,14.304285714285713,1.4414285714285715
2021-03-28,CAUCA,4.454285714285715,,20.864285714285717,25.044285714285714,18.16,85.77714285714286,14.812857142857142,0.8257142857142857,0.8242857142857142,14.185714285714285,1.5514285714285714
2021-04-04,CAUCA,6.602857142857142,,21.768571428571427,26.048571428571428,18.791428571428572,84.92428571428572,15.575714285714286,0.8328571428571429,0.8314285714285713,14.40857142857143,1.3628571428571428
2021-04-11,CAUCA,5.414285714285714,,21.344285714285714,25.857142857142858,18.12142857142857,84.52428571428572,15.037142857142857,0.84,0.8414285714285714,14.65,1.3085714285714285
2021-04-18,CAUCA,11.285714285714286,,20.98857142857143,25.627142857142854,17.93857142857143,85.76142857142858,14.935714285714285,0.8557142857142858,0.8514285714285714,14.035714285714286,1.1614285714285713
2021-04-25,CAUCA,7.378571428571428,,21.169999999999998,26.150000000000002,17.897142857142857,83.98428571428572,14.74,0.8614285714285714,0.8671428571428572,16.554285714285715,1.2985714285714285
2021-05-02,CAUCA,5.357142857142857,,20.19142857142857,23.804285714285715,17.591428571428573,87.19571428571429,14.482857142857142,0.8628571428571429,0.8685714285714285,12.922857142857142,1.5385714285714285
2021-05-09,CAUCA,0.9485714285714286,,20.891428571428573,25.44142857142857,17.78,84.37857142857142,14.498571428571427,0.8385714285714286,0.8557142857142858,15.84,1.4414285714285715
2021-05-16,CAUCA,1.4714285714285715,,22.057142857142857,27.585714285714285,18.16857142857143,82.53428571428572,15.251428571428573,0.8242857142857142,0.8357142857142856,14.954285714285716,1.2514285714285713
2021-05-23,CAUCA,8.191428571428572,,21.865714285714287,27.06714285714286,18.535714285714285,84.20142857142856,15.428571428571429,0.8257142857142856,0.83,14.569999999999999,1.3457142857142856
2021-05-30,CAUCA,7.637142857142857,,21.47714285714286,26.28142857142857,18.16142857142857,84.76857142857143,15.164285714285715,0.8528571428571429,0.8485714285714285,14.551428571428572,1.3
2021-06-06,CAUCA,8.358571428571429,,21.37,25.487142857142857,18.412857142857142,85.63714285714286,15.281428571428572,0.8485714285714285,0.85,15.975714285714286,1.2028571428571428
2021-06-13,CAUCA,7.894285714285714,,20.43285714285714,24.517142857142858,17.827142857142857,86.96142857142857,14.65,0.8514285714285714,0.8514285714285714,13.178571428571429,1.2657142857142856
2021-06-20,CAUCA,10.64,,20.822857142857142,25.62142857142857,17.384285714285713,84.5457142857143,14.517142857142858,0.8771428571428571,0.8742857142857143,14.258571428571429,1.2285714285714284
2021-06-27,CAUCA,3.8728571428571428,,20.72,25.391428571428573,17.537142857142857,84.17999999999999,14.335714285714285,0.8614285714285714,0.8728571428571429,15.114285714285714,1.24
2021-07-04,CAUCA,1.25,,21.06142857142857,26.935714285714287,16.711428571428574,79.73,13.73857142857143,0.8428571428571427,0.8557142857142858,16.358571428571427,1.0142857142857142
2021-07-11,CAUCA,0.4471428571428571,,21.365714285714287,27.162857142857142,16.87857142857143,80.14714285714285,14.105714285714285,0.8185714285714285,0.8314285714285713,15.17,1.1757142857142857
2021-07-18,CAUCA,2.2357142857142853,,21.640000000000004,27.267142857142858,17.76142857142857,81.54428571428572,14.610000000000001,0.8085714285714286,0.8157142857142857,15.29142857142857,1.0814285714285714
2021-07-25,CAUCA,1.3900000000000001,,21.74285714285714,27.374285714285715,17.774285714285714,79.73857142857143,14.285714285714286,0.8014285714285715,0.8057142857142858,13.821428571428571,1.1271428571428572
2021-08-01,CAUCA,0.6228571428571429,,21.695714285714285,27.875714285714285,17.27857142857143,79.91,14.282857142857143,0.79,0.7928571428571429,16.885714285714286,0.9900000000000001
2021-08-08,CAUCA,0.08857142857142856,,21.419999999999998,27.882857142857144,17.02285714285714,75.57000000000001,13.178571428571429,0.7642857142857142,0.7714285714285715,15.054285714285713,1.3900000000000001
2021-08-15,CAUCA,4.502857142857143,,21.211428571428574,26.532857142857143,17.802857142857142,82.88857142857144,14.464285714285714,0.7842857142857144,0.7757142857142857,14.715714285714284,1.2128571428571429
2021-08-22,CAUCA,1.9314285714285713,,20.884285714285713,25.617142857142856,17.908571428571427,85.18285714285715,14.678571428571429,0.7814285714285715,0.78,14.794285714285715,1.447142857142857
2021-08-29,CAUCA,1.4700000000000002,,20.91142857142857,26.267142857142858,17.61714285714286,84.68857142857144,14.597142857142858,0.7700000000000001,0.7742857142857142,14.542857142857143,1.6099999999999999
2021-09-05,CAUCA,2.2742857142857145,,20.928571428571427,25.50857142857143,17.787142857142857,83.91428571428571,14.51142857142857,0.7628571428571428,0.76,15.260000000000002,1.3685714285714285
2021-09-12,CAUCA,1.3028571428571427,,21.11285714285714,26.158571428571427,17.604285714285716,82.91285714285713,14.41,0.7671428571428571,0.7685714285714286,14.412857142857144,1.3485714285714285
2021-09-19,CAUCA,0.3071428571428571,,21.695714285714285,27.49857142857143,17.51142857142857,78.86428571428571,14.027142857142858,0.7414285714285713,0.7471428571428572,19.027142857142856,1.2957142857142858
2021-09-26,CAUCA,2.1157142857142857,,21.787142857142857,28.125714285714285,17.325714285714287,78.23571428571428,14.014285714285714,0.7442857142857143,0.7414285714285713,15.937142857142858,1.1285714285714286
2021-10-03,CAUCA,1.602857142857143,,21.084285714285716,25.722857142857144,17.898571428571426,83.45714285714287,14.564285714285715,0.7428571428571429,0.7385714285714285,16.802857142857142,1.49
2021-10-10,CAUCA,4.787142857142858,,21.552857142857142,26.572857142857142,18.452857142857145,83.91714285714286,15.06142857142857,0.7485714285714286,0.7385714285714285,15.45142857142857,1.7042857142857142
2021-10-17,CAUCA,1.9957142857142856,,21.294285714285714,26.204285714285714,18.39428571428571,84.90285714285713,14.985714285714286,0.7528571428571428,0.7528571428571428,16.092857142857145,1.5657142857142858
2021-10-24,CAUCA,1.695714285714286,,20.830000000000002,25.472857142857144,17.994285714285713,85.72142857142856,14.741428571428571,0.7414285714285713,0.7428571428571429,15.975714285714286,1.7157142857142857
2021-10-31,CAUCA,2.14,,20.767142857142858,25.282857142857146,18.23857142857143,87.12857142857142,14.927142857142856,0.7585714285714287,0.7542857142857143,16.025714285714287,1.8385714285714287
2021-11-07,CAUCA,1.3642857142857143,,20.87142857142857,25.99285714285714,17.632857142857144,85.39,14.657142857142858,0.74,0.7414285714285713,15.978571428571428,1.8614285714285717
2021-11-14,CAUCA,1.832857142857143,,20.31,24.349999999999998,17.882857142857144,88.11428571428571,14.737142857142857,0.7457142857142857,0.7414285714285713,13.83,1.8499999999999999
2021-11-21,CAUCA,4.317142857142857,,20.31714285714286,24.737142857142857,17.55,87.19000000000001,14.565714285714284,0.76,0.7485714285714286,14.381428571428572,1.8728571428571428
2021-11-28,CAUCA,2.5342857142857143,,20.122857142857146,24.488571428571426,17.59714285714286,87.58142857142856,14.461428571428572,0.7657142857142858,0.7571428571428571,14.181428571428572,1.6071428571428572
2021-12-05,CAUCA,3.87,,20.988571428571426,25.78142857142857,18.102857142857143,86.12857142857142,14.992857142857144,0.7657142857142858,0.7585714285714287,14.857142857142858,1.4928571428571427
2021-12-12,CAUCA,5.944285714285714,,21.08285714285714,25.972857142857144,18.29,87.01428571428572,15.235714285714286,0.7685714285714286,0.7557142857142857,13.088571428571429,1.9000000000000001
2021-12-19,CAUCA,3.6942857142857144,,20.03857142857143,24.34714285714286,17.53142857142857,89.00857142857144,14.661428571428571,0.7814285714285715,0.7757142857142857,13.045714285714284,1.91
2021-12-26,CAUCA,1.804285714285714,,20.472857142857144,24.787142857142857,17.835714285714285,88.6557142857143,14.987142857142857,0.7671428571428571,0.7671428571428571,14.675714285714287,1.832857142857143
2022-01-02,CAUCA,4.0285714285714285,,20.892857142857142,25.825714285714287,18.038571428571426,86.44285714285715,14.937142857142858,0.7714285714285715,0.7642857142857142,15.392857142857142,1.6928571428571428
2022-01-09,CAUCA,2.295714285714286,,20.594285714285714,25.268571428571427,17.63142857142857,85.47285714285714,14.48,0.7585714285714287,0.76,15.061428571428573,1.7857142857142858
2022-01-16,CAUCA,4.097142857142857,,20.062857142857144,24.972857142857144,16.982857142857142,84.55999999999999,13.827142857142857,0.7700000000000001,0.7671428571428571,14.219999999999999,1.77
2022-01-23,CAUCA,0.6714285714285715,,21.599999999999998,26.81142857142857,18.02857142857143,82.94000000000001,14.897142857142857,0.74,0.75,14.997142857142858,1.44
2022-01-30,CAUCA,3.857142857142857,,19.997142857142855,24.382857142857144,17.42142857142857,87.4742857142857,14.324285714285713,0.7557142857142857,0.7528571428571428,15.131428571428572,1.9728571428571426
2022-02-06,CAUCA,2.5,,20.771428571428572,26.00857142857143,17.434285714285714,84.29714285714286,14.370000000000001,0.7414285714285713,0.7457142857142857,14.507142857142856,1.997142857142857
2022-02-13,CAUCA,4.207142857142857,,20.027142857142856,24.665714285714284,17.31714285714286,86.51428571428572,14.207142857142857,0.7728571428571429,0.7628571428571428,12.942857142857141,1.7885714285714285
2022-02-20,CAUCA,4.977142857142858,,20.564285714285713,25.122857142857146,17.952857142857145,87.68857142857144,14.894285714285713,0.7728571428571429,0.7614285714285715,13.932857142857143,1.7285714285714284
2022-02-27,CAUCA,7.057142857142857,,20.235714285714288,24.697142857142858,17.644285714285715,86.66428571428571,14.4,0.7871428571428571,0.7742857142857142,13.267142857142858,1.8085714285714285
2022-03-06,CAUCA,13.065714285714288,,20.224285714285713,24.75,17.565714285714286,87.2057142857143,14.497142857142858,0.8314285714285713,0.8071428571428572,13.368571428571428,1.7514285714285713
2022-03-13,CAUCA,2.0757142857142856,,21.108571428571427,26.595714285714283,17.444285714285716,82.50428571428571,14.325714285714286,0.7971428571428572,0.7985714285714286,16.425714285714285,1.5485714285714285
2022-03-20,CAUCA,3.744285714285714,,20.638571428571428,25.075714285714287,17.93857142857143,85.03999999999999,14.467142857142857,0.7971428571428572,0.7914285714285715,13.921428571428573,1.497142857142857
2022-03-27,CAUCA,2.8328571428571427,,20.807142857142857,25.34142857142857,18.112857142857145,86.77142857142857,14.98,0.79,0.7857142857142857,12.674285714285714,1.502857142857143
2022-04-03,CAUCA,4.957142857142857,,21.15857142857143,26.095714285714283,18.185714285714287,85.35714285714286,14.992857142857144,0.8,0.7957142857142857,14.284285714285714,1.4385714285714286
2022-04-10,CAUCA,11.857142857142858,,21.454285714285714,26.11285714285714,18.715714285714284,86.37142857142858,15.489999999999998,0.8457142857142858,0.8314285714285715,15.075714285714286,1.4485714285714286
2022-04-17,CAUCA,4.905714285714287,,21.655714285714286,25.957142857142856,18.85571428571429,85.74142857142859,15.611428571428572,0.8142857142857143,0.8157142857142857,13.977142857142857,1.1171428571428572
2022-04-24,CAUCA,8.08,,20.12,24.714285714285715,16.87142857142857,84.61714285714285,13.90857142857143,0.8428571428571427,0.8385714285714286,13.847142857142858,1.6357142857142857
2022-05-01,CAUCA,4.284285714285714,,21.16857142857143,25.944285714285716,18.085714285714285,84.43285714285715,14.824285714285713,0.8257142857142856,0.8314285714285713,14.365714285714287,1.2742857142857142
2022-05-08,CAUCA,2.5285714285714285,,21.752857142857145,26.990000000000002,18.337142857142855,84.0257142857143,15.224285714285715,0.8114285714285714,0.8171428571428571,15.697142857142856,1.3485714285714285
2022-05-15,CAUCA,5.325714285714286,,21.435714285714287,25.747142857142855,18.608571428571427,86.49571428571429,15.517142857142858,0.8214285714285714,0.8214285714285714,14.434285714285712,1.3314285714285714
2022-05-22,CAUCA,5.468571428571429,,21.22142857142857,25.774285714285718,18.15,85.22714285714287,15.014285714285714,0.8214285714285714,0.8242857142857142,13.092857142857143,1.2142857142857142
2022-05-29,CAUCA,2.9514285714285715,,21.06,25.419999999999998,18.13,83.98428571428572,14.66,0.8114285714285714,0.8171428571428571,14.251428571428573,1.0157142857142856
2022-06-05,CAUCA,9.450000000000001,,20.131428571428568,24.169999999999998,17.75142857142857,87.94285714285715,14.578571428571427,0.8271428571428572,0.8200000000000001,12.498571428571427,1.4942857142857142
2022-06-12,CAUCA,7.057142857142857,,20.075714285714287,24.035714285714285,17.674285714285713,88.98571428571428,14.67,0.8385714285714286,0.8414285714285714,12.824285714285713,1.4942857142857142
2022-06-19,CAUCA,11.731428571428571,,20.225714285714282,24.207142857142856,17.271428571428572,87.34142857142857,14.540000000000001,0.8485714285714285,0.8471428571428571,13.742857142857144,1.422857142857143
2022-06-26,CAUCA,3.6471428571428572,,20.68857142857143,25.222857142857144,17.425714285714285,84.35285714285715,14.407142857142857,0.84,0.85,13.167142857142858,1.1414285714285715
2022-07-03,CAUCA,1.8614285714285714,,20.674285714285713,25.125714285714285,17.47142857142857,85.06285714285715,14.521428571428572,0.8214285714285714,0.8357142857142856,14.569999999999999,1.4214285714285713
2022-07-10,CAUCA,0.7371428571428572,,21.391428571428573,26.882857142857144,17.722857142857144,82.20285714285714,14.537142857142857,0.7985714285714286,0.8142857142857143,14.662857142857144,1.1285714285714286
2022-07-17,CAUCA,1.5757142857142856,,20.795714285714286,25.527142857142856,17.44,84.92714285714285,14.569999999999999,0.79,0.8,14.02,1.3571428571428572
2022-07-24,CAUCA,3.251428571428572,,21.04,26.35571428571429,17.3,80.80428571428571,13.944285714285714,0.7842857142857144,0.7914285714285715,13.254285714285714,1.19
2022-07-31,CAUCA,10.200000000000001,,20.81857142857143,25.39428571428571,17.472857142857144,84.43285714285715,14.481428571428571,0.8185714285714286,0.8128571428571428,15.325714285714286,1.1985714285714286
2022-08-07,CAUCA,5.255714285714285,,20.97714285714286,26.337142857142858,17.419999999999998,83.18285714285715,14.379999999999999,0.8085714285714286,0.8114285714285715,13.082857142857142,1.3599999999999999
2022-08-14,CAUCA,1.6700000000000002,,21.204285714285714,26.19142857142857,17.71857142857143,82.16,14.370000000000001,0.7857142857142857,0.7971428571428572,14.72,1.2185714285714284
2022-08-21,CAUCA,0.5757142857142857,,21.454285714285714,27.204285714285714,17.45,79.88714285714286,14.142857142857142,0.7671428571428571,0.78,15.751428571428573,1.2571428571428573
2022-08-28,CAUCA,0.27285714285714285,,21.232857142857142,26.974285714285713,17.00142857142857,77.76714285714286,13.495714285714286,0.7514285714285714,0.7628571428571428,15.958571428571428,1.27
2022-09-04,CAUCA,3.46,,21.474285714285713,27.53857142857143,17.384285714285713,79.81714285714285,14.094285714285714,0.7614285714285715,0.7642857142857142,14.772857142857143,1.2257142857142858
2022-09-11,CAUCA,0.4942857142857143,,21.46857142857143,27.72714285714286,17.38714285714286,78.21285714285715,13.812857142857142,0.7414285714285713,0.7542857142857143,13.887142857142859,1.3014285714285714
2022-09-18,CAUCA,4.682857142857143,,21.101428571428574,26.094285714285714,17.865714285714287,83.36571428571429,14.51,0.7585714285714287,0.7571428571428571,15.482857142857142,1.6342857142857141
2022-09-25,CAUCA,12.787142857142856,,20.54714285714286,25.101428571428574,17.675714285714285,85.70857142857143,14.495714285714286,0.8128571428571428,0.7957142857142857,16.384285714285713,1.49
2022-10-02,CAUCA,3.1042857142857145,,21.22142857142857,26.740000000000002,17.8,81.78857142857143,14.285714285714286,0.7871428571428571,0.79,16.632857142857144,1.2200000000000002
2022-10-09,CAUCA,7.840000000000001,,20.91,26.428571428571427,17.4,83.05285714285715,14.267142857142858,0.7999999999999999,0.7914285714285715,15.612857142857141,1.5757142857142856
2022-10-16,CAUCA,2.487142857142857,,20.541428571428572,25.009999999999998,17.608571428571427,85.62285714285714,14.458571428571428,0.7842857142857144,0.7857142857142857,15.072857142857142,1.49
2022-10-23,CAUCA,12.937142857142858,,20.204285714285714,24.33285714285714,17.91142857142857,89.12142857142858,14.821428571428571,0.8271428571428572,0.8099999999999999,14.082857142857142,1.747142857142857
2022-10-30,CAUCA,11.389999999999999,,20.24857142857143,24.635714285714283,17.81142857142857,89.35857142857142,14.887142857142859,0.8528571428571429,0.8428571428571427,14.351428571428572,1.7642857142857142
2022-11-06,CAUCA,2.2214285714285715,,20.475714285714286,24.91,17.845714285714287,87.16,14.717142857142857,0.8214285714285714,0.83,14.755714285714285,1.7742857142857142
2022-11-13,CAUCA,6.852857142857142,,19.898571428571433,23.95285714285714,17.525714285714287,89.5,14.594285714285714,0.8371428571428571,0.8342857142857143,13.772857142857143,1.804285714285714
2022-11-20,CAUCA,3.514285714285714,,20.43,24.445714285714285,18.017142857142858,88.11142857142856,14.881428571428572,0.8285714285714285,0.8371428571428571,14.438571428571427,1.4442857142857142
2022-11-27,CAUCA,5.532857142857144,,20.174285714285713,24.84857142857143,17.364285714285714,87.60571428571428,14.501428571428573,0.8271428571428572,0.83,13.74,1.8157142857142856
2022-12-04,CAUCA,6.128571428571428,,19.580000000000002,24.00857142857143,16.914285714285715,88.80142857142857,14.19,0.8385714285714286,0.84,12.662857142857144,1.8128571428571427
2022-12-11,CAUCA,2.682857142857143,,19.76571428571429,24.47142857142857,16.669999999999998,86.61142857142856,13.97,0.83,0.8385714285714286,13.822857142857142,1.6099999999999999
2022-12-18,CAUCA,1.32,,20.444285714285716,25.32,17.30142857142857,86.38428571428572,14.54857142857143,0.812857142857143,0.8228571428571428,15.02,1.2957142857142858
2022-12-25,CAUCA,2.2414285714285715,,20.674285714285713,25.25142857142857,17.394285714285715,85.86714285714287,14.642857142857142,0.7985714285714286,0.8085714285714286,16.092857142857145,1.4442857142857142
2023-01-01,CAUCA,2.5585714285714287,,19.98428571428571,24.795714285714286,16.89,85.25714285714285,13.877142857142857,0.8014285714285715,0.8099999999999999,15.085714285714285,1.5585714285714285
2023-01-08,CAUCA,6.555714285714286,,19.96,24.349999999999998,17.134285714285713,87.4057142857143,14.248571428571427,0.8214285714285714,0.8171428571428571,13.278571428571428,1.5185714285714285
2023-01-15,CAUCA,10.668571428571429,,19.462857142857143,23.514285714285712,16.658571428571427,87.45285714285714,13.882857142857144,0.8528571428571429,0.8457142857142858,13.731428571428571,1.4757142857142858
2023-01-22,CAUCA,3.3971428571428572,,19.958571428571428,24.35571428571429,17.277142857142856,87.65285714285714,14.338571428571429,0.84,0.8457142857142858,13.03,1.407142857142857
2023-01-29,CAUCA,0.2757142857142857,,21.124285714285715,27.054285714285715,16.662857142857142,80.74428571428572,13.972857142857142,0.8085714285714286,0.8271428571428572,18.125714285714285,1.242857142857143
2023-02-05,CAUCA,2.3114285714285714,,21.167142857142856,26.810000000000002,16.965714285714284,80.66714285714286,14.015714285714285,0.7971428571428572,0.8085714285714286,17.04285714285714,1.332857142857143
2023-02-12,CAUCA,0.25285714285714284,,21.79714285714286,27.252857142857145,17.992857142857144,81.74857142857142,14.855714285714285,0.7771428571428572,0.7885714285714286,14.724285714285713,1.3471428571428572
2023-02-19,CAUCA,3.9285714285714284,,21.20285714285714,25.254285714285714,18.618571428571432,87.01142857142857,15.39,0.7914285714285715,0.7914285714285715,14.271428571428572,1.7385714285714287
2023-02-26,CAUCA,2.2528571428571427,,21.327142857142857,26.900000000000002,17.504285714285714,81.0942857142857,14.26142857142857,0.7857142857142857,0.7914285714285715,15.821428571428571,1.4257142857142857
2023-03-05,CAUCA,0.4771428571428572,,21.735714285714288,27.118571428571425,18.361428571428572,81.99285714285715,14.862857142857141,0.7642857142857142,0.7714285714285715,12.917142857142858,1.3785714285714286
2023-03-12,CAUCA,14.072857142857144,,20.13,24.101428571428574,17.685714285714287,87.58571428571429,14.484285714285715,0.8257142857142857,0.8042857142857143,11.879999999999999,1.5457142857142858
2023-03-19,CAUCA,7.005714285714285,,20.194285714285716,25.38,16.669999999999998,81.88857142857144,13.40857142857143,0.84,0.8371428571428571,12.351428571428572,1.3671428571428572
2023-03-26,CAUCA,2.05,,21.06857142857143,25.91,18.174285714285713,84.41857142857144,14.704285714285716,0.812857142857143,0.8200000000000001,14.162857142857144,1.6914285714285715
2023-04-02,CAUCA,5.03,,21.424285714285713,25.851428571428574,18.60571428571429,85.75714285714285,15.35,0.8171428571428571,0.8185714285714285,12.717142857142857,1.2814285714285716
2023-04-09,CAUCA,4.848571428571428,,21.56,26.79714285714286,18.18857142857143,83.73857142857142,15.025714285714287,0.8214285714285714,0.8228571428571428,15.202857142857141,1.4485714285714286
2023-04-16,CAUCA,4.927142857142856,,21.62,26.34714285714286,18.707142857142856,84.48285714285714,15.274285714285714,0.8057142857142858,0.8099999999999999,13.558571428571428,1.4685714285714284
2023-04-23,CAUCA,8.108571428571429,,21.02857142857143,25.924285714285713,17.592857142857145,82.54571428571428,14.292857142857143,0.8328571428571429,0.8285714285714285,13.875714285714286,1.6157142857142859
2023-04-30,CAUCA,6.528571428571428,,21.464285714285715,26.722857142857144,18.04285714285714,84.51857142857143,15.082857142857142,0.8328571428571429,0.8357142857142856,14.875714285714285,1.2842857142857143
2023-05-07,CAUCA,1.0514285714285714,,22.837142857142858,29.004285714285714,18.585714285714285,79.75571428571428,15.382857142857143,0.8042857142857143,0.8185714285714286,16.27285714285714,0.9357142857142857
2023-05-14,CAUCA,4.111428571428571,,22.565714285714286,27.705714285714286,19.044285714285714,83.0657142857143,15.879999999999999,0.8071428571428572,0.8085714285714286,15.745714285714286,0.9928571428571429
2023-05-21,CAUCA,4.811428571428571,,22.404285714285713,27.897142857142857,19.11285714285714,83.45142857142856,15.747142857142858,0.8099999999999999,0.8142857142857143,14.188571428571427,1.3900000000000001
2023-05-28,CAUCA,6.127142857142857,,21.585714285714285,26.208571428571428,18.801428571428573,85.99,15.515714285714285,0.83,0.8285714285714285,13.862857142857143,1.4185714285714286
2023-06-04,CAUCA,6.295714285714285,,21.821428571428573,27.124285714285715,18.111428571428572,82.39285714285714,14.995714285714286,0.8257142857142856,0.8271428571428572,15.465714285714286,1.1528571428571428
2023-06-11,CAUCA,1.1442857142857144,,21.89428571428572,26.972857142857144,18.33285714285714,82.40857142857143,15.072857142857144,0.8014285714285715,0.8114285714285714,14.072857142857142,1.1028571428571428
2023-06-18,CAUCA,1.27,,22.881428571428568,29.26571428571429,18.277142857142856,74.66,14.244285714285713,0.78,0.79,15.145714285714286,0.89
2023-06-25,CAUCA,1.8771428571428572,,22.244285714285716,28.03,18.46142857142857,79.06714285714285,14.679999999999998,0.7671428571428571,0.7728571428571429,15.191428571428572,1.217142857142857
2023-07-02,CAUCA,1.127142857142857,,22.444285714285712,28.614285714285717,17.935714285714287,77.11285714285714,14.435714285714285,0.7585714285714287,0.7685714285714286,14.877142857142857,1.0785714285714285
2023-07-09,CAUCA,5.208571428571429,,21.672857142857143,26.445714285714285,18.54,84.04285714285713,15.178571428571429,0.7757142857142857,0.7728571428571429,13.917142857142858,1.237142857142857
2023-07-16,CAUCA,4.174285714285714,,22.252857142857145,27.19142857142857,18.75142857142857,81.74571428571429,15.282857142857143,0.7685714285714286,0.7700000000000001,14.070000000000002,1.032857142857143
2023-07-23,CAUCA,1.7242857142857144,,23.01571428571429,29.34142857142857,18.554285714285715,73.23428571428572,14.049999999999999,0.7571428571428571,0.7614285714285715,14.92,1.0814285714285714
2023-07-30,CAUCA,4.194285714285714,,22.3,27.81714285714286,19.012857142857143,81.86142857142856,15.307142857142859,0.7557142857142857,0.76,15.667142857142858,1.05
2023-08-06,CAUCA,0.8857142857142858,,22.677142857142858,29.195714285714285,18.184285714285714,73.06571428571428,13.718571428571428,0.7385714285714285,0.7528571428571428,14.867142857142857,1.01
2023-08-13,CAUCA,5.407142857142857,,22.59142857142857,27.924285714285713,19.042857142857144,79.87,15.148571428571428,0.75,0.7514285714285714,14.79857142857143,1.0642857142857143
2023-08-20,CAUCA,7.3500000000000005,,21.617142857142856,25.752857142857142,18.897142857142857,85.57000000000001,15.502857142857142,0.7657142857142858,0.7614285714285715,15.305714285714286,1.4285714285714286
2023-08-27,CAUCA,2.912857142857143,,21.684285714285714,26.71857142857143,18.012857142857143,81.64999999999999,14.685714285714285,0.7700000000000001,0.7700000000000001,16.675714285714285,1.3985714285714284
2023-09-03,CAUCA,1.4485714285714286,,22.84714285714286,28.032857142857143,19.22714285714286,78.89857142857143,15.145714285714286,0.7357142857142858,0.7457142857142857,18.071428571428573,1.0985714285714285
2023-09-10,CAUCA,3.7742857142857145,,22.38,27.56857142857143,19.06857142857143,81.60857142857142,15.33,0.7485714285714286,0.7528571428571428,15.84142857142857,1.1442857142857144
2023-09-17,CAUCA,1.0957142857142856,,22.858571428571427,28.512857142857143,19.04,78.45714285714287,15.09,0.7314285714285714,0.7457142857142857,17.90285714285714,1.3414285714285714
2023-09-24,CAUCA,0.692857142857143,,23.044285714285714,28.205714285714286,19.557142857142857,78.46857142857142,15.31,0.7185714285714285,0.7328571428571429,17.31142857142857,1.2100000000000002
2023-10-01,CAUCA,3.2885714285714287,,22.705714285714286,27.7,19.75,82.31714285714285,15.828571428571427,0.7342857142857142,0.7371428571428572,16.21,1.5671428571428572
2023-10-08,CAUCA,5.155714285714287,,21.717142857142857,26.14428571428571,19.174285714285713,85.50142857142858,15.517142857142858,0.7457142857142857,0.7428571428571429,16.48,1.7142857142857142
2023-10-15,CAUCA,8.11857142857143,,22.012857142857143,26.110000000000003,19.214285714285715,84.18857142857142,15.59,0.7842857142857144,0.7742857142857142,15.991428571428571,1.1099999999999999
2023-10-22,CAUCA,0.7085714285714285,,21.725714285714286,25.717142857142857,18.935714285714287,84.19428571428571,15.338571428571429,0.7514285714285714,0.7585714285714287,16.164285714285715,1.3214285714285714
2023-10-29,CAUCA,7.152857142857143,,20.732857142857142,24.84714285714286,18.082857142857144,85.98857142857142,14.768571428571429,0.7828571428571429,0.7700000000000001,13.864285714285714,1.5971428571428572
2023-11-05,CAUCA,10.09,,20.88,25.185714285714287,18.052857142857142,86.25142857142858,14.921428571428573,0.7999999999999999,0.7814285714285715,13.735714285714286,1.4342857142857144
2023-11-12,CAUCA,3.3528571428571428,,22.217142857142854,26.934285714285714,19.334285714285716,85.51428571428572,16.07857142857143,0.7857142857142857,0.7828571428571429,14.892857142857142,1.28
2023-11-19,CAUCA,3.907142857142857,,21.97714285714286,26.360000000000003,19.192857142857143,85.88857142857144,15.884285714285713,0.78,0.7742857142857142,15.535714285714286,1.667142857142857
2023-11-26,CAUCA,3.1671428571428573,,21.517142857142858,26.305714285714284,18.509999999999998,84.20142857142856,15.021428571428572,0.7728571428571429,0.7728571428571429,15.19,1.4714285714285715
2023-12-03,CAUCA,1.342857142857143,,22.421428571428574,27.990000000000002,18.615714285714287,81.25428571428571,15.307142857142859,0.7557142857142857,0.7657142857142858,16.08857142857143,1.3699999999999999
2023-12-10,CAUCA,3.02,,22.90285714285714,28.734285714285715,19.174285714285713,80.77142857142857,15.674285714285714,0.7442857142857143,0.7514285714285714,14.315714285714288,1.2571428571428573
2023-12-17,CAUCA,7.3742857142857146,,22.084285714285716,26.157142857142855,19.419999999999998,86.41285714285713,16.15142857142857,0.7785714285714286,0.7728571428571429,13.62142857142857,1.3071428571428572
2023-12-24,CAUCA,8.322857142857144,,21.798571428571428,25.398571428571426,19.267142857142858,88.97714285714287,16.36,0.8114285714285714,0.8,14.285714285714286,1.5
2023-12-31,CAUCA,5.454285714285715,,20.684285714285714,24.52,18.384285714285713,88.71571428571428,15.188571428571427,0.8085714285714286,0.8099999999999999,13.087142857142856,1.6071428571428572
2024-01-07,CAUCA,0.5885714285714286,,22.204285714285714,27.8,18.48,83.78285714285714,15.567142857142857,0.7814285714285715,0.7942857142857144,18.40142857142857,1.5942857142857143
2024-01-14,CAUCA,2.5799999999999996,,22.142857142857142,26.972857142857144,18.812857142857144,83.63714285714286,15.542857142857143,0.7671428571428571,0.7742857142857142,17.397142857142857,1.4985714285714287
2024-01-21,CAUCA,2.5785714285714287,,23.2,28.69,19.15857142857143,81.13857142857144,16.021428571428572,0.76,0.7671428571428571,15.782857142857143,1.1657142857142857
2024-01-28,CAUCA,0.8642857142857142,,23.635714285714283,29.815714285714286,19.004285714285714,76.88142857142857,15.370000000000001,0.7385714285714285,0.7557142857142857,22.15857142857143,1.467142857142857
2024-02-04,CAUCA,7.994285714285715,,22.447142857142858,27.02,19.62857142857143,84.5657142857143,16.068571428571428,0.7657142857142858,0.7614285714285715,15.651428571428571,1.6014285714285712
2024-02-11,CAUCA,7.082857142857143,,22.385714285714283,27.085714285714285,19.32857142857143,83.91571428571429,15.91,0.8014285714285715,0.7957142857142857,14.585714285714285,1.3671428571428572
2024-02-18,CAUCA,2.0357142857142856,,23.080000000000002,27.71857142857143,20.254285714285714,84.03571428571429,16.614285714285717,0.7757142857142857,0.7857142857142857,16.071428571428573,1.2242857142857144
2024-02-25,CAUCA,4.595714285714285,,21.551428571428573,26.14428571428571,18.511428571428574,85.84714285714287,15.398571428571428,0.7742857142857142,0.78,18.232857142857142,2.0100000000000002
2024-03-03,CAUCA,5.078571428571428,,21.277142857142856,25.77857142857143,18.465714285714284,84.99857142857142,15.052857142857144,0.7857142857142857,0.7828571428571429,14.147142857142857,1.6857142857142857
2024-03-10,CAUCA,4.228571428571429,,22.650000000000002,27.905714285714286,19.222857142857144,83.01285714285714,15.940000000000001,0.7828571428571429,0.79,14.578571428571427,1.5014285714285713
2024-03-17,CAUCA,1.47,,23.611428571428572,29.12142857142857,20.13714285714286,81.2057142857143,16.475714285714286,0.7571428571428571,0.7742857142857142,15.101428571428572,1.3771428571428572
2024-03-24,CAUCA,1.4085714285714286,,21.914285714285715,25.707142857142856,19.349999999999998,86.15428571428572,15.922857142857143,0.76,0.7700000000000001,15.342857142857143,1.375714285714286
2024-03-31,CAUCA,4.394285714285714,,21.792857142857144,26.782857142857143,18.63714285714286,83.08428571428571,15.030000000000001,0.7628571428571428,0.7685714285714286,13.271428571428572,1.4685714285714284
2024-04-07,CAUCA,6.598571428571428,,21.684285714285714,26.44142857142857,18.607142857142858,84.88714285714286,15.377142857142857,0.7971428571428572,0.7957142857142857,13.31,1.5042857142857142
2024-04-14,CAUCA,2.6485714285714286,,23.344285714285714,28.825714285714287,19.814285714285713,80.68857142857144,16.065714285714286,0.7585714285714287,0.7757142857142857,18.514285714285712,1.47
2024-04-21,CAUCA,7.971428571428572,,21.89428571428571,26.12,19.321428571428573,86.81428571428572,16.009999999999998,0.7871428571428571,0.7785714285714286,15.182857142857143,1.7914285714285714
2024-04-28,CAUCA,9.032857142857143,,21.41857142857143,25.58857142857143,18.715714285714284,85.78857142857143,15.322857142857144,0.8085714285714286,0.8,14.317142857142857,1.332857142857143
2024-05-05,CAUCA,7.892857142857143,,21.65857142857143,25.87142857142857,19.127142857142854,87.53857142857143,15.934285714285716,0.8171428571428571,0.8157142857142857,14.262857142857143,1.5542857142857145
2024-05-12,CAUCA,6.527142857142857,,22.101428571428574,26.40142857142857,19.21,86.42714285714285,16.158571428571427,0.8157142857142857,0.8157142857142857,14.564285714285715,1.3785714285714286
2024-05-19,CAUCA,3.177142857142857,,22.367142857142856,26.572857142857142,19.610000000000003,85.58142857142857,16.251428571428573,0.8057142857142858,0.8099999999999999,14.575714285714286,1.2871428571428571
2024-05-26,CAUCA,6.527142857142857,,22.537142857142857,26.442857142857143,19.94142857142857,86.7,16.66,0.8057142857142858,0.8085714285714286,14.248571428571427,1.2842857142857143
2024-06-02,CAUCA,17.395714285714288,,22.81142857142857,28.02285714285714,19.16857142857143,82.69000000000001,15.995714285714286,0.8385714285714286,0.8314285714285715,16.085714285714285,1.1128571428571428
2024-06-09,CAUCA,5.775714285714286,,21.84857142857143,26.990000000000002,18.805714285714284,84.41428571428571,15.45142857142857,0.83,0.8371428571428571,13.561428571428573,1.1514285714285712
2024-06-16,CAUCA,8.02142857142857,,21.57,26.275714285714287,18.75,85.49857142857142,15.402857142857142,0.8342857142857143,0.8342857142857143,13.411428571428571,1.3185714285714287
2024-06-23,CAUCA,6.965714285714286,,21.34142857142857,25.695714285714285,18.30857142857143,85.64142857142858,15.202857142857143,0.8271428571428572,0.8357142857142856,14.645714285714286,1.3342857142857143
2024-06-30,CAUCA,12.095714285714285,,21.225714285714282,25.80857142857143,18.034285714285712,85.55714285714285,15.098571428571429,0.8514285714285714,0.8457142857142858,13.925714285714287,1.282857142857143
2024-07-07,CAUCA,7.678571428571429,,21.504285714285714,26.107142857142858,18.187142857142856,84.13142857142857,15.058571428571428,0.85,0.8514285714285714,13.491428571428571,1.0814285714285714
2024-07-14,CAUCA,6.397142857142858,,22.139999999999997,27.83285714285714,18.34142857142857,80.68857142857144,14.91,0.8285714285714285,0.8357142857142856,15.574285714285713,1.0142857142857142
2024-07-21,CAUCA,2.7657142857142856,,22.305714285714284,28.965714285714284,17.8,77.58,14.362857142857141,0.8085714285714286,0.8257142857142856,15.122857142857143,1.0585714285714285
2024-07-28,CAUCA,1.4414285714285715,,22.25857142857143,28.412857142857142,18.08142857142857,80.31428571428572,14.894285714285715,0.7928571428571429,0.8057142857142858,13.192857142857141,1.0857142857142856
2024-08-04,CAUCA,1.3185714285714287,,22.33142857142857,27.919999999999998,18.669999999999998,79.13857142857144,14.734285714285715,0.7728571428571429,0.7857142857142857,15.76,1.0257142857142856
2024-08-11,CAUCA,4.1414285714285715,,21.78,27.46142857142857,18.11,82.06000000000002,14.85,0.7857142857142857,0.79,14.45142857142857,1.3585714285714285
2024-08-18,CAUCA,1.837142857142857,,22.604285714285712,28.895714285714288,18.19857142857143,77.10857142857142,14.474285714285713,0.7642857142857142,0.78,15.922857142857142,1.0785714285714285
2024-08-25,CAUCA,0.6914285714285714,,22.11285714285714,27.98,18.655714285714286,81.17857142857143,14.95142857142857,0.7471428571428572,0.7614285714285715,14.802857142857144,1.5271428571428571
2024-09-01,CAUCA,0.24428571428571427,,22.732857142857142,29.905714285714286,17.53,72.65714285714286,13.572857142857144,0.7299999999999999,0.7471428571428572,18.542857142857144,1.0571428571428572
2024-09-08,CAUCA,1.7885714285714285,,22.744285714285716,29.03857142857143,18.41142857142857,77.00142857142858,14.611428571428572,0.7342857142857142,0.7428571428571429,15.739999999999998,1.227142857142857
2024-09-15,CAUCA,0.21857142857142858,,22.978571428571428,28.565714285714286,19.065714285714286,78.06000000000002,15.138571428571428,0.7171428571428571,0.7314285714285714,18.084285714285716,1.3814285714285715
2024-09-22,CAUCA,0.9514285714285714,,22.937142857142856,28.801428571428573,19.40142857142857,77.28999999999999,14.892857142857142,0.71,0.72,16.374285714285712,1.4285714285714286
2024-09-29,CAUCA,5.014285714285714,,21.81,26.678571428571427,18.56714285714286,81.96857142857142,14.861428571428572,0.7371428571428572,0.7328571428571429,16.08142857142857,1.592857142857143
2024-10-06,CAUCA,5.43,,21.640000000000004,27.122857142857146,18.354285714285712,83.21285714285715,14.935714285714285,0.7571428571428571,0.75,17.05142857142857,1.7542857142857144
2024-10-13,CAUCA,7.72,,21.472857142857144,26.135714285714283,18.45,84.97571428571429,15.117142857142856,0.7914285714285715,0.78,15.495714285714286,1.6057142857142856
2024-10-20,CAUCA,3.9257142857142857,,22.099999999999998,27.05,18.849999999999998,81.67,15.074285714285717,0.7585714285714287,0.7585714285714287,19.98,1.5414285714285714
2024-10-27,CAUCA,2.7457142857142856,,22.00714285714286,27.141428571428573,18.832857142857144,83.84857142857143,15.452857142857143,0.7614285714285715,0.7614285714285715,15.931428571428572,1.5414285714285714
2024-11-03,CAUCA,3.5428571428571423,,21.75,26.891428571428573,18.509999999999998,83.33714285714287,15.077142857142858,0.7585714285714287,0.76,14.897142857142857,1.58
2024-11-10,CAUCA,1.832857142857143,,21.03857142857143,26.102857142857143,18.25,85.98857142857143,14.962857142857143,0.7571428571428571,0.7628571428571428,15.512857142857143,1.9042857142857144
2024-11-17,CAUCA,3.5214285714285714,,20.125714285714285,25.032857142857143,17.495714285714286,85.41999999999999,14.02,0.7542857142857143,0.7514285714285714,13.218571428571428,1.8800000000000001
2024-11-24,CAUCA,6.837142857142857,,20.381428571428575,24.75714285714286,17.771428571428572,88.36428571428571,14.821428571428571,0.7971428571428572,0.7842857142857144,13.491428571428571,1.6114285714285714
2024-12-01,CAUCA,3.7342857142857144,,21.584285714285716,26.861428571428572,17.91,83.41142857142857,14.992857142857144,0.7771428571428572,0.7757142857142857,14.968571428571428,1.3985714285714288
2024-12-08,CAUCA,4.0128571428571425,,20.807142857142857,24.747142857142858,18.415714285714284,88.33428571428571,15.271428571428572,0.7828571428571429,0.7785714285714286,14.102857142857143,1.6228571428571428
2024-12-15,CAUCA,1.3585714285714285,,21.42571428571429,26.232857142857142,18.307142857142857,85.78,15.315714285714284,0.7557142857142857,0.7628571428571428,13.162857142857144,1.997142857142857
2024-12-22,CAUCA,3.5742857142857143,,21.93285714285714,27.53857142857143,18.617142857142856,83.78142857142858,15.388571428571428,0.7671428571428571,0.7642857142857142,13.81857142857143,1.4442857142857142
2024-12-29,CAUCA,6.815714285714286,,20.34857142857143,23.987142857142857,18.00857142857143,88.08714285714287,14.790000000000001,0.7914285714285715,0.7771428571428572,12.694285714285714,1.6485714285714284
2025-01-05,CAUCA,9.18142857142857,,19.937142857142856,24.405714285714286,17.357142857142858,88.49428571428572,14.459999999999999,0.8171428571428571,0.7985714285714286,11.620000000000001,1.7442857142857142
2025-01-12,CAUCA,2.6442857142857146,,20.988571428571426,25.475714285714286,17.908571428571427,86.77,15.114285714285714,0.7928571428571429,0.7957142857142857,15.14,1.5914285714285714
2025-01-19,CAUCA,0.5214285714285715,,21.107142857142858,26.16714285714286,17.742857142857144,84.13571428571427,14.637142857142859,0.7628571428571428,0.7714285714285715,18.192857142857143,1.8828571428571428
2025-01-26,CAUCA,1.1185714285714285,,21.564285714285713,27.514285714285712,17.431428571428572,79.88571428571429,14.194285714285714,0.7457142857142857,0.7542857142857143,17.054285714285715,1.3814285714285715
2025-02-02,CAUCA,2.707142857142857,,21.898571428571426,26.71142857142857,18.805714285714284,83.80714285714285,15.421428571428573,0.7528571428571428,0.7542857142857143,14.995714285714286,1.3571428571428572
2025-02-09,CAUCA,4.631428571428572,,20.821428571428573,24.71857142857143,18.59,88.16857142857143,15.274285714285714,0.7714285714285715,0.7671428571428571,12.209999999999999,1.5985714285714285
2025-02-16,CAUCA,5.561428571428571,,20.622857142857146,24.854285714285712,18.02142857142857,87.11714285714287,14.821428571428571,0.7985714285714286,0.79,12.397142857142857,1.8814285714285715
2025-02-23,CAUCA,4.861428571428571,,20.78142857142857,25.454285714285714,18.025714285714287,87.03428571428572,14.984285714285715,0.7985714285714286,0.7928571428571429,12.721428571428572,1.5885714285714285
2025-03-02,CAUCA,5.45,,20.754285714285714,24.398571428571433,18.45,88.92999999999999,15.34142857142857,0.8057142857142858,0.8014285714285715,13.248571428571427,1.582857142857143
2025-03-09,CAUCA,9.714285714285714,,20.334285714285716,24.872857142857146,17.56142857142857,85.70428571428572,14.305714285714286,0.8371428571428571,0.8257142857142857,11.89,1.445714285714286
2025-03-16,CAUCA,9.948571428571428,,20.107142857142858,24.237142857142857,17.48857142857143,86.30571428571429,14.26142857142857,0.8414285714285714,0.8371428571428571,12.622857142857143,1.3614285714285717
2025-03-23,CAUCA,8.61142857142857,,21.728571428571428,26.56714285714286,18.602857142857143,86.72285714285715,15.81,0.8657142857142857,0.8642857142857142,13.824285714285717,1.28
2025-03-30,CAUCA,9.742857142857144,,21.217142857142857,25.560000000000002,18.465714285714284,86.99714285714286,15.404285714285715,0.8614285714285714,0.8628571428571429,14.505714285714285,1.3628571428571428
2025-04-06,CAUCA,15.132857142857144,,21.07857142857143,25.284285714285716,18.525714285714287,87.76142857142858,15.441428571428572,0.88,0.8771428571428571,13.731428571428571,1.3871428571428572
2025-04-13,CAUCA,10.852857142857143,,21.204285714285714,25.155714285714286,18.65142857142857,87.26571428571428,15.437142857142858,0.8885714285714286,0.8914285714285715,15.27,1.3871428571428572
2025-04-20,CAUCA,5.405714285714287,,22.240000000000002,26.805714285714284,18.947142857142858,84.91428571428571,16.002857142857145,0.8642857142857142,0.8742857142857143,15.114285714285714,1.1300000000000001
2025-04-27,CAUCA,12.15,,20.935714285714287,24.351428571428574,18.657142857142855,89.60285714285715,15.642857142857142,0.8928571428571429,0.8928571428571429,14.131428571428572,1.6357142857142857
2025-05-04,CAUCA,8.677142857142856,,21.09142857142857,24.92142857142857,18.675714285714285,88.26857142857143,15.54142857142857,0.8928571428571429,0.8957142857142858,13.487142857142857,1.4885714285714287
2025-05-11,CAUCA,5.815714285714286,,21.585714285714285,26.361428571428572,18.304285714285715,83.59285714285714,15.007142857142856,0.8871428571428571,0.8942857142857142,14.294285714285715,1.1385714285714286
2025-05-18,CAUCA,9.821428571428571,,21.122857142857146,24.94142857142857,18.788571428571426,88.78571428571429,15.664285714285715,0.8885714285714286,0.8928571428571429,12.131428571428572,1.5071428571428573
2025-05-25,CAUCA,4.912857142857143,,21.87857142857143,26.634285714285713,18.74285714285714,84.66857142857143,15.544285714285715,0.8828571428571428,0.8942857142857142,13.95857142857143,1.1
2025-06-01,CAUCA,8.422857142857143,,21.602857142857143,25.51571428571429,18.818571428571428,87.49428571428572,15.891428571428571,0.8871428571428571,0.8928571428571429,12.842857142857143,1.1385714285714286
2025-06-08,CAUCA,14.817142857142857,,21.56142857142857,26.301428571428573,18.292857142857144,85.30857142857143,15.379999999999999,0.9142857142857144,0.9142857142857144,13.831428571428571,0.9671428571428571
2025-06-15,CAUCA,9.575714285714286,,20.705714285714286,24.344285714285714,18.419999999999998,89.25428571428571,15.347142857142858,0.91,0.91,13.824285714285717,1.3871428571428572
2025-06-22,CAUCA,8.712857142857143,,21.222857142857144,25.447142857142858,18.16857142857143,86.43142857142857,15.294285714285715,0.9114285714285714,0.9157142857142857,13.68142857142857,0.9771428571428571
2025-06-29,CAUCA,6.377142857142857,,21.018571428571427,25.56714285714286,17.785714285714285,86.20142857142856,15.024285714285714,0.9085714285714286,0.9142857142857144,14.311428571428573,1.217142857142857
2025-07-06,CAUCA,5.045714285714285,,21.345714285714287,26.627142857142854,17.782857142857143,82.51428571428572,14.595714285714285,0.8985714285714286,0.9085714285714286,14.605714285714285,0.8342857142857143
2025-07-13,CAUCA,3.1685714285714286,,20.975714285714282,25.607142857142858,17.812857142857144,84.87857142857142,14.752857142857142,0.89,0.9,14.617142857142857,0.9528571428571428
2025-07-20,CAUCA,3.454285714285714,,21.784285714285716,27.09857142857143,17.601428571428574,79.51285714285714,14.432857142857143,0.88,0.8928571428571429,15.661428571428571,0.86
2025-07-27,CAUCA,3.9257142857142857,,21.25857142857143,25.708571428571428,18.06142857142857,85.21142857142857,15.108571428571429,0.8742857142857143,0.8871428571428571,15.571428571428571,1.2214285714285715
2025-08-03,CAUCA,1.73,,21.81714285714286,27.41,18.025714285714283,82.42428571428572,14.955714285714285,0.86,0.8742857142857143,14.101428571428572,1.0
2025-08-10,CAUCA,3.955714285714286,,20.972857142857144,25.68,17.99,83.91857142857144,14.518571428571429,0.8557142857142858,0.8642857142857142,14.655714285714286,1.14
2025-08-17,CAUCA,3.8085714285714287,,20.97714285714286,25.73,17.891428571428573,85.32571428571428,14.811428571428573,0.8585714285714285,0.87,12.311666666666667,1.3671428571428572
2025-08-24,CAUCA,2.2314285714285718,,21.400000000000002,26.395714285714284,18.08142857142857,84.65857142857143,15.085714285714285,0.8471428571428571,0.86,14.328571428571427,1.3414285714285714
2025-08-31,CAUCA,3.66,,21.84,27.384285714285713,18.085714285714285,81.2957142857143,14.767142857142858,0.8428571428571427,0.8514285714285714,12.48,1.0542857142857143
2025-09-07,CAUCA,6.2542857142857144,,20.981428571428573,25.71,17.851428571428574,84.62,14.69,0.85,0.8514285714285714,11.182857142857143,1.2328571428571427
2025-09-14,CAUCA,1.5342857142857143,,21.722857142857144,27.624285714285715,17.63142857142857,81.55142857142857,14.707142857142857,0.8328571428571429,0.8457142857142858,13.19,1.0742857142857143
2025-09-21,CAUCA,7.281428571428571,,21.01142857142857,25.38,18.139999999999997,86.03714285714285,15.001428571428573,0.8485714285714285,0.85,10.819999999999999,1.4585714285714284
2025-09-28,CAUCA,1.27,,21.462857142857143,26.490000000000002,18.177142857142858,83.65857142857143,14.935714285714285,0.8328571428571429,0.8428571428571427,15.79142857142857,1.2314285714285715
2025-10-05,CAUCA,15.402857142857142,,20.352857142857143,24.431428571428572,17.822857142857142,89.01857142857143,15.025714285714287,0.8685714285714285,0.8771428571428571,14.4,0.7442857142857143
2025-10-12,CAUCA,35.1,,19.787142857142857,23.094285714285714,17.795714285714286,91.49714285714286,14.98857142857143,0.8942857142857142,0.8985714285714286,11.111428571428572,0.6071428571428571
2025-10-19,CAUCA,33.30285714285714,,19.704285714285714,23.318571428571428,17.617142857142856,91.52285714285713,14.911428571428571,0.9057142857142857,0.9142857142857144,14.878333333333332,0.6214285714285713
2025-10-26,CAUCA,42.60142857142858,,20.00857142857143,23.577142857142857,18.11,92.12142857142858,15.31857142857143,0.9157142857142857,0.9185714285714287,13.235714285714286,0.65
2025-11-02,CAUCA,32.688,,19.968,23.28,18.036,92.33,15.313999999999998,0.924,0.93,13.524000000000001,0.612
2021-01-03,HUILA,5.793333333333334,,15.85,19.566666666666666,13.113333333333335,89.71,12.726666666666667,0.8333333333333334,0.8233333333333333,11.926666666666668,0.8033333333333333
2021-01-10,HUILA,7.124285714285714,,14.814285714285715,18.10857142857143,12.25,89.92142857142858,11.955714285714285,0.84,0.8385714285714286,12.39,0.7828571428571429
2021-01-17,HUILA,0.6357142857142858,,16.334285714285716,21.33142857142857,12.775714285714287,84.8,12.292857142857143,0.8242857142857142,0.83,15.915714285714285,0.8571428571428571
2021-01-24,HUILA,10.848571428571429,,16.244285714285716,20.454285714285714,13.331428571428571,86.63142857142857,12.491428571428571,0.8271428571428572,0.8157142857142857,13.044285714285715,0.9714285714285714
2021-01-31,HUILA,3.7914285714285714,,16.141428571428573,20.71,12.758571428571429,86.8442857142857,12.492857142857144,0.85,0.8642857142857142,15.35,0.9628571428571429
2021-02-07,HUILA,6.511428571428572,,16.307142857142857,20.405714285714286,13.385714285714286,88.99857142857142,12.975714285714286,0.85,0.8571428571428571,12.389999999999999,1.0214285714285714
2021-02-14,HUILA,1.72,,16.787142857142857,20.83857142857143,14.057142857142859,88.14714285714285,13.262857142857143,0.8471428571428571,0.8614285714285714,14.848571428571429,0.6571428571428571
2021-02-21,HUILA,5.380000000000001,,16.587142857142858,20.962857142857143,13.481428571428571,87.67142857142858,12.978571428571428,0.8557142857142858,0.8685714285714285,14.799999999999999,0.71
2021-02-28,HUILA,3.7800000000000002,,16.027142857142856,19.995714285714286,12.955714285714285,88.99142857142859,12.752857142857142,0.8442857142857143,0.8542857142857142,10.985714285714286,1.0057142857142858
2021-03-07,HUILA,6.485714285714287,,15.428571428571429,19.207142857142856,12.654285714285715,88.76428571428572,12.23857142857143,0.8557142857142858,0.8642857142857142,12.241428571428571,0.7185714285714285
2021-03-14,HUILA,5.837142857142857,,15.115714285714287,18.907142857142855,11.987142857142857,87.31142857142858,11.780000000000001,0.87,0.89,12.522857142857143,0.66
2021-03-21,HUILA,6.101428571428571,,15.319999999999999,18.18,13.167142857142858,91.07285714285715,12.505714285714285,0.8757142857142857,0.9014285714285715,14.415714285714285,0.5114285714285715
2021-03-28,HUILA,5.281428571428571,,15.615714285714287,19.555714285714284,12.607142857142858,88.52285714285713,12.345714285714285,0.8857142857142858,0.9157142857142857,12.94,0.8185714285714286
2021-04-04,HUILA,8.837142857142856,,15.184285714285716,19.645714285714288,11.915714285714285,89.89,12.219999999999999,0.9,0.9328571428571429,12.835714285714285,1.4014285714285715
2021-04-11,HUILA,5.11,,15.042857142857143,19.148571428571426,11.912857142857144,89.01571428571428,11.975714285714286,0.9014285714285715,0.937142857142857,13.481428571428571,1.2457142857142858
2021-04-18,HUILA,13.111428571428572,,14.977142857142857,18.504285714285714,12.204285714285716,91.39285714285714,12.262857142857143,0.9214285714285715,0.9628571428571429,12.108571428571429,1.4485714285714286
2021-04-25,HUILA,7.998571428571428,,15.432857142857143,19.645714285714284,11.90857142857143,88.88857142857144,12.255714285714285,0.9242857142857144,0.97,14.505714285714287,1.0671428571428572
2021-05-02,HUILA,6.295714285714285,,14.947142857142856,18.43857142857143,12.087142857142856,89.91,12.034285714285714,0.9257142857142858,0.9757142857142858,12.582857142857142,0.7142857142857143
2021-05-09,HUILA,1.9514285714285715,,14.955714285714285,18.792857142857144,12.075714285714286,89.53857142857143,11.974285714285713,0.9128571428571429,0.9642857142857143,15.078571428571431,0.8957142857142858
2021-05-16,HUILA,1.8185714285714287,,15.047142857142857,19.351428571428574,11.771428571428572,90.37857142857142,12.184285714285716,0.8942857142857142,0.9371428571428572,11.654285714285715,1.7214285714285715
2021-05-23,HUILA,6.242857142857143,,15.6,19.698571428571427,12.430000000000001,90.12428571428572,12.62142857142857,0.8942857142857142,0.9299999999999999,12.974285714285713,1.5085714285714287
2021-05-30,HUILA,11.040000000000001,,15.245714285714286,18.795714285714286,12.402857142857144,90.58285714285715,12.361428571428572,0.9128571428571429,0.9542857142857143,13.514285714285716,1.3842857142857141
2021-06-06,HUILA,5.781428571428571,,14.917142857142858,18.777142857142856,11.634285714285713,89.61,11.964285714285714,0.9157142857142857,0.9628571428571429,13.828571428571427,1.2899999999999998
2021-06-13,HUILA,7.944285714285714,,14.788571428571428,18.509999999999998,11.937142857142858,90.26714285714286,11.952857142857143,0.9114285714285714,0.9571428571428571,12.54142857142857,1.0985714285714285
2021-06-20,HUILA,13.515714285714285,,13.794285714285715,17.511428571428574,10.815714285714288,91.09,11.332857142857142,0.9457142857142857,0.9871428571428572,12.24,1.4728571428571429
2021-06-27,HUILA,5.341428571428572,,13.975714285714286,18.374285714285715,10.17,88.67857142857143,11.12142857142857,0.9385714285714286,0.9871428571428572,14.167142857142858,1.1985714285714286
2021-07-04,HUILA,1.7842857142857143,,13.188571428571427,17.14142857142857,10.382857142857144,90.61571428571428,10.797142857142857,0.9114285714285714,0.9628571428571429,12.67,1.9842857142857144
2021-07-11,HUILA,1.5857142857142856,,13.55,17.884285714285713,10.198571428571428,89.66571428571429,10.974285714285713,0.89,0.9314285714285715,11.862857142857143,1.6214285714285714
2021-07-18,HUILA,2.2728571428571427,,14.34142857142857,18.245714285714286,11.08,90.30857142857143,11.62142857142857,0.8757142857142857,0.9042857142857142,12.58,1.8314285714285714
2021-07-25,HUILA,2.9185714285714286,,13.87857142857143,17.69142857142857,11.025714285714287,90.01428571428572,11.211428571428572,0.8742857142857143,0.8985714285714286,9.71142857142857,2.0342857142857143
2021-08-01,HUILA,0.6885714285714286,,14.299999999999999,18.52857142857143,11.12142857142857,89.23,11.438571428571427,0.8571428571428571,0.8714285714285713,12.53,1.8685714285714285
2021-08-08,HUILA,0.9357142857142857,,13.237142857142857,17.715714285714284,9.76142857142857,87.73571428571428,10.464285714285714,0.8428571428571427,0.8485714285714285,11.875714285714285,1.9271428571428573
2021-08-15,HUILA,4.504285714285714,,14.337142857142856,18.59,11.047142857142857,88.50999999999999,11.324285714285713,0.8371428571428571,0.8328571428571429,13.001428571428573,1.5085714285714287
2021-08-22,HUILA,1.6514285714285715,,14.955714285714285,19.717142857142854,10.934285714285712,87.03428571428572,11.570000000000002,0.8314285714285713,0.8257142857142856,13.981428571428571,1.157142857142857
2021-08-29,HUILA,1.0042857142857142,,15.59,20.24857142857143,11.785714285714286,85.00142857142858,11.787142857142857,0.8085714285714286,0.7928571428571429,14.997142857142858,1.2114285714285715
2021-09-05,HUILA,3.3799999999999994,,14.937142857142858,19.358571428571427,11.294285714285715,86.93714285714285,11.561428571428573,0.7942857142857144,0.7714285714285715,15.639999999999999,1.2342857142857144
2021-09-12,HUILA,2.6228571428571428,,14.718571428571428,19.415714285714284,11.057142857142859,86.13285714285713,11.258571428571429,0.7885714285714286,0.7657142857142858,13.48,1.4414285714285715
2021-09-19,HUILA,0.5471428571428572,,14.52,20.042857142857144,10.04857142857143,81.57571428571428,10.424285714285714,0.7628571428571428,0.7385714285714285,17.39428571428571,1.4371428571428573
2021-09-26,HUILA,6.164285714285714,,13.952857142857143,18.59714285714286,10.227142857142857,86.8,10.780000000000001,0.7671428571428571,0.7342857142857142,12.977142857142857,1.7328571428571427
2021-10-03,HUILA,1.3757142857142857,,15.502857142857142,20.627142857142854,11.035714285714286,84.76,11.624285714285715,0.7542857142857143,0.7257142857142858,16.66,1.0314285714285714
2021-10-10,HUILA,4.328571428571428,,16.03142857142857,20.692857142857143,12.120000000000001,86.78142857142858,12.365714285714287,0.7385714285714285,0.7014285714285714,14.495714285714286,1.2014285714285715
2021-10-17,HUILA,1.31,,16.06,20.65142857142857,12.327142857142857,86.09857142857142,12.295714285714284,0.7328571428571429,0.6971428571428572,17.52285714285714,1.0642857142857143
2021-10-24,HUILA,3.5042857142857144,,16.197142857142858,21.342857142857145,12.111428571428572,84.66571428571429,12.12142857142857,0.7157142857142856,0.6757142857142858,16.864285714285717,0.8985714285714286
2021-10-31,HUILA,6.42,,15.708571428571428,19.798571428571428,12.585714285714285,89.6557142857143,12.558571428571428,0.7542857142857143,0.7128571428571429,13.767142857142858,0.8714285714285713
2021-11-07,HUILA,3.4628571428571426,,16.268571428571427,20.985714285714288,12.698571428571428,86.16571428571429,12.44,0.7442857142857143,0.7071428571428571,16.005714285714284,0.8714285714285713
2021-11-14,HUILA,2.3000000000000003,,16.02,20.287142857142857,12.879999999999999,86.48857142857142,12.338571428571429,0.7385714285714285,0.7042857142857143,13.652857142857142,0.7271428571428571
2021-11-21,HUILA,5.8,,16.20714285714286,20.268571428571427,13.492857142857144,88.33142857142857,12.797142857142857,0.7485714285714286,0.7057142857142856,15.36,0.7485714285714286
2021-11-28,HUILA,4.088571428571429,,15.651428571428571,19.75142857142857,12.680000000000001,88.57714285714285,12.347142857142856,0.7628571428571428,0.7285714285714285,14.022857142857143,0.7885714285714286
2021-12-05,HUILA,3.8685714285714288,,15.805714285714286,20.33142857142857,12.425714285714283,88.31714285714285,12.428571428571429,0.7557142857142857,0.7228571428571428,14.527142857142858,1.157142857142857
2021-12-12,HUILA,8.251428571428573,,16.504285714285714,20.988571428571426,13.508571428571429,89.29857142857144,13.195714285714287,0.7714285714285715,0.7314285714285714,12.917142857142858,1.0785714285714285
2021-12-19,HUILA,4.1,,16.467142857142857,20.495714285714286,13.51142857142857,89.30857142857143,13.172857142857142,0.7914285714285715,0.7614285714285715,13.19,0.8428571428571429
2021-12-26,HUILA,2.2514285714285713,,16.614285714285714,20.68,13.76142857142857,88.52857142857144,13.161428571428571,0.7871428571428571,0.7657142857142858,15.264285714285714,0.6771428571428572
2022-01-02,HUILA,3.14,,16.482857142857142,21.37857142857143,12.875714285714285,86.23142857142857,12.61,0.7785714285714286,0.7514285714285714,17.332857142857144,0.8971428571428571
2022-01-09,HUILA,1.4814285714285713,,15.955714285714285,20.962857142857143,12.102857142857143,84.44000000000001,11.930000000000001,0.76,0.7328571428571429,17.872857142857143,0.7557142857142857
2022-01-16,HUILA,3.8214285714285716,,15.522857142857143,19.62,12.577142857142857,88.70285714285714,12.277142857142858,0.7614285714285715,0.7285714285714285,12.822857142857144,0.8742857142857143
2022-01-23,HUILA,0.7971428571428572,,15.787142857142857,20.38714285714286,12.377142857142857,86.89285714285714,12.205714285714285,0.74,0.71,12.111428571428572,1.1885714285714286
2022-01-30,HUILA,4.4957142857142856,,16.025714285714287,20.641428571428573,12.837142857142856,87.00142857142858,12.435714285714285,0.7514285714285714,0.7128571428571429,14.79857142857143,0.8285714285714286
2022-02-06,HUILA,1.8599999999999999,,16.167142857142856,20.801428571428573,12.657142857142857,86.32142857142857,12.39857142857143,0.7357142857142858,0.7028571428571428,13.395714285714286,0.7628571428571428
2022-02-13,HUILA,2.3357142857142854,,16.035714285714285,20.032857142857143,13.374285714285715,88.16,12.605714285714287,0.7314285714285714,0.7,11.774285714285714,0.7557142857142857
2022-02-20,HUILA,9.301428571428572,,16.092857142857145,20.551428571428573,13.251428571428573,88.44857142857143,12.682857142857143,0.76,0.7157142857142856,12.56857142857143,0.8228571428571428
2022-02-27,HUILA,5.658571428571428,,15.870000000000001,20.03857142857143,12.957142857142857,89.24,12.644285714285715,0.7871428571428571,0.7585714285714287,10.985714285714286,0.8828571428571429
2022-03-06,HUILA,13.772857142857143,,15.678571428571429,19.61285714285714,12.752857142857142,89.53571428571429,12.532857142857143,0.8271428571428572,0.8028571428571428,13.718571428571428,0.9171428571428571
2022-03-13,HUILA,3.54,,15.664285714285715,19.84714285714286,12.680000000000001,86.58285714285714,12.075714285714286,0.8442857142857143,0.8428571428571427,14.83,0.7514285714285714
2022-03-20,HUILA,7.008571428571429,,15.812857142857144,19.764285714285712,13.044285714285715,89.81142857142858,12.68142857142857,0.8571428571428571,0.8614285714285714,12.921428571428573,0.8042857142857143
2022-03-27,HUILA,3.347142857142857,,15.76142857142857,19.631428571428568,12.831428571428573,89.88,12.687142857142858,0.85,0.8542857142857142,10.722857142857142,1.1257142857142857
2022-04-03,HUILA,4.4957142857142856,,15.384285714285713,19.701428571428572,12.168571428571429,88.57142857142857,12.147142857142857,0.8585714285714285,0.8642857142857142,12.86,1.0885714285714285
2022-04-10,HUILA,10.377142857142857,,15.612857142857143,20.187142857142856,12.105714285714285,89.04714285714286,12.41,0.8814285714285715,0.8957142857142858,13.657142857142858,1.17
2022-04-17,HUILA,2.9957142857142856,,15.638571428571428,19.571428571428573,12.59,90.03714285714285,12.620000000000001,0.8657142857142857,0.8857142857142858,12.215714285714286,1.4471428571428573
2022-04-24,HUILA,11.204285714285714,,14.895714285714286,18.987142857142857,11.768571428571429,88.81857142857143,11.842857142857143,0.8971428571428571,0.9214285714285715,13.15,1.0857142857142856
2022-05-01,HUILA,3.294285714285714,,14.768571428571429,18.962857142857143,11.517142857142858,89.80714285714285,11.882857142857144,0.89,0.9285714285714286,12.982857142857142,1.3442857142857143
2022-05-08,HUILA,6.498571428571429,,15.282857142857143,19.50142857142857,12.022857142857143,89.64714285714285,12.241428571428571,0.8885714285714286,0.9157142857142857,13.838571428571429,1.3514285714285716
2022-05-15,HUILA,4.768571428571428,,15.222857142857142,19.262857142857143,11.799999999999999,89.55999999999999,12.209999999999999,0.8928571428571429,0.9257142857142858,13.61,1.1485714285714284
2022-05-22,HUILA,5.805714285714286,,14.588571428571429,18.51571428571429,11.45142857142857,91.09285714285714,11.915714285714285,0.8971428571428571,0.9342857142857143,12.561428571428573,1.2514285714285713
2022-05-29,HUILA,2.724285714285714,,14.205714285714285,18.147142857142857,10.985714285714286,89.46714285714286,11.397142857142857,0.8871428571428571,0.92,11.497142857142858,1.6828571428571428
2022-06-05,HUILA,8.451428571428572,,14.561428571428573,18.534285714285716,11.645714285714286,90.67571428571429,11.834285714285715,0.8885714285714286,0.9157142857142857,12.44,1.0471428571428572
2022-06-12,HUILA,2.005714285714286,,14.654285714285715,18.38,11.458571428571428,90.00571428571428,11.817142857142857,0.8928571428571429,0.9271428571428572,12.807142857142859,1.1128571428571428
2022-06-19,HUILA,3.144285714285714,,14.287142857142857,18.502857142857145,10.708571428571428,89.42857142857143,11.485714285714286,0.8757142857142857,0.9057142857142857,13.252857142857144,1.2057142857142857
2022-06-26,HUILA,2.6914285714285713,,13.838571428571429,17.701428571428572,10.680000000000001,90.28714285714285,11.258571428571429,0.8728571428571429,0.8985714285714286,11.361428571428572,1.5957142857142856
2022-07-03,HUILA,1.47,,14.327142857142858,18.99285714285714,10.53,88.50571428571428,11.352857142857143,0.8614285714285714,0.8785714285714287,13.605714285714287,1.3614285714285717
2022-07-10,HUILA,0.3585714285714286,,14.491428571428571,18.315714285714286,11.56,89.76142857142858,11.647142857142857,0.8442857142857143,0.8514285714285714,11.924285714285714,1.7542857142857142
2022-07-17,HUILA,2.6514285714285712,,14.651428571428571,19.24857142857143,11.03,88.91857142857143,11.641428571428571,0.8357142857142856,0.8342857142857143,13.751428571428573,1.2514285714285713
2022-07-24,HUILA,1.51,,14.067142857142857,18.584285714285716,10.678571428571429,87.5942857142857,11.045714285714284,0.8228571428571428,0.8157142857142857,11.544285714285715,1.6199999999999999
2022-07-31,HUILA,3.1057142857142854,,14.102857142857143,18.607142857142858,10.657142857142857,88.66,11.174285714285714,0.8200000000000001,0.8085714285714286,14.461428571428572,1.2957142857142858
2022-08-07,HUILA,1.0928571428571427,,14.667142857142858,19.185714285714287,10.932857142857143,87.73857142857142,11.51,0.8,0.7828571428571429,12.547142857142857,1.477142857142857
2022-08-14,HUILA,0.8142857142857143,,14.194285714285714,18.84857142857143,10.358571428571429,86.90142857142857,11.058571428571428,0.7785714285714286,0.7571428571428571,13.322857142857142,1.532857142857143
2022-08-21,HUILA,0.34714285714285714,,14.70857142857143,19.677142857142858,10.711428571428572,85.47857142857143,11.15,0.7542857142857143,0.7271428571428571,14.691428571428572,1.5728571428571427
2022-08-28,HUILA,0.008571428571428572,,13.804285714285713,19.045714285714286,9.334285714285715,83.53,10.214285714285714,0.7271428571428571,0.6971428571428572,13.61,1.5157142857142856
2022-09-04,HUILA,2.394285714285714,,14.327142857142857,19.195714285714285,10.81142857142857,85.49000000000001,10.9,0.7114285714285714,0.6799999999999999,11.364285714285714,1.6771428571428573
2022-09-11,HUILA,0.10571428571428572,,14.35,19.705714285714286,10.008571428571429,82.05285714285715,10.377142857142857,0.6799999999999999,0.6585714285714286,11.62142857142857,1.6714285714285713
2022-09-18,HUILA,4.744285714285715,,15.43142857142857,21.062857142857144,10.782857142857143,82.60000000000001,11.198571428571428,0.6928571428571428,0.66,17.36857142857143,1.157142857142857
2022-09-25,HUILA,7.854285714285714,,15.787142857142856,21.509999999999998,11.67,81.47285714285714,11.290000000000001,0.7157142857142856,0.6771428571428572,17.94,1.0114285714285713
2022-10-02,HUILA,1.7571428571428573,,15.241428571428571,20.345714285714287,11.222857142857142,82.92,11.134285714285713,0.6971428571428572,0.6657142857142857,17.942857142857143,1.6357142857142857
2022-10-09,HUILA,10.824285714285713,,15.127142857142857,20.145714285714288,11.290000000000001,84.70142857142856,11.365714285714287,0.74,0.6914285714285714,16.034285714285716,1.06
2022-10-16,HUILA,2.6814285714285715,,15.368571428571428,20.044285714285714,11.674285714285714,87.41428571428571,11.95857142857143,0.7442857142857143,0.7071428571428571,14.474285714285713,1.127142857142857
2022-10-23,HUILA,12.799999999999999,,15.981428571428571,19.91142857142857,13.252857142857142,89.12857142857142,12.742857142857144,0.8042857142857143,0.7671428571428571,14.209999999999999,0.7357142857142858
2022-10-30,HUILA,7.667142857142857,,16.155714285714286,20.534285714285716,12.801428571428572,87.67714285714285,12.644285714285715,0.8257142857142856,0.8057142857142858,15.564285714285715,0.9257142857142858
2022-11-06,HUILA,2.825714285714286,,15.565714285714288,19.88,12.167142857142858,87.98428571428572,12.212857142857143,0.8114285714285714,0.7971428571428572,14.077142857142857,1.1385714285714286
2022-11-13,HUILA,3.32,,15.629999999999999,19.821428571428573,12.537142857142857,88.68857142857144,12.368571428571428,0.812857142857143,0.7957142857142857,14.174285714285714,0.6257142857142857
2022-11-20,HUILA,2.0485714285714285,,16.169999999999998,20.428571428571427,13.11,88.50285714285714,12.765714285714285,0.8014285714285715,0.7857142857142857,14.395714285714288,0.9214285714285715
2022-11-27,HUILA,5.998571428571429,,16.085714285714285,20.662857142857142,13.032857142857143,88.35142857142857,12.687142857142858,0.8085714285714286,0.7842857142857144,14.687142857142858,0.6814285714285714
2022-12-04,HUILA,5.184285714285714,,15.799999999999999,20.31714285714286,12.672857142857142,87.82428571428571,12.397142857142857,0.8157142857142857,0.7957142857142857,14.352857142857143,1.0171428571428571
2022-12-11,HUILA,2.7471428571428573,,15.107142857142858,19.198571428571427,12.092857142857143,88.51857142857143,11.955714285714285,0.8142857142857143,0.7971428571428572,13.927142857142856,0.8657142857142857
2022-12-18,HUILA,1.97,,14.735714285714286,19.095714285714287,11.268571428571429,88.4342857142857,11.635714285714286,0.8014285714285715,0.7842857142857144,14.599999999999998,1.0914285714285714
2022-12-25,HUILA,1.93,,15.33,20.44142857142857,11.141428571428571,85.55,11.655714285714286,0.7828571428571429,0.7614285714285715,17.02285714285714,1.0171428571428571
2023-01-01,HUILA,2.641428571428571,,15.522857142857143,20.342857142857145,11.828571428571427,85.18285714285715,11.74,0.7785714285714286,0.75,16.51,0.8071428571428572
2023-01-08,HUILA,4.41,,14.928571428571429,18.787142857142857,12.188571428571427,88.44714285714285,11.772857142857143,0.7871428571428571,0.7557142857142857,12.971428571428572,0.7071428571428572
2023-01-15,HUILA,9.918571428571429,,14.9,18.99285714285714,11.837142857142856,89.01428571428572,11.832857142857142,0.8185714285714286,0.7914285714285715,13.108571428571429,0.7857142857142857
2023-01-22,HUILA,5.917142857142857,,14.614285714285714,18.77,11.528571428571428,89.12285714285714,11.635714285714286,0.8285714285714285,0.8171428571428571,11.815714285714288,0.9299999999999999
2023-01-29,HUILA,0.3628571428571429,,14.615714285714287,20.13,9.95142857142857,84.24000000000001,10.90857142857143,0.8142857142857143,0.8057142857142858,18.04,1.3828571428571428
2023-02-05,HUILA,1.4885714285714287,,14.811428571428573,20.32,10.347142857142858,83.15142857142857,10.870000000000001,0.79,0.7714285714285715,16.90142857142857,1.1971428571428573
2023-02-12,HUILA,0.23857142857142857,,15.275714285714287,19.858571428571427,11.565714285714284,87.70285714285714,12.005714285714285,0.7671428571428571,0.7442857142857143,11.86,1.5585714285714285
2023-02-19,HUILA,3.3314285714285714,,15.842857142857143,19.937142857142856,12.805714285714286,88.39714285714285,12.517142857142858,0.7628571428571428,0.7328571428571429,12.498571428571427,0.9328571428571427
2023-02-26,HUILA,2.8785714285714286,,15.549999999999999,20.71,11.324285714285713,84.67714285714285,11.68142857142857,0.7642857142857142,0.7328571428571429,15.632857142857144,0.9242857142857144
2023-03-05,HUILA,0.6542857142857142,,16.275714285714283,20.580000000000002,13.154285714285715,87.81857142857143,12.777142857142858,0.7299999999999999,0.7071428571428571,9.491428571428571,1.76
2023-03-12,HUILA,13.054285714285713,,15.684285714285716,19.482857142857142,13.107142857142858,89.00571428571428,12.45142857142857,0.7828571428571429,0.74,10.822857142857142,0.6628571428571429
2023-03-19,HUILA,11.401428571428571,,15.771428571428572,20.017142857142858,12.665714285714285,86.73571428571428,12.14857142857143,0.8385714285714286,0.8185714285714286,12.774285714285714,0.6242857142857143
2023-03-26,HUILA,3.2642857142857147,,15.614285714285714,19.54,12.852857142857143,88.00571428571428,12.264285714285714,0.8428571428571427,0.8414285714285714,12.407142857142857,0.7428571428571429
2023-04-02,HUILA,3.3971428571428572,,15.294285714285715,19.495714285714286,12.17,89.37571428571428,12.228571428571428,0.8428571428571427,0.8414285714285714,9.83,1.3085714285714285
2023-04-09,HUILA,5.314285714285714,,15.582857142857142,19.72,12.435714285714285,88.94285714285715,12.397142857142857,0.8414285714285714,0.8371428571428571,12.115714285714287,0.9657142857142856
2023-04-16,HUILA,1.74,,16.068571428571428,20.54,12.615714285714287,88.12285714285714,12.684285714285712,0.8285714285714285,0.8257142857142856,13.795714285714284,1.2742857142857142
2023-04-23,HUILA,14.492857142857144,,15.775714285714287,19.384285714285713,13.028571428571428,89.05571428571429,12.565714285714288,0.8671428571428572,0.8642857142857142,13.208571428571428,0.6857142857142857
2023-04-30,HUILA,5.307142857142857,,15.6,19.771428571428572,12.384285714285713,89.14142857142858,12.394285714285715,0.8842857142857143,0.91,14.032857142857143,0.972857142857143
2023-05-07,HUILA,0.5557142857142857,,15.237142857142857,19.41142857142857,11.694285714285714,89.31714285714285,12.19,0.8671428571428572,0.89,12.961428571428572,1.917142857142857
2023-05-14,HUILA,2.424285714285714,,15.305714285714286,19.192857142857143,12.481428571428571,91.07714285714285,12.504285714285714,0.8514285714285714,0.8614285714285714,12.18142857142857,1.7414285714285713
2023-05-21,HUILA,2.6514285714285712,,16.318571428571428,20.732857142857142,12.870000000000001,88.39,12.907142857142857,0.8428571428571427,0.8457142857142858,13.207142857142857,1.2200000000000002
2023-05-28,HUILA,10.941428571428572,,15.847142857142858,19.844285714285714,12.935714285714285,90.19285714285715,12.78,0.8757142857142857,0.8871428571428571,13.271428571428572,1.042857142857143
2023-06-04,HUILA,3.12,,14.504285714285714,18.70285714285714,11.127142857142857,89.73857142857142,11.651428571428571,0.8671428571428572,0.8871428571428571,13.452857142857143,1.497142857142857
2023-06-11,HUILA,0.35000000000000003,,14.872857142857143,19.28,11.435714285714285,89.08285714285714,11.87142857142857,0.85,0.8571428571428571,12.122857142857143,1.4600000000000002
2023-06-18,HUILA,0.6985714285714285,,14.185714285714285,18.024285714285714,11.397142857142857,89.4557142857143,11.372857142857143,0.83,0.8285714285714285,11.74,2.38
2023-06-25,HUILA,0.7614285714285715,,14.362857142857143,18.571428571428573,11.258571428571429,89.61142857142856,11.557142857142859,0.812857142857143,0.8014285714285715,12.471428571428572,1.6942857142857142
2023-07-02,HUILA,0.6128571428571429,,14.092857142857142,18.437142857142856,10.825714285714286,88.81857142857143,11.20857142857143,0.7971428571428572,0.78,11.432857142857143,1.9185714285714286
2023-07-09,HUILA,3.8885714285714283,,15.44,19.41142857142857,12.325714285714286,89.46571428571428,12.317142857142857,0.7914285714285715,0.7657142857142858,13.62857142857143,1.4342857142857142
2023-07-16,HUILA,1.2514285714285713,,15.16,18.892857142857142,12.397142857142857,90.05428571428571,12.232857142857142,0.7785714285714286,0.7557142857142857,11.758571428571429,1.782857142857143
2023-07-23,HUILA,2.06,,14.049999999999999,17.96,11.267142857142858,89.08571428571429,11.182857142857143,0.7700000000000001,0.7471428571428572,10.824285714285713,2.6814285714285715
2023-07-30,HUILA,1.4042857142857144,,14.915714285714285,19.041428571428572,11.731428571428571,90.20285714285714,12.052857142857144,0.7557142857142857,0.7257142857142858,12.012857142857143,1.8499999999999999
2023-08-06,HUILA,0.5157142857142858,,13.92,18.48857142857143,10.404285714285715,85.99285714285715,10.64857142857143,0.7357142857142858,0.7085714285714285,11.375714285714285,2.19
2023-08-13,HUILA,3.672857142857143,,15.179999999999998,19.382857142857144,12.122857142857143,88.54285714285713,11.947142857142856,0.7285714285714285,0.6985714285714285,13.195714285714287,1.8057142857142858
2023-08-20,HUILA,1.9242857142857144,,15.792857142857143,20.56142857142857,12.121428571428572,87.22571428571429,12.291428571428572,0.7128571428571429,0.6914285714285714,14.757142857142856,1.1314285714285715
2023-08-27,HUILA,1.6771428571428573,,16.387142857142855,21.06142857142857,13.022857142857143,86.32000000000001,12.547142857142857,0.7071428571428571,0.6842857142857143,15.51,1.2885714285714285
2023-09-03,HUILA,0.4014285714285714,,16.595714285714287,21.23,13.184285714285712,84.62428571428572,12.421428571428573,0.6714285714285715,0.6585714285714286,17.82,1.6557142857142857
2023-09-10,HUILA,2.7657142857142856,,15.98857142857143,20.66,12.652857142857144,85.84714285714286,12.141428571428573,0.6728571428571428,0.6528571428571429,13.722857142857142,1.752857142857143
2023-09-17,HUILA,0.5528571428571428,,16.298571428571428,21.877142857142854,11.918571428571429,80.79857142857144,11.581428571428573,0.6457142857142858,0.6328571428571428,16.61285714285714,1.6171428571428572
2023-09-24,HUILA,0.32,,16.547142857142855,21.624285714285715,12.897142857142857,82.25285714285714,11.942857142857141,0.6214285714285713,0.6085714285714285,15.092857142857143,1.6271428571428572
2023-10-01,HUILA,1.3399999999999999,,17.79,23.63571428571429,13.532857142857143,80.47714285714287,12.545714285714286,0.6071428571428571,0.5928571428571427,15.687142857142858,1.375714285714286
2023-10-08,HUILA,2.0742857142857143,,18.07,23.704285714285714,14.007142857142856,78.92428571428572,12.558571428571428,0.5942857142857143,0.5814285714285713,18.765714285714285,0.8785714285714287
2023-10-15,HUILA,2.665714285714286,,16.34857142857143,21.255714285714284,12.417142857142858,82.23714285714286,11.817142857142857,0.6042857142857142,0.5857142857142856,15.028571428571428,1.26
2023-10-22,HUILA,0.08857142857142856,,16.715714285714288,22.33857142857143,12.067142857142857,80.48,11.790000000000001,0.5785714285714285,0.5742857142857142,15.56,1.3228571428571427
2023-10-29,HUILA,6.238571428571428,,16.591428571428573,21.837142857142858,12.821428571428571,83.5657142857143,12.26,0.62,0.5942857142857143,14.91,1.2385714285714287
2023-11-05,HUILA,10.665714285714285,,16.231428571428573,20.511428571428574,13.290000000000001,87.81857142857143,12.714285714285714,0.7000000000000001,0.6457142857142858,13.04857142857143,0.6828571428571429
2023-11-12,HUILA,2.3957142857142855,,16.251428571428573,20.764285714285712,12.742857142857144,88.64571428571428,12.862857142857143,0.7014285714285714,0.6614285714285714,12.862857142857141,1.4414285714285715
2023-11-19,HUILA,3.0800000000000005,,16.95285714285714,21.93285714285714,13.24,84.17714285714285,12.715714285714286,0.6814285714285714,0.6471428571428571,15.040000000000001,0.99
2023-11-26,HUILA,3.1585714285714284,,16.28142857142857,20.47142857142857,13.044285714285715,85.99000000000001,12.455714285714285,0.6857142857142857,0.65,14.747142857142858,1.0214285714285716
2023-12-03,HUILA,1.3985714285714288,,16.264285714285712,21.02285714285714,12.447142857142856,86.07000000000001,12.437142857142858,0.6657142857142857,0.64,13.565714285714288,1.542857142857143
2023-12-10,HUILA,1.9757142857142858,,16.544285714285714,21.13714285714286,13.025714285714287,86.35571428571428,12.73857142857143,0.64,0.6171428571428572,11.799999999999999,1.5971428571428572
2023-12-17,HUILA,8.604285714285714,,16.752857142857142,20.905714285714286,13.697142857142856,89.22571428571429,13.39857142857143,0.6885714285714286,0.6442857142857142,11.975714285714286,1.127142857142857
2023-12-24,HUILA,10.384285714285713,,16.425714285714285,20.178571428571427,13.629999999999999,90.47571428571428,13.345714285714285,0.7571428571428571,0.71,12.561428571428573,0.9157142857142857
2023-12-31,HUILA,5.098571428571428,,16.465714285714284,20.232857142857142,13.64857142857143,89.73142857142857,13.197142857142856,0.7757142857142857,0.7428571428571429,11.68142857142857,0.6371428571428571
2024-01-07,HUILA,0.45,,17.1,22.101428571428574,13.5,84.67857142857143,12.887142857142857,0.7528571428571428,0.7271428571428571,17.337142857142858,0.9585714285714287
2024-01-14,HUILA,3.1314285714285717,,16.78142857142857,21.78857142857143,12.959999999999999,85.75,12.792857142857143,0.7328571428571429,0.6971428571428572,15.821428571428571,1.0985714285714285
2024-01-21,HUILA,2.481428571428571,,16.647142857142857,21.45,12.654285714285715,86.8442857142857,12.894285714285715,0.7185714285714285,0.687142857142857,12.764285714285714,1.8414285714285714
2024-01-28,HUILA,0.48571428571428577,,16.978571428571428,22.96,11.907142857142857,82.28571428571429,12.294285714285715,0.6857142857142857,0.6642857142857144,21.822857142857142,1.497142857142857
2024-02-04,HUILA,5.4071428571428575,,17.504285714285714,22.254285714285714,14.035714285714286,84.72285714285714,13.182857142857143,0.6785714285714286,0.6485714285714286,14.43142857142857,1.0414285714285714
2024-02-11,HUILA,4.2628571428571425,,16.805714285714284,21.131428571428568,13.68142857142857,88.18571428571428,13.245714285714286,0.7085714285714285,0.6742857142857144,13.565714285714284,1.5042857142857142
2024-02-18,HUILA,1.7428571428571427,,16.97714285714286,20.834285714285716,14.215714285714286,89.29857142857144,13.584285714285715,0.7014285714285714,0.6742857142857144,11.14,1.7814285714285714
2024-02-25,HUILA,1.672857142857143,,17.242857142857144,22.46142857142857,13.274285714285714,81.23142857142857,12.397142857142857,0.6799999999999999,0.6557142857142857,17.984285714285715,1.042857142857143
2024-03-03,HUILA,6.67,,16.90285714285714,21.164285714285715,13.932857142857143,88.35571428571428,13.335714285714285,0.7000000000000001,0.6657142857142857,12.145714285714286,0.9242857142857143
2024-03-10,HUILA,3.1942857142857144,,17.525714285714287,21.934285714285714,14.498571428571427,88.22,13.84142857142857,0.7171428571428571,0.6885714285714285,10.905714285714286,1.7157142857142857
2024-03-17,HUILA,1.0685714285714287,,17.675714285714285,22.267142857142858,14.352857142857143,86.08571428571429,13.58,0.6885714285714286,0.6657142857142857,11.417142857142858,1.9985714285714287
2024-03-24,HUILA,2.9257142857142857,,17.48,22.009999999999998,14.352857142857143,86.36571428571428,13.45142857142857,0.6871428571428572,0.66,13.90857142857143,1.05
2024-03-31,HUILA,4.815714285714286,,16.925714285714285,21.66142857142857,13.677142857142856,84.48571428571428,12.680000000000001,0.6942857142857142,0.6628571428571429,13.815714285714284,1.1714285714285713
2024-04-07,HUILA,5.161428571428572,,16.782857142857143,21.05,13.852857142857143,87.58285714285715,13.06857142857143,0.7299999999999999,0.6928571428571428,11.790000000000001,1.2314285714285713
2024-04-14,HUILA,0.75,,17.568571428571428,22.917142857142856,13.56,83.8442857142857,13.071428571428571,0.6857142857142857,0.6671428571428571,16.257142857142856,1.497142857142857
2024-04-21,HUILA,7.095714285714286,,17.080000000000002,21.405714285714286,13.79857142857143,87.30428571428571,13.274285714285714,0.7114285714285715,0.6714285714285715,13.70142857142857,0.8957142857142857
2024-04-28,HUILA,8.298571428571428,,16.36,20.25,13.53,89.22285714285714,13.02,0.7471428571428572,0.7071428571428571,13.584285714285715,0.8885714285714286
2024-05-05,HUILA,6.662857142857143,,16.768571428571427,20.78142857142857,13.65857142857143,89.25,13.395714285714286,0.7742857142857142,0.7442857142857143,13.67,1.06
2024-05-12,HUILA,2.584285714285714,,16.545714285714286,21.045714285714286,12.982857142857142,89.05285714285715,13.167142857142858,0.7714285714285715,0.7485714285714286,14.702857142857143,1.2128571428571429
2024-05-19,HUILA,1.7385714285714287,,16.627142857142857,20.692857142857143,13.482857142857142,88.9342857142857,13.214285714285714,0.7557142857142857,0.7314285714285714,13.221428571428572,1.3857142857142857
2024-05-26,HUILA,2.7328571428571427,,16.607142857142858,20.46857142857143,13.72,89.12714285714286,13.235714285714286,0.7457142857142857,0.7171428571428571,11.45142857142857,1.422857142857143
2024-06-02,HUILA,8.377142857142857,,15.594285714285714,19.952857142857145,12.394285714285715,89.74428571428572,12.45857142857143,0.7771428571428572,0.7428571428571429,14.205714285714285,1.747142857142857
2024-06-09,HUILA,3.6114285714285717,,15.040000000000001,18.495714285714286,12.452857142857143,91.63571428571429,12.322857142857144,0.7757142857142857,0.7528571428571428,11.015714285714285,1.72
2024-06-16,HUILA,6.910000000000001,,15.37142857142857,19.172857142857143,12.447142857142856,90.75714285714285,12.474285714285713,0.7857142857142857,0.7585714285714287,12.267142857142858,1.4714285714285715
2024-06-23,HUILA,4.430000000000001,,15.468571428571428,19.66857142857143,12.052857142857144,88.32571428571428,12.195714285714287,0.8014285714285715,0.7857142857142857,14.48,1.327142857142857
2024-06-30,HUILA,4.737142857142857,,15.312857142857142,19.50142857142857,11.977142857142857,89.10142857142857,12.172857142857143,0.7971428571428572,0.7842857142857144,13.370000000000001,1.3114285714285714
2024-07-07,HUILA,3.8871428571428575,,14.51,18.677142857142858,11.608571428571429,89.85428571428572,11.657142857142857,0.7985714285714286,0.7828571428571429,11.54142857142857,1.602857142857143
2024-07-14,HUILA,3.531428571428571,,14.697142857142856,18.792857142857144,11.705714285714285,89.40142857142857,11.762857142857143,0.7914285714285715,0.7742857142857142,12.637142857142857,1.9642857142857142
2024-07-21,HUILA,0.6128571428571429,,13.684285714285716,18.080000000000002,10.604285714285714,89.30857142857143,10.957142857142857,0.7728571428571429,0.7585714285714287,10.078571428571427,2.2014285714285715
2024-07-28,HUILA,1.0671428571428572,,14.314285714285715,18.701428571428572,11.161428571428571,89.17285714285715,11.407142857142857,0.7614285714285715,0.74,9.417142857142858,1.7942857142857143
2024-08-04,HUILA,0.4114285714285714,,14.891428571428573,19.417142857142856,11.532857142857143,87.24285714285715,11.56857142857143,0.7357142857142858,0.71,12.987142857142857,1.967142857142857
2024-08-11,HUILA,1.5942857142857143,,15.414285714285715,20.00714285714286,11.474285714285715,86.04857142857144,11.764285714285714,0.7085714285714285,0.6857142857142857,12.641428571428571,1.4371428571428573
2024-08-18,HUILA,0.27999999999999997,,14.778571428571428,19.705714285714286,11.072857142857144,85.5,11.18142857142857,0.687142857142857,0.67,11.075714285714286,2.005714285714286
2024-08-25,HUILA,0.49714285714285716,,16.12857142857143,20.94,12.54142857142857,84.85000000000001,12.12857142857143,0.66,0.6442857142857142,14.292857142857143,1.6857142857142857
2024-09-01,HUILA,0.09857142857142857,,15.245714285714286,20.99142857142857,10.915714285714285,78.81857142857143,10.472857142857142,0.63,0.62,16.77285714285714,1.957142857142857
2024-09-08,HUILA,0.7814285714285714,,15.732857142857142,21.358571428571427,11.447142857142856,81.26,11.214285714285714,0.6114285714285714,0.6,12.331428571428573,1.7042857142857142
2024-09-15,HUILA,0.08285714285714287,,16.79285714285714,22.381428571428568,12.37857142857143,80.01714285714286,11.788571428571428,0.5885714285714286,0.5814285714285713,17.695714285714285,1.6471428571428572
2024-09-22,HUILA,0.5042857142857142,,17.091428571428573,22.16857142857143,13.569999999999999,81.82000000000001,12.297142857142857,0.57,0.5657142857142857,13.781428571428572,1.8542857142857143
2024-09-29,HUILA,2.3771428571428572,,16.955714285714286,22.43,12.937142857142858,79.66857142857143,11.744285714285713,0.5642857142857143,0.5557142857142857,17.41857142857143,1.1400000000000001
2024-10-06,HUILA,3.3442857142857143,,16.97714285714286,22.782857142857143,12.978571428571428,80.83142857142857,11.974285714285713,0.5842857142857143,0.5714285714285714,16.95,1.0557142857142856
2024-10-13,HUILA,6.998571428571429,,16.521428571428572,21.729999999999997,12.89,82.26428571428572,11.942857142857141,0.65,0.6142857142857142,15.664285714285715,1.2642857142857145
2024-10-20,HUILA,1.0971428571428572,,16.914285714285715,22.737142857142857,12.65857142857143,79.47285714285714,11.831428571428571,0.6,0.5871428571428571,19.634285714285713,1.2228571428571429
2024-10-27,HUILA,2.084285714285714,,17.34857142857143,22.852857142857143,13.217142857142857,82.07142857142857,12.540000000000001,0.59,0.5785714285714285,16.215714285714288,1.2971428571428572
2024-11-03,HUILA,2.1485714285714286,,16.93857142857143,22.337142857142858,13.224285714285713,82.13,12.272857142857143,0.5928571428571427,0.5785714285714285,14.192857142857141,1.2442857142857142
2024-11-10,HUILA,1.3457142857142856,,17.185714285714287,22.625714285714285,13.692857142857141,82.96000000000001,12.622857142857143,0.5842857142857143,0.5714285714285714,15.857142857142858,0.5714285714285714
2024-11-17,HUILA,4.992857142857143,,16.662857142857142,21.41714285714286,13.597142857142858,83.62285714285714,12.362857142857143,0.6,0.5757142857142856,13.835714285714285,0.7842857142857144
2024-11-24,HUILA,6.354285714285714,,16.158571428571427,20.52285714285714,13.461428571428572,86.59571428571428,12.441428571428572,0.6685714285714287,0.6242857142857143,13.04857142857143,0.8200000000000001
2024-12-01,HUILA,4.764285714285714,,15.938571428571427,20.852857142857143,11.981428571428571,85.52,12.105714285714285,0.6799999999999999,0.6357142857142858,14.127142857142857,1.342857142857143
2024-12-08,HUILA,8.731428571428571,,16.904285714285713,21.177142857142858,13.911428571428571,87.94857142857143,13.301428571428572,0.72,0.6685714285714287,14.018571428571429,0.8214285714285714
2024-12-15,HUILA,2.3214285714285716,,16.484285714285715,20.937142857142856,13.247142857142858,88.11857142857141,13.004285714285714,0.6957142857142856,0.6557142857142857,11.807142857142859,0.9942857142857143
2024-12-22,HUILA,3.6314285714285717,,16.325714285714287,20.57714285714286,13.33,88.73571428571428,12.935714285714285,0.71,0.6657142857142857,12.315714285714284,1.3757142857142857
2024-12-29,HUILA,10.092857142857143,,15.704285714285716,19.792857142857144,12.735714285714286,88.22714285714287,12.328571428571427,0.7471428571428572,0.6971428571428572,12.468571428571428,0.8528571428571429
2025-01-05,HUILA,11.414285714285715,,15.637142857142857,19.648571428571426,12.712857142857144,87.59285714285714,12.219999999999999,0.7985714285714286,0.7614285714285715,11.858571428571427,0.7857142857142857
2025-01-12,HUILA,2.032857142857143,,15.925714285714287,20.610000000000003,12.597142857142856,87.29285714285713,12.375714285714285,0.79,0.7728571428571429,15.344285714285714,0.9014285714285714
2025-01-19,HUILA,0.5071428571428571,,16.557142857142857,22.0,12.617142857142856,83.48428571428572,12.251428571428573,0.7614285714285715,0.7371428571428572,18.90285714285714,0.8528571428571429
2025-01-26,HUILA,1.6257142857142857,,15.007142857142856,20.12,11.192857142857141,85.46714285714286,11.355714285714285,0.7428571428571429,0.7085714285714285,15.325714285714286,1.3585714285714285
2025-02-02,HUILA,2.028571428571429,,15.924285714285714,20.494285714285716,12.52142857142857,88.74857142857142,12.632857142857144,0.7328571428571429,0.7014285714285714,12.51,1.5942857142857143
2025-02-09,HUILA,3.8714285714285714,,16.321428571428573,20.771428571428572,13.12142857142857,87.97142857142856,12.788571428571428,0.7314285714285714,0.6928571428571428,12.302857142857144,1.042857142857143
2025-02-16,HUILA,12.958571428571428,,15.99,19.74857142857143,13.450000000000001,89.47142857142856,12.802857142857144,0.8028571428571428,0.7628571428571428,11.692857142857141,0.6485714285714286
2025-02-23,HUILA,9.644285714285715,,15.379999999999999,18.77285714285714,12.924285714285714,90.78142857142858,12.491428571428571,0.8342857142857143,0.8171428571428571,10.582857142857142,1.0485714285714285
2025-03-02,HUILA,10.692857142857141,,15.794285714285715,19.465714285714284,12.85,90.00142857142858,12.734285714285715,0.85,0.8442857142857143,12.044285714285715,0.8828571428571429
2025-03-09,HUILA,8.665714285714285,,15.911428571428571,19.647142857142857,13.324285714285713,89.69142857142857,12.751428571428573,0.8828571428571428,0.9042857142857142,10.887142857142859,0.7357142857142858
2025-03-16,HUILA,8.182857142857143,,15.645714285714286,18.87,13.197142857142856,90.79714285714286,12.705714285714285,0.8985714285714286,0.9271428571428572,11.672857142857143,0.7442857142857143
2025-03-23,HUILA,6.217142857142856,,15.638571428571428,19.654285714285717,12.614285714285714,90.39571428571428,12.644285714285715,0.9057142857142857,0.9442857142857142,12.27,1.4442857142857142
2025-03-30,HUILA,14.057142857142859,,15.845714285714285,19.565714285714286,13.041428571428572,90.85571428571428,12.894285714285715,0.9242857142857143,0.9642857142857143,12.198571428571428,1.0171428571428571
2025-04-06,HUILA,7.911428571428571,,15.777142857142858,19.33857142857143,13.147142857142857,91.68857142857144,12.968571428571428,0.9414285714285714,0.9885714285714285,11.958571428571428,1.2314285714285715
2025-04-13,HUILA,5.687142857142858,,15.695714285714287,19.27,12.59142857142857,90.99285714285715,12.794285714285715,0.9357142857142857,0.9857142857142858,15.117142857142857,1.0285714285714287
2025-04-20,HUILA,3.4828571428571427,,15.404285714285715,19.02,12.4,91.67857142857143,12.67,0.9185714285714287,0.9714285714285714,12.697142857142856,1.5571428571428572
2025-04-27,HUILA,12.34142857142857,,16.037142857142857,19.974285714285713,13.001428571428573,89.60571428571428,12.858571428571429,0.9328571428571429,0.9814285714285714,14.327142857142857,0.6571428571428571
2025-05-04,HUILA,7.105714285714285,,15.19,19.10571428571429,12.135714285714286,90.11,12.278571428571428,0.9385714285714285,0.9885714285714285,13.731428571428571,1.0771428571428572
2025-05-11,HUILA,3.301428571428571,,14.415714285714285,18.495714285714286,11.338571428571429,89.33,11.54142857142857,0.9242857142857144,0.9771428571428571,12.314285714285715,1.6700000000000002
2025-05-18,HUILA,7.038571428571429,,14.98857142857143,18.609999999999996,12.312857142857142,91.73142857142857,12.33,0.9171428571428571,0.9657142857142856,11.337142857142856,1.2414285714285713
2025-05-25,HUILA,2.882857142857143,,14.688571428571427,18.185714285714287,11.905714285714286,92.08857142857143,12.148571428571428,0.9142857142857144,0.9657142857142856,11.487142857142857,1.5742857142857143
2025-06-01,HUILA,3.1214285714285714,,14.92,18.50714285714286,12.015714285714285,92.4542857142857,12.357142857142858,0.9042857142857142,0.9485714285714285,10.879999999999999,1.6614285714285713
2025-06-08,HUILA,11.987142857142857,,14.29857142857143,17.907142857142855,11.834285714285715,92.08571428571429,11.817142857142857,0.9314285714285715,0.9814285714285714,11.90857142857143,1.7142857142857142
2025-06-15,HUILA,5.5042857142857144,,15.028571428571428,18.68,12.302857142857144,91.28714285714285,12.275714285714285,0.9257142857142858,0.9771428571428571,12.870000000000001,1.172857142857143
2025-06-22,HUILA,9.295714285714284,,14.551428571428572,17.66,12.165714285714285,93.17285714285715,12.192857142857141,0.937142857142857,0.9885714285714285,11.715714285714284,1.8699999999999999
2025-06-29,HUILA,7.325714285714286,,14.867142857142856,18.60571428571429,11.965714285714286,90.77142857142857,12.097142857142858,0.9385714285714286,0.9885714285714285,12.824285714285713,1.6142857142857143
2025-07-06,HUILA,3.262857142857143,,13.694285714285714,17.087142857142858,11.205714285714285,91.77,11.312857142857142,0.9171428571428571,0.9714285714285714,10.917142857142858,2.355714285714286
2025-07-13,HUILA,2.7685714285714282,,13.59,17.222857142857144,10.811428571428573,92.05571428571429,11.271428571428572,0.9,0.95,10.328571428571427,1.7457142857142858
2025-07-20,HUILA,1.2357142857142858,,13.307142857142859,17.267142857142858,10.381428571428572,90.48285714285714,10.902857142857142,0.89,0.9314285714285715,12.007142857142856,1.9914285714285713
2025-07-27,HUILA,0.7257142857142858,,14.668571428571429,18.860000000000003,11.485714285714286,89.97285714285714,11.835714285714285,0.8742857142857143,0.9,12.287142857142857,1.6228571428571428
2025-08-03,HUILA,0.5571428571428572,,14.870000000000001,19.06142857142857,11.698571428571428,89.02,11.819999999999999,0.8542857142857142,0.8685714285714285,12.582857142857142,2.0442857142857145
2025-08-10,HUILA,2.2285714285714286,,14.061428571428573,18.657142857142855,10.69,87.94142857142857,11.027142857142858,0.84,0.8428571428571427,14.01142857142857,1.44
2025-08-17,HUILA,1.7042857142857142,,14.70142857142857,18.802857142857142,11.532857142857143,89.08,11.712857142857143,0.8328571428571429,0.83,12.108333333333334,1.3685714285714285
2025-08-24,HUILA,1.162857142857143,,15.505714285714285,19.488571428571426,12.445714285714287,89.43714285714285,12.407142857142857,0.8171428571428571,0.8071428571428572,12.688571428571427,1.512857142857143
2025-08-31,HUILA,3.2971428571428567,,14.397142857142857,18.517142857142858,11.482857142857142,90.10142857142857,11.59142857142857,0.812857142857143,0.7971428571428572,11.260000000000002,2.1214285714285714
2025-09-07,HUILA,2.3657142857142857,,14.427142857142858,18.798571428571428,11.20142857142857,88.85428571428572,11.425714285714287,0.8042857142857144,0.7871428571428571,11.508571428571429,1.5299999999999998
2025-09-14,HUILA,0.6699999999999999,,14.874285714285715,19.284285714285716,11.607142857142858,88.52428571428571,11.754285714285714,0.7871428571428571,0.7671428571428571,14.747142857142858,1.9528571428571428
2025-09-21,HUILA,3.172857142857143,,15.107142857142858,19.75,11.522857142857143,87.23285714285714,11.71142857142857,0.7771428571428572,0.7514285714285714,12.765714285714285,1.2714285714285716
2025-09-28,HUILA,1.0485714285714285,,15.361428571428572,20.025714285714287,11.895714285714286,86.7242857142857,11.831428571428571,0.7614285714285715,0.7314285714285714,12.981428571428571,1.6457142857142857
2025-10-05,HUILA,8.888571428571428,,15.042857142857143,18.86285714285714,12.129999999999999,89.46285714285715,11.938571428571427,0.7771428571428572,0.7357142857142858,13.528571428571428,0.9414285714285714
2025-10-12,HUILA,9.835714285714285,,15.411428571428571,18.974285714285713,12.907142857142857,89.60857142857142,12.242857142857144,0.7842857142857144,0.7371428571428572,12.241428571428571,0.7185714285714285
2025-10-19,HUILA,9.777142857142858,,15.62142857142857,19.61285714285714,12.937142857142858,88.54142857142857,12.257142857142856,0.7814285714285715,0.7328571428571429,13.735,0.722857142857143
2025-10-26,HUILA,9.432857142857143,,15.964285714285714,19.732857142857142,13.305714285714286,89.25714285714285,12.638571428571428,0.78,0.7299999999999999,16.298571428571428,0.7314285714285714
2025-11-02,HUILA,14.046000000000001,,15.968,19.372,13.648,90.518,12.824000000000002,0.79,0.738,13.99,0.734
2021-01-03,TOLIMA,6.706666666666667,,22.37,26.76,18.69333333333333,80.39999999999999,15.18,0.7033333333333333,0.6666666666666666,14.306666666666667,0.9566666666666667
2021-01-10,TOLIMA,5.365714285714286,,22.099999999999998,26.627142857142854,18.265714285714285,77.61285714285714,14.382857142857144,0.6842857142857143,0.6514285714285715,15.092857142857143,1.1342857142857141
2021-01-17,TOLIMA,0.5742857142857142,,23.06857142857143,28.45,18.17142857142857,69.66857142857143,13.607142857142858,0.64,0.6228571428571429,18.62142857142857,1.1300000000000001
2021-01-24,TOLIMA,4.785714285714286,,23.08142857142857,28.98428571428571,17.985714285714288,70.66285714285713,13.734285714285715,0.6271428571428571,0.6014285714285714,17.285714285714285,1.0414285714285714
2021-01-31,TOLIMA,1.8614285714285714,,23.437142857142856,28.92142857142857,18.532857142857143,71.09285714285714,14.161428571428571,0.6271428571428571,0.6085714285714285,19.009999999999998,1.0685714285714287
2021-02-07,TOLIMA,5.008571428571429,,23.845714285714287,29.131428571428568,19.692857142857143,71.51142857142858,14.59,0.6171428571428572,0.5942857142857143,16.955714285714286,1.0542857142857143
2021-02-14,TOLIMA,0.7642857142857143,,23.245714285714286,27.90857142857143,19.867142857142856,75.30428571428571,14.93857142857143,0.62,0.6028571428571429,15.370000000000001,0.9257142857142858
2021-02-21,TOLIMA,4.707142857142857,,23.104285714285712,27.914285714285715,19.275714285714287,74.44428571428571,14.587142857142856,0.6385714285714286,0.6142857142857142,14.299999999999999,1.0642857142857143
2021-02-28,TOLIMA,2.9071428571428575,,24.101428571428574,29.38,19.888571428571428,72.06142857142858,14.954285714285716,0.6071428571428571,0.59,15.294285714285715,1.0257142857142856
2021-03-07,TOLIMA,5.409999999999999,,22.607142857142858,26.771428571428572,19.482857142857142,76.48142857142857,14.615714285714287,0.6342857142857143,0.6028571428571429,13.415714285714285,0.8371428571428571
2021-03-14,TOLIMA,3.538571428571429,,22.705714285714286,26.957142857142856,19.207142857142856,75.4542857142857,14.43142857142857,0.6485714285714286,0.62,13.485714285714286,0.9071428571428571
2021-03-21,TOLIMA,3.3214285714285716,,22.91857142857143,27.707142857142856,19.335714285714285,76.01142857142858,14.712857142857143,0.6342857142857143,0.6085714285714285,14.504285714285714,0.7714285714285715
2021-03-28,TOLIMA,4.735714285714286,,23.164285714285715,27.634285714285713,19.397142857142857,75.60857142857142,14.887142857142857,0.6528571428571429,0.6214285714285713,14.864285714285714,0.8657142857142858
2021-04-04,TOLIMA,6.6414285714285715,,23.304285714285715,28.245714285714286,19.502857142857145,77.46285714285715,15.4,0.6685714285714285,0.6328571428571428,15.825714285714286,1.3800000000000001
2021-04-11,TOLIMA,3.777142857142857,,22.457142857142856,26.94,18.755714285714284,78.37285714285714,14.83,0.6571428571428571,0.6314285714285715,15.991428571428571,1.4700000000000002
2021-04-18,TOLIMA,10.705714285714285,,22.685714285714287,27.217142857142857,18.775714285714287,79.78142857142858,15.34142857142857,0.6928571428571428,0.65,15.802857142857144,1.5071428571428573
2021-04-25,TOLIMA,6.494285714285715,,22.75,27.368571428571425,18.990000000000002,78.06142857142858,15.064285714285715,0.6985714285714285,0.6671428571428571,17.43285714285714,1.002857142857143
2021-05-02,TOLIMA,4.652857142857143,,21.82857142857143,24.95285714285714,19.09142857142857,81.88714285714286,15.002857142857142,0.6900000000000001,0.6585714285714286,14.642857142857142,1.0771428571428572
2021-05-09,TOLIMA,0.7642857142857142,,22.31142857142857,27.004285714285714,18.525714285714287,77.73,14.522857142857143,0.6528571428571429,0.6342857142857143,17.507142857142856,1.09
2021-05-16,TOLIMA,0.8442857142857143,,22.99285714285714,28.224285714285713,18.599999999999998,75.23571428571428,14.665714285714285,0.6157142857142857,0.6057142857142858,17.15285714285714,1.7771428571428571
2021-05-23,TOLIMA,3.5714285714285716,,23.422857142857143,28.49142857142857,18.842857142857145,74.97142857142856,14.968571428571428,0.6142857142857142,0.5971428571428571,17.422857142857143,1.4714285714285715
2021-05-30,TOLIMA,7.371428571428571,,22.722857142857144,27.431428571428572,18.83857142857143,79.66428571428571,15.317142857142857,0.6742857142857143,0.6314285714285715,15.671428571428573,1.477142857142857
2021-06-06,TOLIMA,4.852857142857142,,22.165714285714284,26.20285714285714,18.624285714285715,80.95,15.085714285714285,0.6628571428571428,0.63,16.83142857142857,1.375714285714286
2021-06-13,TOLIMA,7.234285714285714,,21.821428571428573,26.165714285714284,18.245714285714286,80.39857142857143,14.657142857142857,0.6742857142857143,0.6357142857142858,13.452857142857143,1.1714285714285713
2021-06-20,TOLIMA,13.18857142857143,,20.895714285714284,25.132857142857144,17.264285714285712,84.05142857142857,14.508571428571429,0.7428571428571429,0.6957142857142857,16.67142857142857,1.6385714285714286
2021-06-27,TOLIMA,4.748571428571428,,21.175714285714285,25.68857142857143,16.835714285714285,80.69857142857143,14.137142857142857,0.71,0.6842857142857143,16.509999999999998,1.52
2021-07-04,TOLIMA,1.1371428571428572,,20.738571428571426,25.625714285714285,16.779999999999998,78.82142857142857,13.398571428571428,0.6671428571428571,0.65,17.745714285714286,2.1471428571428572
2021-07-11,TOLIMA,0.6428571428571429,,21.75142857142857,27.064285714285713,16.917142857142856,75.53714285714285,13.642857142857142,0.6314285714285715,0.6185714285714285,16.62142857142857,1.9642857142857142
2021-07-18,TOLIMA,3.107142857142857,,22.467142857142857,28.424285714285713,17.415714285714284,72.2,13.51142857142857,0.6171428571428572,0.6,15.991428571428571,1.8671428571428572
2021-07-25,TOLIMA,3.584285714285714,,21.87857142857143,27.255714285714284,17.674285714285713,76.63714285714286,13.934285714285712,0.6442857142857142,0.6214285714285713,15.441428571428572,1.9914285714285713
2021-08-01,TOLIMA,0.9114285714285714,,22.925714285714285,28.48428571428571,18.215714285714288,70.87857142857142,13.631428571428572,0.6028571428571429,0.5971428571428571,17.265714285714285,1.7642857142857142
2021-08-08,TOLIMA,1.1957142857142855,,22.174285714285713,28.02285714285714,17.434285714285714,68.54714285714286,12.552857142857144,0.5871428571428571,0.5842857142857143,17.252857142857145,2.1142857142857143
2021-08-15,TOLIMA,4.751428571428571,,22.844285714285714,28.712857142857143,18.110000000000003,72.33428571428571,13.76142857142857,0.6085714285714285,0.5885714285714286,16.922857142857143,1.7057142857142857
2021-08-22,TOLIMA,2.6999999999999997,,23.494285714285716,28.694285714285712,18.994285714285716,71.95428571428572,14.307142857142859,0.6057142857142858,0.5928571428571427,15.751428571428571,1.2314285714285715
2021-08-29,TOLIMA,1.16,,24.302857142857142,29.76142857142857,19.867142857142856,67.52142857142857,14.081428571428571,0.5785714285714285,0.5771428571428572,16.46,1.0714285714285714
2021-09-05,TOLIMA,4.444285714285714,,23.822857142857142,29.61285714285714,18.645714285714284,66.56285714285714,13.462857142857143,0.5714285714285714,0.5657142857142857,17.564285714285713,1.5857142857142856
2021-09-12,TOLIMA,3.302857142857143,,23.59142857142857,29.352857142857143,18.768571428571427,68.71571428571428,13.654285714285715,0.5942857142857143,0.5785714285714285,15.709999999999999,1.512857142857143
2021-09-19,TOLIMA,0.7457142857142857,,23.722857142857144,30.504285714285714,17.857142857142858,62.97428571428571,12.502857142857142,0.5571428571428572,0.5628571428571428,20.428571428571427,1.6428571428571428
2021-09-26,TOLIMA,7.428571428571429,,22.78142857142857,28.997142857142855,17.96857142857143,70.23285714285716,13.29142857142857,0.6071428571428571,0.5728571428571428,17.91,2.1085714285714285
2021-10-03,TOLIMA,1.1185714285714285,,23.627142857142854,29.33142857142857,18.701428571428572,69.04714285714286,13.837142857142856,0.5700000000000001,0.57,17.88142857142857,1.2
2021-10-10,TOLIMA,3.597142857142857,,24.75714285714286,30.49285714285714,20.115714285714287,69.84,14.892857142857142,0.5599999999999999,0.55,16.852857142857143,1.06
2021-10-17,TOLIMA,1.0514285714285714,,24.060000000000002,29.204285714285714,19.912857142857142,71.94285714285715,14.795714285714284,0.5628571428571428,0.5571428571428572,16.602857142857143,1.1342857142857143
2021-10-24,TOLIMA,1.7885714285714285,,24.55857142857143,29.957142857142856,19.71857142857143,66.53428571428572,13.992857142857144,0.5342857142857144,0.5414285714285715,16.47,0.9742857142857143
2021-10-31,TOLIMA,3.8771428571428572,,22.94142857142857,27.330000000000002,19.36285714285714,76.34142857142857,14.765714285714285,0.5857142857142856,0.5642857142857143,15.290000000000001,0.9785714285714285
2021-11-07,TOLIMA,1.4585714285714286,,23.927142857142858,29.38,19.722857142857144,71.27714285714286,14.507142857142856,0.5542857142857144,0.55,17.41857142857143,0.9657142857142856
2021-11-14,TOLIMA,1.817142857142857,,23.695714285714285,28.47714285714286,19.65285714285714,70.86428571428571,14.347142857142858,0.5542857142857143,0.5471428571428572,14.868571428571428,0.9757142857142858
2021-11-21,TOLIMA,4.8585714285714285,,23.63,28.807142857142857,19.627142857142854,72.80857142857143,14.680000000000001,0.5657142857142857,0.5471428571428572,15.95857142857143,1.3057142857142858
2021-11-28,TOLIMA,3.8871428571428575,,22.745714285714286,27.285714285714285,19.22,77.35428571428572,14.83,0.6057142857142858,0.5785714285714285,15.144285714285713,0.7942857142857143
2021-12-05,TOLIMA,5.444285714285714,,23.518571428571427,28.224285714285713,19.47142857142857,75.39571428571428,15.095714285714285,0.6071428571428571,0.5771428571428572,16.02285714285714,0.8242857142857142
2021-12-12,TOLIMA,3.7857142857142856,,23.844285714285714,28.615714285714287,20.021428571428572,74.45714285714287,15.218571428571428,0.5814285714285715,0.5599999999999999,13.731428571428571,0.9742857142857143
2021-12-19,TOLIMA,3.0142857142857147,,23.722857142857144,28.692857142857147,19.55,73.63857142857144,14.907142857142857,0.58,0.5614285714285715,15.088571428571429,1.2128571428571429
2021-12-26,TOLIMA,1.987142857142857,,23.419999999999998,28.147142857142857,19.451428571428572,75.36,15.028571428571428,0.5728571428571428,0.5585714285714286,15.461428571428572,1.1157142857142859
2022-01-02,TOLIMA,7.46,,22.79714285714286,27.574285714285715,19.49285714285714,78.39142857142858,15.09,0.6185714285714285,0.5757142857142857,14.422857142857142,0.8757142857142857
2022-01-09,TOLIMA,4.214285714285714,,22.37857142857143,27.407142857142855,18.334285714285716,75.30428571428571,14.06857142857143,0.6228571428571429,0.5928571428571427,14.895714285714286,1.17
2022-01-16,TOLIMA,1.8914285714285715,,22.87285714285714,27.97142857142857,18.934285714285714,74.46428571428571,14.297142857142857,0.5857142857142856,0.57,14.027142857142858,1.0357142857142858
2022-01-23,TOLIMA,0.5985714285714286,,24.41,30.37857142857143,19.445714285714285,66.45428571428572,13.865714285714287,0.54,0.5428571428571429,16.732857142857142,1.0685714285714285
2022-01-30,TOLIMA,5.231428571428571,,23.275714285714287,28.302857142857142,19.024285714285718,73.91571428571429,14.585714285714285,0.5914285714285714,0.5657142857142857,16.27285714285714,1.1685714285714286
2022-02-06,TOLIMA,3.462857142857143,,23.527142857142856,28.96142857142857,19.108571428571427,69.99571428571429,13.887142857142857,0.5700000000000001,0.5528571428571428,16.524285714285714,1.01
2022-02-13,TOLIMA,9.335714285714285,,22.580000000000002,26.74857142857143,19.18,79.11857142857141,15.09142857142857,0.6699999999999999,0.62,14.034285714285714,0.7714285714285715
2022-02-20,TOLIMA,5.327142857142857,,23.07857142857143,27.72142857142857,19.195714285714285,75.14714285714285,14.692857142857141,0.6342857142857143,0.5971428571428571,13.957142857142857,0.9314285714285714
2022-02-27,TOLIMA,7.091428571428572,,23.002857142857145,27.59142857142857,19.284285714285716,76.97714285714287,14.969999999999999,0.6414285714285715,0.6014285714285714,15.01,0.7914285714285715
2022-03-06,TOLIMA,13.077142857142857,,22.108571428571427,26.19,19.125714285714285,82.17571428571429,15.255714285714287,0.7185714285714285,0.6614285714285714,12.867142857142856,0.8600000000000001
2022-03-13,TOLIMA,3.337142857142857,,22.557142857142857,26.91857142857143,18.76142857142857,76.78571428571429,14.584285714285715,0.6885714285714286,0.6642857142857144,17.865714285714287,1.082857142857143
2022-03-20,TOLIMA,7.847142857142857,,22.75,27.502857142857145,18.77,79.82571428571428,15.347142857142858,0.6942857142857143,0.6571428571428573,16.732857142857142,0.9228571428571428
2022-03-27,TOLIMA,9.731428571428571,,23.148571428571426,27.64428571428571,19.632857142857144,81.20857142857143,16.048571428571428,0.7185714285714285,0.6757142857142858,14.055714285714286,0.8514285714285714
2022-04-03,TOLIMA,8.742857142857144,,22.575714285714287,27.03,18.895714285714288,80.25714285714285,15.299999999999999,0.7285714285714285,0.6928571428571428,15.23,1.0714285714285714
2022-04-10,TOLIMA,14.607142857142858,,22.924285714285713,27.404285714285717,18.981428571428573,81.20714285714287,15.862857142857143,0.7614285714285715,0.7171428571428571,16.48,1.25
2022-04-17,TOLIMA,4.927142857142857,,22.764285714285712,27.267142857142858,19.041428571428575,80.29285714285713,15.527142857142858,0.7385714285714285,0.7128571428571429,15.260000000000002,1.3542857142857143
2022-04-24,TOLIMA,10.594285714285714,,22.32,26.83142857142857,18.585714285714285,79.67571428571429,14.930000000000001,0.7700000000000001,0.7328571428571429,14.358571428571429,1.09
2022-05-01,TOLIMA,7.25,,22.014285714285712,26.442857142857143,18.474285714285713,81.90714285714286,15.141428571428573,0.7742857142857142,0.7457142857142857,14.928571428571429,1.4228571428571428
2022-05-08,TOLIMA,5.414285714285714,,22.42142857142857,26.951428571428572,18.337142857142858,80.66142857142857,15.267142857142858,0.7528571428571428,0.7242857142857143,16.274285714285714,1.3842857142857141
2022-05-15,TOLIMA,11.817142857142857,,22.56,26.465714285714284,19.047142857142855,82.25428571428571,15.772857142857143,0.7928571428571429,0.7571428571428571,15.855714285714287,1.2028571428571428
2022-05-22,TOLIMA,9.561428571428573,,22.03,26.392857142857142,18.32,82.5,15.23857142857143,0.8085714285714286,0.7871428571428571,14.275714285714287,1.3728571428571428
2022-05-29,TOLIMA,2.37,,21.62142857142857,26.21,17.765714285714285,80.92714285714285,14.617142857142857,0.7757142857142857,0.7614285714285715,15.717142857142857,1.467142857142857
2022-06-05,TOLIMA,5.275714285714286,,21.702857142857145,25.624285714285715,18.404285714285713,83.01428571428572,15.085714285714285,0.7700000000000001,0.7457142857142857,13.54857142857143,0.9885714285714285
2022-06-12,TOLIMA,6.404285714285714,,21.78142857142857,25.724285714285713,18.235714285714288,81.44285714285715,14.847142857142858,0.7871428571428571,0.7642857142857142,14.262857142857143,1.0571428571428572
2022-06-19,TOLIMA,6.86,,21.33142857142857,25.444285714285716,17.614285714285714,82.15142857142857,14.584285714285715,0.7857142857142857,0.7628571428571428,14.274285714285714,1.3885714285714286
2022-06-26,TOLIMA,4.282857142857143,,21.07,25.25142857142857,17.1,82.44428571428571,14.417142857142858,0.7828571428571429,0.7642857142857142,14.469999999999999,1.5714285714285714
2022-07-03,TOLIMA,4.21,,21.557142857142857,25.73428571428571,17.39,80.56714285714285,14.472857142857142,0.7671428571428571,0.75,15.741428571428571,1.2742857142857142
2022-07-10,TOLIMA,3.652857142857143,,21.78,26.587142857142858,17.464285714285715,79.86857142857143,14.545714285714284,0.7428571428571429,0.7228571428571428,15.264285714285714,1.5457142857142858
2022-07-17,TOLIMA,5.365714285714286,,22.33142857142857,26.697142857142858,18.27857142857143,79.01428571428572,14.861428571428572,0.7585714285714287,0.7314285714285714,16.304285714285715,1.0342857142857143
2022-07-24,TOLIMA,7.204285714285715,,21.46857142857143,26.09714285714286,17.330000000000002,79.12285714285714,14.162857142857144,0.7485714285714286,0.7242857142857143,15.507142857142856,1.5885714285714287
2022-07-31,TOLIMA,9.775714285714287,,21.622857142857146,26.044285714285714,17.487142857142857,80.71142857142857,14.554285714285713,0.7914285714285715,0.7642857142857142,15.741428571428571,1.337142857142857
2022-08-07,TOLIMA,8.008571428571429,,21.822857142857142,26.264285714285712,17.614285714285717,79.45,14.514285714285714,0.7928571428571428,0.7728571428571429,16.034285714285712,1.1242857142857143
2022-08-14,TOLIMA,7.152857142857143,,21.66857142857143,26.15857142857143,17.604285714285716,79.36714285714285,14.355714285714285,0.7771428571428572,0.7571428571428571,16.582857142857144,1.47
2022-08-21,TOLIMA,2.204285714285714,,22.142857142857142,27.195714285714285,17.395714285714284,76.80428571428571,14.228571428571428,0.7614285714285715,0.7514285714285714,18.211428571428574,1.2914285714285714
2022-08-28,TOLIMA,0.7400000000000001,,21.601428571428574,26.87857142857143,16.822857142857142,74.54857142857144,13.308571428571428,0.72,0.71,17.231428571428573,1.6585714285714286
2022-09-04,TOLIMA,2.802857142857143,,22.37,27.464285714285715,17.914285714285715,75.17285714285715,14.107142857142858,0.7071428571428571,0.6885714285714285,15.992857142857144,1.5071428571428573
2022-09-11,TOLIMA,0.88,,22.96,28.284285714285716,17.851428571428574,71.66714285714286,13.882857142857144,0.6814285714285715,0.67,17.63142857142857,1.3714285714285714
2022-09-18,TOLIMA,3.698571428571429,,23.164285714285715,28.09142857142857,18.662857142857142,73.20285714285716,14.342857142857143,0.6857142857142857,0.6628571428571429,17.185714285714287,1.0671428571428572
2022-09-25,TOLIMA,8.620000000000001,,22.475714285714286,26.834285714285716,18.74142857142857,78.05999999999999,14.768571428571429,0.7285714285714285,0.6928571428571428,18.147142857142857,1.0085714285714285
2022-10-02,TOLIMA,3.822857142857143,,22.68857142857143,27.414285714285715,18.335714285714285,73.54857142857144,14.044285714285715,0.7057142857142856,0.6814285714285715,16.77857142857143,1.2914285714285714
2022-10-09,TOLIMA,11.237142857142857,,22.009999999999998,26.427142857142858,18.09857142857143,79.45857142857143,14.661428571428571,0.7542857142857143,0.7085714285714285,17.169999999999998,1.1285714285714286
2022-10-16,TOLIMA,4.008571428571428,,22.351428571428574,26.695714285714285,18.572857142857142,78.99571428571429,14.874285714285715,0.7285714285714285,0.7071428571428571,16.985714285714288,1.2871428571428571
2022-10-23,TOLIMA,16.428571428571427,,22.012857142857143,25.798571428571428,19.224285714285713,83.08142857142856,15.39,0.8014285714285715,0.7628571428571428,14.251428571428573,0.9628571428571429
2022-10-30,TOLIMA,6.81,,22.189999999999998,26.457142857142856,18.852857142857143,82.46000000000001,15.425714285714287,0.8014285714285715,0.7842857142857144,15.308571428571428,1.0785714285714285
2022-11-06,TOLIMA,4.021428571428571,,21.74857142857143,26.0,18.072857142857142,80.91999999999999,14.714285714285714,0.7728571428571429,0.76,16.077142857142857,1.262857142857143
2022-11-13,TOLIMA,16.875714285714285,,21.69857142857143,25.717142857142857,18.34714285714286,83.81428571428572,15.247142857142856,0.84,0.8185714285714285,15.18142857142857,0.9328571428571429
2022-11-20,TOLIMA,7.03,,21.944285714285716,25.551428571428573,18.897142857142857,83.7057142857143,15.475714285714286,0.8242857142857142,0.82,14.60142857142857,1.0271428571428571
2022-11-27,TOLIMA,3.2014285714285715,,21.58142857142857,25.108571428571427,19.231428571428573,85.60285714285715,15.517142857142858,0.8171428571428571,0.8157142857142857,14.664285714285715,0.9828571428571429
2022-12-04,TOLIMA,6.395714285714285,,21.018571428571427,25.525714285714287,17.47142857142857,83.99857142857142,14.667142857142858,0.8228571428571428,0.8171428571428571,14.624285714285715,1.467142857142857
2022-12-11,TOLIMA,2.85,,21.395714285714288,25.771428571428572,17.97142857142857,82.74,14.745714285714286,0.8014285714285715,0.7985714285714286,14.192857142857141,0.9485714285714285
2022-12-18,TOLIMA,2.222857142857143,,22.002857142857145,26.2,18.645714285714288,80.97,14.991428571428571,0.7871428571428571,0.7785714285714286,16.38,0.9028571428571429
2022-12-25,TOLIMA,3.1971428571428575,,22.077142857142857,26.768571428571427,18.23,78.50285714285714,14.522857142857143,0.7671428571428571,0.7542857142857143,16.97714285714286,0.9028571428571429
2023-01-01,TOLIMA,5.5600000000000005,,21.497142857142855,25.770000000000003,18.107142857142858,81.8,14.652857142857142,0.7914285714285715,0.7728571428571429,15.425714285714283,0.8457142857142858
2023-01-08,TOLIMA,5.1571428571428575,,20.864285714285717,25.024285714285718,17.552857142857142,82.68571428571428,14.218571428571428,0.7828571428571429,0.7642857142857142,13.397142857142857,1.1171428571428572
2023-01-15,TOLIMA,14.478571428571428,,21.271428571428572,25.5,18.135714285714286,81.67142857142858,14.435714285714285,0.83,0.8099999999999999,14.357142857142858,0.92
2023-01-22,TOLIMA,9.81857142857143,,20.928571428571427,24.762857142857143,17.97,83.17999999999999,14.435714285714285,0.8442857142857143,0.8357142857142856,14.797142857142857,0.7999999999999999
2023-01-29,TOLIMA,0.6114285714285714,,21.47142857142857,26.46,17.03142857142857,77.56428571428572,13.785714285714286,0.8099999999999999,0.8142857142857143,19.872857142857146,1.0114285714285713
2023-02-05,TOLIMA,1.0242857142857142,,21.611428571428572,26.931428571428572,16.75142857142857,77.24428571428572,13.832857142857142,0.7785714285714286,0.7742857142857142,19.798571428571428,1.1685714285714286
2023-02-12,TOLIMA,1.8185714285714287,,22.524285714285718,26.919999999999998,18.854285714285712,80.43571428571428,15.29857142857143,0.7614285714285715,0.7457142857142857,17.077142857142857,0.8042857142857143
2023-02-19,TOLIMA,4.992857142857143,,22.085714285714285,26.06142857142857,18.795714285714286,82.97285714285714,15.445714285714287,0.7685714285714286,0.7457142857142857,15.271428571428572,0.9085714285714286
2023-02-26,TOLIMA,3.5714285714285716,,22.08857142857143,26.827142857142857,18.045714285714286,79.12857142857142,14.588571428571429,0.7742857142857142,0.7557142857142857,15.917142857142858,0.9471428571428572
2023-03-05,TOLIMA,5.242857142857143,,23.205714285714286,27.164285714285715,19.914285714285715,81.36428571428571,16.178571428571427,0.7585714285714287,0.7342857142857142,15.801428571428572,0.9685714285714286
2023-03-12,TOLIMA,10.900000000000002,,22.08857142857143,25.74857142857143,19.537142857142857,82.73,15.375714285714285,0.8014285714285715,0.7700000000000001,12.505714285714287,0.7000000000000001
2023-03-19,TOLIMA,8.657142857142857,,22.357142857142858,26.495714285714286,19.225714285714282,80.71428571428571,15.184285714285712,0.8271428571428572,0.8114285714285714,13.944285714285714,0.78
2023-03-26,TOLIMA,3.3642857142857143,,22.12714285714286,26.40285714285714,18.584285714285716,80.85428571428572,15.042857142857143,0.7985714285714286,0.79,14.604285714285712,1.0471428571428572
2023-04-02,TOLIMA,10.075714285714286,,22.215714285714284,26.344285714285714,18.73857142857143,82.54714285714286,15.465714285714286,0.8228571428571428,0.8057142857142858,14.192857142857141,1.1557142857142857
2023-04-09,TOLIMA,6.975714285714285,,21.965714285714284,25.614285714285717,18.944285714285716,83.53,15.475714285714286,0.8271428571428572,0.8200000000000001,15.648571428571428,1.252857142857143
2023-04-16,TOLIMA,7.382857142857143,,22.344285714285714,26.302857142857142,18.874285714285715,82.91714285714285,15.692857142857141,0.8200000000000001,0.8085714285714286,14.398571428571428,1.1785714285714286
2023-04-23,TOLIMA,4.921428571428572,,22.512857142857143,26.59,18.94857142857143,80.78285714285714,15.407142857142857,0.8285714285714285,0.8242857142857142,14.684285714285716,0.9457142857142857
2023-04-30,TOLIMA,6.9314285714285715,,21.92142857142857,25.845714285714287,18.45,83.09714285714287,15.308571428571428,0.8285714285714285,0.8200000000000001,15.051428571428572,1.2028571428571428
2023-05-07,TOLIMA,0.8842857142857143,,22.458571428571428,27.454285714285714,18.082857142857144,81.6842857142857,15.534285714285714,0.7985714285714286,0.79,20.424285714285713,1.802857142857143
2023-05-14,TOLIMA,5.332857142857143,,22.255714285714284,26.228571428571428,19.075714285714287,83.15428571428572,15.642857142857142,0.7957142857142857,0.7771428571428572,16.470000000000002,1.6057142857142856
2023-05-21,TOLIMA,3.7328571428571427,,23.03,27.117142857142856,19.34,81.55857142857143,16.065714285714286,0.79,0.7742857142857142,15.348571428571429,1.2457142857142858
2023-05-28,TOLIMA,7.18,,22.521428571428572,26.344285714285714,19.22714285714286,83.07428571428571,15.901428571428571,0.8057142857142858,0.7842857142857144,15.155714285714286,1.02
2023-06-04,TOLIMA,5.9799999999999995,,21.83142857142857,26.437142857142856,17.975714285714286,82.38285714285713,15.082857142857142,0.8057142857142857,0.7871428571428571,17.94,1.7428571428571427
2023-06-11,TOLIMA,5.098571428571428,,21.912857142857142,26.592857142857145,17.785714285714285,81.42999999999999,14.961428571428572,0.7857142857142857,0.7671428571428571,16.86285714285714,1.69
2023-06-18,TOLIMA,0.8785714285714287,,21.641428571428573,26.837142857142858,17.537142857142857,78.55428571428571,14.172857142857143,0.7542857142857143,0.7428571428571429,18.045714285714286,2.108571428571429
2023-06-25,TOLIMA,4.945714285714286,,22.09714285714286,27.104285714285712,17.765714285714285,79.50428571428571,14.771428571428572,0.7442857142857143,0.7185714285714285,18.08857142857143,1.8542857142857143
2023-07-02,TOLIMA,3.0471428571428567,,22.00714285714286,27.135714285714283,17.475714285714286,79.56285714285715,14.682857142857143,0.74,0.72,17.414285714285715,1.8771428571428572
2023-07-09,TOLIMA,6.651428571428572,,22.504285714285714,27.024285714285714,18.282857142857143,79.41,15.12142857142857,0.7585714285714287,0.7314285714285714,14.48,1.2557142857142856
2023-07-16,TOLIMA,1.81,,22.657142857142855,27.867142857142856,17.822857142857142,77.10000000000001,14.78857142857143,0.72,0.7014285714285714,17.157142857142855,1.5742857142857143
2023-07-23,TOLIMA,0.9171428571428571,,22.465714285714284,28.271428571428572,17.88285714285714,74.36285714285714,13.985714285714286,0.6942857142857142,0.6771428571428572,17.611428571428572,2.077142857142857
2023-07-30,TOLIMA,4.197142857142857,,23.25714285714286,28.324285714285715,18.912857142857142,76.55571428571429,15.138571428571428,0.6985714285714285,0.6728571428571428,17.169999999999998,1.4657142857142857
2023-08-06,TOLIMA,0.6742857142857143,,22.49285714285714,28.979999999999997,17.107142857142858,69.50571428571428,12.984285714285715,0.6542857142857142,0.6485714285714286,17.645714285714284,2.052857142857143
2023-08-13,TOLIMA,0.8157142857142857,,23.962857142857143,30.074285714285715,18.78,67.87285714285714,13.854285714285714,0.6271428571428571,0.6271428571428571,16.654285714285713,1.5399999999999998
2023-08-20,TOLIMA,6.38,,24.08142857142857,29.21142857142857,19.3,73.22428571428573,15.187142857142858,0.6642857142857144,0.6414285714285715,17.09857142857143,1.1414285714285715
2023-08-27,TOLIMA,8.072857142857144,,23.78,28.555714285714288,19.374285714285715,75.47571428571429,15.435714285714285,0.7085714285714285,0.6785714285714286,18.075714285714287,1.1157142857142859
2023-09-03,TOLIMA,3.885714285714286,,23.791428571428572,29.731428571428573,18.547142857142855,69.58,14.142857142857142,0.6557142857142857,0.64,20.805714285714284,1.58
2023-09-10,TOLIMA,2.2685714285714287,,24.185714285714287,29.565714285714286,19.28857142857143,70.93857142857142,14.795714285714284,0.6542857142857142,0.6385714285714286,17.874285714285715,1.3828571428571428
2023-09-17,TOLIMA,1.0171428571428571,,24.49142857142857,30.75714285714286,18.647142857142857,66.28285714285714,13.935714285714285,0.62,0.6185714285714285,18.704285714285714,1.4585714285714284
2023-09-24,TOLIMA,2.635714285714286,,24.632857142857144,31.388571428571428,19.085714285714285,64.32000000000001,13.549999999999999,0.6042857142857142,0.6057142857142858,18.815714285714286,1.56
2023-10-01,TOLIMA,4.327142857142857,,24.858571428571427,30.375714285714285,19.68,69.45428571428572,15.018571428571429,0.63,0.6128571428571429,18.02285714285714,1.17
2023-10-08,TOLIMA,10.265714285714285,,24.282857142857146,28.632857142857144,20.287142857142857,76.13428571428572,16.03857142857143,0.6914285714285714,0.6485714285714286,16.8,0.84
2023-10-15,TOLIMA,5.424285714285714,,23.61285714285714,28.208571428571428,19.150000000000002,75.15285714285714,15.182857142857143,0.6871428571428572,0.6585714285714286,18.172857142857143,1.1028571428571428
2023-10-22,TOLIMA,4.168571428571428,,23.774285714285718,28.325714285714287,19.454285714285714,74.55714285714285,15.198571428571428,0.66,0.64,15.828571428571427,1.0
2023-10-29,TOLIMA,4.994285714285715,,23.609999999999996,28.15142857142857,19.865714285714287,77.05285714285715,15.597142857142858,0.6828571428571429,0.6557142857142857,14.665714285714285,0.9857142857142858
2023-11-05,TOLIMA,10.11,,22.62142857142857,26.07,19.821428571428573,81.79571428571428,15.719999999999999,0.7185714285714286,0.6714285714285715,14.400000000000002,0.7985714285714286
2023-11-12,TOLIMA,6.21,,23.541428571428572,28.05142857142857,19.708571428571428,79.10428571428572,16.06,0.7157142857142856,0.6857142857142857,16.351428571428574,1.3442857142857143
2023-11-19,TOLIMA,9.695714285714287,,23.22142857142857,27.72,19.06714285714286,76.41714285714285,15.198571428571428,0.7299999999999999,0.6900000000000001,16.26142857142857,1.1371428571428572
2023-11-26,TOLIMA,3.8785714285714286,,23.07857142857143,27.15857142857143,19.298571428571428,79.03857142857143,15.561428571428573,0.7242857142857143,0.6985714285714285,16.978571428571428,0.8985714285714286
2023-12-03,TOLIMA,0.018571428571428572,,23.594285714285714,28.43857142857143,19.21,73.92,14.974285714285713,0.6728571428571428,0.6585714285714286,18.147142857142857,1.1085714285714285
2023-12-10,TOLIMA,1.6385714285714283,,23.634285714285713,28.62714285714286,19.5,73.76857142857143,14.941428571428572,0.65,0.6371428571428571,15.442857142857141,1.03
2023-12-17,TOLIMA,6.202857142857143,,23.84857142857143,28.2,19.97,76.68714285714286,15.74,0.6685714285714285,0.6428571428571429,14.558571428571428,0.8014285714285715
2023-12-24,TOLIMA,2.042857142857143,,23.44142857142857,27.96857142857143,19.732857142857142,80.66285714285713,16.245714285714286,0.6814285714285715,0.6571428571428573,14.414285714285713,1.0571428571428572
2023-12-31,TOLIMA,6.734285714285714,,22.867142857142856,27.45,19.557142857142857,80.57142857142857,15.631428571428572,0.7085714285714285,0.6728571428571428,13.242857142857144,1.01
2024-01-07,TOLIMA,0.07714285714285714,,23.927142857142858,29.368571428571432,19.13714285714286,73.28285714285714,14.998571428571427,0.6542857142857142,0.6442857142857142,19.98857142857143,0.9371428571428572
2024-01-14,TOLIMA,3.7685714285714282,,23.984285714285715,29.127142857142854,19.504285714285714,72.87,14.987142857142857,0.6485714285714286,0.6314285714285715,18.669999999999998,0.8442857142857143
2024-01-21,TOLIMA,0.012857142857142857,,24.93285714285714,30.788571428571426,19.22,65.23571428571428,14.137142857142857,0.6157142857142857,0.62,19.731428571428573,0.9971428571428572
2024-01-28,TOLIMA,0.019999999999999997,,25.571428571428573,32.52,19.58142857142857,58.065714285714286,12.881428571428572,0.5757142857142857,0.5942857142857143,22.740000000000002,1.1371428571428572
2024-02-04,TOLIMA,8.0,,24.957142857142856,29.72,21.110000000000003,71.97571428571429,15.65857142857143,0.6257142857142857,0.6071428571428571,15.605714285714285,0.8314285714285715
2024-02-11,TOLIMA,3.4614285714285713,,24.285714285714285,29.275714285714287,19.874285714285715,74.13571428571429,15.598571428571429,0.6614285714285714,0.6442857142857142,15.48,1.0742857142857143
2024-02-18,TOLIMA,2.5742857142857143,,25.47,31.21,20.724285714285713,69.12857142857142,15.491428571428571,0.6128571428571429,0.6071428571428571,18.775714285714287,1.2885714285714285
2024-02-25,TOLIMA,1.5457142857142858,,24.75714285714286,30.65857142857143,20.29,69.84714285714286,14.958571428571428,0.6,0.6,16.74285714285714,1.5785714285714287
2024-03-03,TOLIMA,3.1228571428571428,,24.64428571428571,29.837142857142858,20.048571428571428,70.57142857142857,15.074285714285713,0.6085714285714285,0.5985714285714285,15.93142857142857,1.0271428571428571
2024-03-10,TOLIMA,0.7857142857142857,,25.965714285714284,31.611428571428572,21.217142857142857,67.60285714285715,15.54857142857143,0.5857142857142856,0.5871428571428571,15.974285714285713,0.897142857142857
2024-03-17,TOLIMA,1.4814285714285715,,26.814285714285713,33.317142857142855,21.511428571428574,63.78285714285715,15.307142857142859,0.5585714285714286,0.5714285714285714,16.36,1.3457142857142856
2024-03-24,TOLIMA,2.0228571428571427,,25.66857142857143,31.16142857142857,21.18285714285714,68.51857142857143,15.497142857142858,0.5657142857142857,0.5685714285714285,16.717142857142857,1.1142857142857143
2024-03-31,TOLIMA,5.647142857142858,,24.93857142857143,30.037142857142857,20.84857142857143,71.71571428571428,15.527142857142858,0.5971428571428571,0.5742857142857142,13.734285714285715,1.1500000000000001
2024-04-07,TOLIMA,10.212857142857143,,23.75142857142857,28.47,19.38,76.9542857142857,15.662857142857144,0.6842857142857143,0.6357142857142858,14.432857142857143,1.0814285714285714
2024-04-14,TOLIMA,0.16999999999999998,,25.851428571428574,31.724285714285713,20.689999999999998,65.43571428571428,14.90857142857143,0.5942857142857143,0.5928571428571427,19.978571428571428,0.9028571428571429
2024-04-21,TOLIMA,13.478571428571428,,24.51142857142857,28.747142857142855,20.91142857142857,76.35428571428572,16.248571428571427,0.6757142857142858,0.62,16.181428571428572,0.99
2024-04-28,TOLIMA,12.447142857142856,,23.231428571428573,27.04,20.03,82.0442857142857,16.325714285714287,0.7285714285714285,0.6771428571428572,15.095714285714285,0.8728571428571428
2024-05-05,TOLIMA,12.741428571428571,,23.464285714285715,27.30857142857143,20.48428571428571,83.37285714285714,16.88142857142857,0.7485714285714286,0.7014285714285714,14.587142857142856,0.9614285714285715
2024-05-12,TOLIMA,20.065714285714286,,23.334285714285716,27.099999999999998,20.16142857142857,84.09714285714286,16.91,0.8085714285714286,0.7657142857142858,15.157142857142857,1.1285714285714286
2024-05-19,TOLIMA,7.758571428571429,,22.888571428571428,26.868571428571425,19.48428571428571,84.11142857142856,16.461428571428574,0.7971428571428572,0.7757142857142857,15.647142857142857,1.4742857142857144
2024-05-26,TOLIMA,6.038571428571428,,23.154285714285717,27.045714285714286,19.667142857142856,82.96571428571428,16.501428571428573,0.7757142857142857,0.7485714285714286,15.629999999999999,1.3857142857142857
2024-06-02,TOLIMA,5.6571428571428575,,22.511428571428574,26.75714285714286,18.762857142857143,83.54428571428572,15.95857142857143,0.7785714285714286,0.7628571428571428,17.332857142857144,1.8257142857142856
2024-06-09,TOLIMA,5.63,,22.345714285714283,26.478571428571428,18.91857142857143,84.56142857142858,16.0,0.7700000000000001,0.7457142857142857,15.448571428571428,1.6942857142857142
2024-06-16,TOLIMA,13.691428571428572,,22.68,26.822857142857142,19.02,83.17857142857143,16.054285714285715,0.8042857142857143,0.7714285714285715,14.824285714285713,1.3842857142857141
2024-06-23,TOLIMA,10.989999999999998,,22.262857142857143,26.52285714285714,18.552857142857142,83.46142857142857,15.712857142857143,0.8285714285714285,0.8128571428571428,15.804285714285713,1.1785714285714286
2024-06-30,TOLIMA,9.644285714285715,,22.18285714285714,26.419999999999998,18.33857142857143,82.58571428571429,15.44,0.8342857142857143,0.8271428571428572,15.357142857142858,1.252857142857143
2024-07-07,TOLIMA,11.131428571428572,,21.857142857142858,25.967142857142857,18.349999999999998,84.3,15.492857142857144,0.84,0.8328571428571429,15.691428571428572,1.6942857142857142
2024-07-14,TOLIMA,1.0985714285714285,,21.735714285714288,26.238571428571426,17.884285714285713,81.45428571428572,14.851428571428572,0.8085714285714286,0.8142857142857143,18.444285714285716,1.9414285714285715
2024-07-21,TOLIMA,1.4499999999999997,,21.384285714285713,26.374285714285715,17.27,80.22571428571429,14.27,0.7771428571428572,0.7742857142857142,18.247142857142855,2.124285714285714
2024-07-28,TOLIMA,1.1985714285714286,,22.349999999999998,27.285714285714285,18.03,80.18142857142857,15.115714285714287,0.7528571428571428,0.7428571428571429,16.347142857142856,1.8314285714285714
2024-08-04,TOLIMA,0.8971428571428571,,22.622857142857146,27.731428571428573,17.915714285714284,75.58857142857143,14.430000000000001,0.72,0.7085714285714285,18.064285714285713,1.6157142857142859
2024-08-11,TOLIMA,5.617142857142857,,22.87857142857143,27.53,18.657142857142855,77.74714285714286,15.078571428571427,0.7342857142857142,0.7085714285714285,16.367142857142856,1.1585714285714286
2024-08-18,TOLIMA,0.5042857142857142,,22.59,28.53142857142857,17.35571428571429,73.74285714285715,13.962857142857144,0.7,0.6900000000000001,19.84142857142857,1.7042857142857142
2024-08-25,TOLIMA,1.7242857142857144,,23.955714285714286,29.512857142857143,18.995714285714286,72.50857142857143,14.934285714285712,0.6714285714285715,0.6542857142857142,17.464285714285715,1.2657142857142856
2024-09-01,TOLIMA,0.9014285714285715,,23.074285714285715,29.650000000000002,17.654285714285713,67.65428571428572,13.051428571428572,0.6457142857142858,0.64,19.908571428571427,1.7957142857142858
2024-09-08,TOLIMA,0.6957142857142857,,24.34,30.89428571428571,18.77285714285714,64.98285714285714,13.555714285714286,0.6214285714285713,0.6228571428571429,18.071428571428573,1.657142857142857
2024-09-15,TOLIMA,0.8571428571428571,,25.400000000000002,31.791428571428572,19.65142857142857,63.378571428571426,14.057142857142859,0.6042857142857142,0.6085714285714285,19.805714285714284,1.3557142857142856
2024-09-22,TOLIMA,4.924285714285714,,24.981428571428573,30.965714285714284,19.762857142857143,66.69142857142857,14.481428571428571,0.6271428571428571,0.61,18.834285714285716,1.45
2024-09-29,TOLIMA,5.465714285714285,,23.398571428571426,27.56,19.65857142857143,74.87714285714286,14.9,0.6685714285714285,0.64,16.934285714285714,0.9214285714285714
2024-10-06,TOLIMA,6.1971428571428575,,23.361428571428572,27.87285714285714,19.632857142857144,75.34571428571428,14.978571428571428,0.6671428571428571,0.6385714285714286,17.11857142857143,0.8714285714285713
2024-10-13,TOLIMA,5.792857142857144,,23.012857142857143,27.78,19.22142857142857,77.36714285714285,15.044285714285715,0.6985714285714285,0.6671428571428571,17.268571428571427,0.9671428571428571
2024-10-20,TOLIMA,2.357142857142857,,23.584285714285716,28.36285714285714,19.325714285714287,72.76142857142857,14.651428571428571,0.6414285714285715,0.6271428571428571,18.444285714285716,1.1742857142857144
2024-10-27,TOLIMA,7.027142857142857,,24.03142857142857,28.725714285714286,20.02,77.59857142857143,16.09857142857143,0.6857142857142857,0.6514285714285715,16.731428571428573,0.8728571428571428
2024-11-03,TOLIMA,3.904285714285714,,23.108571428571427,27.645714285714288,19.505714285714284,77.57428571428571,15.27,0.6685714285714285,0.6442857142857142,15.305714285714286,1.26
2024-11-10,TOLIMA,6.731428571428571,,22.84714285714286,26.85571428571429,19.777142857142856,80.88,15.73857142857143,0.6928571428571428,0.6557142857142857,14.868571428571428,0.9657142857142856
2024-11-17,TOLIMA,4.477142857142857,,22.58142857142857,26.842857142857145,19.395714285714288,81.27285714285713,15.535714285714286,0.7,0.67,12.70142857142857,1.272857142857143
2024-11-24,TOLIMA,10.821428571428571,,22.018571428571427,25.33142857142857,19.35571428571429,83.78857142857143,15.527142857142858,0.7471428571428572,0.7028571428571428,13.545714285714284,0.8614285714285714
2024-12-01,TOLIMA,3.0471428571428567,,23.400000000000002,27.844285714285714,19.481428571428573,78.03142857142858,15.685714285714285,0.7114285714285714,0.687142857142857,16.815714285714286,0.9414285714285714
2024-12-08,TOLIMA,3.795714285714286,,23.271428571428572,27.57857142857143,20.07,80.9057142857143,16.147142857142857,0.7042857142857143,0.6757142857142858,14.76,0.9714285714285714
2024-12-15,TOLIMA,1.4328571428571428,,22.981428571428573,27.917142857142856,19.05,78.88142857142857,15.41,0.6757142857142858,0.6571428571428573,14.331428571428571,1.062857142857143
2024-12-22,TOLIMA,3.3728571428571428,,23.431428571428572,28.145714285714284,19.858571428571427,77.20285714285714,15.501428571428573,0.6714285714285715,0.6471428571428571,14.16,0.9314285714285714
2024-12-29,TOLIMA,14.624285714285715,,22.524285714285714,26.268571428571427,19.582857142857144,82.85714285714286,15.825714285714286,0.7585714285714287,0.7085714285714285,13.06,0.8442857142857143
2025-01-05,TOLIMA,8.34142857142857,,22.29,26.15142857142857,19.164285714285715,81.37142857142858,15.328571428571427,0.7685714285714286,0.7357142857142858,14.097142857142858,0.8671428571428572
2025-01-12,TOLIMA,3.402857142857143,,22.678571428571427,26.94142857142857,19.238571428571426,80.09428571428573,15.402857142857142,0.7514285714285714,0.7328571428571429,16.28142857142857,0.8471428571428571
2025-01-19,TOLIMA,0.6657142857142857,,22.875714285714285,28.395714285714288,18.38,76.36857142857143,14.711428571428572,0.7042857142857143,0.6914285714285714,20.51142857142857,1.332857142857143
2025-01-26,TOLIMA,0.36,,22.924285714285713,28.451428571428572,17.994285714285716,71.82285714285715,13.795714285714284,0.6685714285714287,0.6557142857142857,19.13714285714286,1.0057142857142858
2025-02-02,TOLIMA,0.8099999999999999,,24.25142857142857,29.62857142857143,19.55857142857143,72.80714285714285,15.192857142857141,0.6457142857142858,0.6385714285714286,16.992857142857144,0.972857142857143
2025-02-09,TOLIMA,4.432857142857143,,22.717142857142857,26.547142857142855,19.677142857142858,81.24857142857142,15.647142857142857,0.6742857142857144,0.6471428571428571,12.975714285714286,0.7700000000000001
2025-02-16,TOLIMA,11.954285714285716,,22.21142857142857,26.038571428571426,19.23,82.4542857142857,15.438571428571427,0.7457142857142857,0.6985714285714285,12.567142857142857,0.8085714285714286
2025-02-23,TOLIMA,4.3914285714285715,,23.08857142857143,27.31142857142857,19.907142857142855,81.11571428571428,15.978571428571428,0.7314285714285714,0.7071428571428571,14.187142857142858,0.96
2025-03-02,TOLIMA,8.675714285714287,,22.835714285714285,26.294285714285714,19.837142857142858,83.85000000000001,16.347142857142856,0.7557142857142857,0.7185714285714285,14.691428571428572,0.8600000000000001
2025-03-09,TOLIMA,9.227142857142857,,22.63714285714286,26.738571428571426,19.427142857142858,81.23714285714286,15.582857142857142,0.7771428571428572,0.7457142857142857,13.402857142857142,0.72
2025-03-16,TOLIMA,12.167142857142855,,22.427142857142858,25.95285714285714,19.71857142857143,82.5657142857143,15.674285714285714,0.8071428571428572,0.7814285714285715,13.507142857142856,0.7471428571428572
2025-03-23,TOLIMA,6.708571428571429,,22.94142857142857,27.00857142857143,19.37,82.97714285714287,16.23,0.8099999999999999,0.7985714285714286,15.537142857142857,1.0842857142857143
2025-03-30,TOLIMA,4.932857142857143,,23.34142857142857,27.591428571428573,19.91142857142857,81.11857142857143,16.235714285714288,0.7842857142857144,0.7700000000000001,15.68857142857143,0.8899999999999999
2025-04-06,TOLIMA,10.104285714285712,,22.244285714285716,25.897142857142857,19.439999999999998,85.52571428571427,16.111428571428572,0.8142857142857143,0.7985714285714286,14.881428571428572,1.1042857142857143
2025-04-13,TOLIMA,9.848571428571429,,22.631428571428568,26.201428571428572,19.66857142857143,83.20142857142856,16.017142857142858,0.8371428571428571,0.8328571428571429,16.61285714285714,0.97
2025-04-20,TOLIMA,3.7442857142857138,,23.017142857142858,27.69142857142857,19.304285714285715,81.18285714285715,15.978571428571428,0.8042857142857143,0.8,17.574285714285715,1.4642857142857142
2025-04-27,TOLIMA,16.347142857142856,,22.752857142857145,26.64428571428571,19.481428571428573,82.43857142857144,15.987142857142857,0.8528571428571429,0.8457142857142858,14.34142857142857,0.9514285714285714
2025-05-04,TOLIMA,10.319999999999999,,22.202857142857145,26.01571428571429,18.981428571428573,84.2942857142857,15.837142857142856,0.8557142857142858,0.8528571428571429,14.614285714285714,1.1142857142857143
2025-05-11,TOLIMA,10.774285714285712,,21.777142857142856,25.744285714285716,18.225714285714286,83.63571428571429,15.299999999999999,0.8728571428571429,0.8757142857142857,16.242857142857144,1.4785714285714284
2025-05-18,TOLIMA,7.097142857142857,,22.158571428571427,25.924285714285713,19.09142857142857,84.97714285714287,15.932857142857143,0.8528571428571429,0.8542857142857142,14.435714285714285,1.3628571428571428
2025-05-25,TOLIMA,5.698571428571428,,22.107142857142858,26.31714285714286,18.75857142857143,84.33428571428571,15.747142857142858,0.8528571428571429,0.8614285714285714,16.797142857142855,1.7557142857142856
2025-06-01,TOLIMA,2.045714285714286,,22.28,26.56142857142857,18.822857142857142,83.5942857142857,15.74,0.8285714285714285,0.83,15.241428571428571,1.5899999999999999
2025-06-08,TOLIMA,9.198571428571428,,21.814285714285713,26.08857142857143,18.32,84.78142857142858,15.551428571428572,0.8485714285714285,0.8442857142857143,15.731428571428571,1.8628571428571428
2025-06-15,TOLIMA,5.892857142857143,,22.12,26.37,18.56714285714286,83.52285714285713,15.549999999999999,0.8357142857142856,0.8328571428571429,15.464285714285714,1.3728571428571428
2025-06-22,TOLIMA,8.848571428571429,,21.82857142857143,25.97714285714286,18.115714285714287,84.25142857142858,15.46142857142857,0.8414285714285714,0.84,16.524285714285714,1.7285714285714284
2025-06-29,TOLIMA,3.222857142857143,,21.857142857142858,26.264285714285712,17.94857142857143,82.82285714285715,15.18142857142857,0.83,0.8328571428571429,16.798571428571428,1.4285714285714286
2025-07-06,TOLIMA,0.9857142857142858,,20.860000000000003,24.825714285714287,17.43285714285714,83.56428571428572,14.435714285714285,0.8014285714285715,0.7957142857142857,16.711428571428574,1.9914285714285713
2025-07-13,TOLIMA,1.8499999999999999,,21.292857142857144,25.53142857142857,17.712857142857143,83.23428571428572,14.731428571428571,0.78,0.7700000000000001,17.15142857142857,1.737142857142857
2025-07-20,TOLIMA,0.48857142857142855,,21.512857142857143,26.59714285714286,17.065714285714286,78.66,14.087142857142856,0.7542857142857143,0.7442857142857143,17.34857142857143,1.8871428571428572
2025-07-27,TOLIMA,1.4414285714285715,,22.455714285714286,26.985714285714288,18.32857142857143,79.74142857142859,15.107142857142858,0.7328571428571429,0.7128571428571429,17.08142857142857,1.4557142857142857
2025-08-03,TOLIMA,1.3142857142857145,,22.49285714285714,28.045714285714286,17.437142857142856,74.08142857142856,14.025714285714287,0.7128571428571429,0.6957142857142856,17.71,1.552857142857143
2025-08-10,TOLIMA,5.731428571428571,,22.13714285714286,26.577142857142857,18.114285714285714,77.07857142857142,14.232857142857142,0.7185714285714285,0.6900000000000001,17.065714285714286,1.262857142857143
2025-08-17,TOLIMA,3.9985714285714287,,22.368571428571425,26.857142857142858,18.184285714285714,77.10571428571428,14.491428571428571,0.7228571428571428,0.6971428571428572,14.226666666666667,1.2314285714285713
2025-08-24,TOLIMA,2.077142857142857,,23.37142857142857,27.958571428571428,18.86285714285714,74.73857142857142,14.902857142857142,0.7014285714285714,0.6828571428571429,18.015714285714285,1.0957142857142856
2025-08-31,TOLIMA,1.3071428571428572,,23.06142857142857,28.48857142857143,18.43285714285714,71.51,13.917142857142858,0.6742857142857144,0.6585714285714286,16.892857142857142,1.4585714285714286
2025-09-07,TOLIMA,1.782857142857143,,23.135714285714283,27.91857142857143,18.82,73.71142857142857,14.424285714285714,0.66,0.6485714285714286,12.802857142857144,1.352857142857143
2025-09-14,TOLIMA,0.3871428571428571,,23.82,30.080000000000002,18.454285714285714,67.66428571428571,13.680000000000001,0.6328571428571428,0.6328571428571428,17.284285714285716,1.5457142857142858
2025-09-21,TOLIMA,6.162857142857143,,23.12857142857143,27.827142857142857,18.93285714285714,73.76857142857143,14.4,0.6671428571428571,0.6414285714285715,15.190000000000001,1.2257142857142858
2025-09-28,TOLIMA,2.6685714285714286,,23.52285714285714,28.728571428571428,19.16,72.04857142857144,14.438571428571427,0.6542857142857142,0.6428571428571429,19.162857142857142,1.3814285714285715
2025-10-05,TOLIMA,7.261428571428572,,20.844285714285714,25.631428571428568,17.287142857142857,80.51714285714286,14.044285714285715,0.7242857142857143,0.687142857142857,15.618571428571428,0.7585714285714287
2025-10-12,TOLIMA,7.785714285714286,,19.654285714285717,24.46142857142857,16.54,84.51571428571428,13.888571428571428,0.7428571428571429,0.7071428571428571,14.19,0.5071428571428571
2025-10-19,TOLIMA,10.352857142857143,,20.252857142857145,25.385714285714283,16.46857142857143,82.19285714285715,13.959999999999999,0.7557142857142857,0.7157142857142856,16.080000000000002,0.4685714285714286
2025-10-26,TOLIMA,10.95142857142857,,20.52,24.972857142857144,17.19,83.03285714285714,14.4,0.7657142857142858,0.7285714285714285,15.757142857142856,0.5257142857142857
2025-11-02,TOLIMA,10.862,,20.482,25.024,17.452,84.076,14.556000000000001,0.782,0.746,14.918000000000001,0.45
2021-01-03,NACIONAL,5.890666666666666,,19.186666666666667,23.253999999999998,16.209333333333333,87.67266666666666,14.342666666666668,0.774,0.754,13.996666666666666,0.776
2021-01-10,NACIONAL,5.045999999999999,,18.64485714285714,22.705714285714286,15.584,85.782,13.549142857142858,0.7697142857142858,0.7517142857142858,14.466571428571427,0.8188571428571428
2021-01-17,NACIONAL,1.0517142857142858,,19.771142857142856,24.899142857142856,15.909428571428572,81.29571428571428,13.654857142857143,0.7411428571428571,0.7348571428571429,17.718,0.8402857142857144
2021-01-24,NACIONAL,6.263714285714285,,19.859714285714286,24.96457142857143,16.02542857142857,80.66971428571428,13.604571428571429,0.7288571428571429,0.7165714285714285,16.238,0.8342857142857142
2021-01-31,NACIONAL,3.464285714285714,,20.065714285714286,25.20057142857143,16.176,80.84371428571428,13.80742857142857,0.7317142857142857,0.7302857142857142,17.927714285714284,0.8348571428571429
2021-02-07,NACIONAL,4.735714285714286,,20.223142857142857,24.872285714285717,16.819142857142857,82.10028571428572,14.187999999999999,0.7237142857142856,0.7191428571428571,15.799714285714288,0.8657142857142857
2021-02-14,NACIONAL,1.4005714285714286,,19.988,24.448285714285714,16.975428571428573,83.67428571428572,14.299428571428573,0.7205714285714285,0.7217142857142858,15.166285714285715,0.7948571428571428
2021-02-21,NACIONAL,4.500571428571429,,19.65742857142857,24.45114285714286,16.22342857142857,82.5957142857143,13.765428571428572,0.7365714285714285,0.7314285714285714,14.526285714285715,0.8285714285714285
2021-02-28,NACIONAL,2.7697142857142856,,20.346857142857143,25.124857142857145,16.886285714285712,81.95257142857143,14.232285714285714,0.7134285714285714,0.7125714285714285,14.331714285714288,0.7979999999999999
2021-03-07,NACIONAL,4.928857142857143,,19.500285714285713,23.86857142857143,16.463428571428572,83.25914285714285,13.784571428571429,0.7245714285714285,0.7194285714285714,13.528,0.6811428571428572
2021-03-14,NACIONAL,4.1417142857142855,,19.05257142857143,23.336285714285715,15.80142857142857,82.77085714285714,13.330857142857145,0.7362857142857143,0.7348571428571429,13.196285714285716,0.7062857142857142
2021-03-21,NACIONAL,3.148,,19.29342857142857,23.750571428571426,16.246857142857145,82.81885714285714,13.502571428571429,0.7234285714285715,0.7262857142857142,14.952857142857141,0.6274285714285714
2021-03-28,NACIONAL,4.268571428571429,,19.64485714285714,24.173142857142857,16.36714285714286,82.00285714285715,13.66142857142857,0.7345714285714287,0.7362857142857143,14.456857142857142,0.7311428571428571
2021-04-04,NACIONAL,5.556,,20.180857142857143,25.07657142857143,16.692857142857143,82.10714285714286,14.140571428571429,0.7417142857142858,0.7434285714285714,15.099428571428572,0.9014285714285715
2021-04-11,NACIONAL,3.5051428571428573,,19.79057142857143,24.676285714285715,16.125714285714285,81.69742857142857,13.697999999999999,0.734,0.7397142857142857,15.562571428571427,0.8722857142857144
2021-04-18,NACIONAL,11.28657142857143,,19.666571428571427,24.319142857142857,16.307142857142857,84.24314285714286,14.086000000000002,0.7714285714285715,0.7634285714285715,14.922285714285715,0.8928571428571429
2021-04-25,NACIONAL,6.265142857142857,,19.65,24.326,16.026857142857143,83.09857142857143,13.912857142857144,0.7862857142857143,0.7874285714285715,16.879714285714286,0.7677142857142857
2021-05-02,NACIONAL,3.7911428571428574,,18.834857142857143,22.474285714285713,16.068571428571428,85.45400000000001,13.656857142857143,0.7734285714285715,0.78,13.84542857142857,0.7474285714285714
2021-05-09,NACIONAL,0.8574285714285714,,19.336857142857145,24.094857142857144,15.86142857142857,82.14657142857143,13.390857142857143,0.7465714285714287,0.7605714285714286,16.615428571428573,0.7577142857142858
2021-05-16,NACIONAL,0.9177142857142858,,20.385714285714283,25.741714285714284,16.225142857142856,79.44285714285715,13.735142857142858,0.72,0.734,16.02914285714286,1.0117142857142858
2021-05-23,NACIONAL,3.9722857142857144,,20.546857142857142,25.633142857142854,16.630000000000003,79.7522857142857,13.928857142857144,0.7108571428571429,0.7205714285714285,16.163714285714285,0.9277142857142857
2021-05-30,NACIONAL,6.619714285714286,,19.98542857142857,24.752000000000002,16.425428571428572,82.49142857142857,13.952285714285713,0.734,0.7354285714285714,15.054000000000002,0.9048571428571428
2021-06-06,NACIONAL,5.0528571428571425,,19.708857142857145,24.236571428571427,16.193142857142856,82.72514285714286,13.825142857142856,0.7291428571428571,0.736,16.188285714285715,0.8405714285714285
2021-06-13,NACIONAL,6.530571428571429,,19.12342857142857,23.547142857142855,15.906285714285712,83.80685714285714,13.521142857142857,0.7362857142857143,0.7405714285714285,13.342571428571429,0.7817142857142857
2021-06-20,NACIONAL,10.720285714285716,,18.669428571428572,23.37914285714286,15.164285714285715,84.75885714285715,13.298857142857141,0.7808571428571429,0.7782857142857142,15.551142857142855,0.9382857142857143
2021-06-27,NACIONAL,3.8094285714285716,,18.813714285714287,23.890571428571427,14.700857142857142,82.05742857142857,12.947142857142856,0.7657142857142858,0.7768571428571429,15.999142857142857,0.8582857142857143
2021-07-04,NACIONAL,1.3254285714285714,,18.607714285714287,23.92685714285714,14.55457142857143,79.79171428571428,12.321428571428571,0.7382857142857142,0.7534285714285714,16.74542857142857,1.106
2021-07-11,NACIONAL,0.7568571428571429,,19.386000000000003,24.969428571428573,14.837142857142856,78.18342857142856,12.637428571428572,0.7097142857142857,0.7262857142857142,15.701714285714285,1.014
2021-07-18,NACIONAL,2.519428571428571,,19.850857142857144,25.502857142857145,15.471142857142857,77.78114285714285,12.894285714285715,0.6971428571428572,0.708,15.719999999999999,1.0194285714285714
2021-07-25,NACIONAL,2.6734285714285715,,19.532571428571426,24.797428571428572,15.568285714285713,79.20428571428572,12.93657142857143,0.7014285714285714,0.7088571428571429,14.338,1.1137142857142857
2021-08-01,NACIONAL,0.9785714285714284,,19.83942857142857,25.416,15.526285714285715,77.47342857142857,12.848857142857142,0.6848571428571428,0.6954285714285715,16.408571428571427,1.0077142857142856
2021-08-08,NACIONAL,0.7325714285714285,,19.254571428571428,24.924285714285713,14.881428571428572,74.45,11.857714285714286,0.6668571428571428,0.6785714285714286,16.25,1.168
2021-08-15,NACIONAL,3.6317142857142857,,19.72942857142857,25.336857142857145,15.643714285714287,77.95599999999999,12.809142857142856,0.6728571428571428,0.6737142857142857,15.846285714285717,0.952
2021-08-22,NACIONAL,3.3488571428571428,,19.743142857142857,25.015142857142855,15.887428571428572,80.28628571428571,13.34714285714286,0.6817142857142857,0.6802857142857143,15.41457142857143,0.842
2021-08-29,NACIONAL,1.7448571428571427,,20.02342857142857,25.19742857142857,16.263142857142856,79.73371428571429,13.521428571428572,0.6762857142857144,0.6791428571428572,16.027714285714286,0.8517142857142858
2021-09-05,NACIONAL,2.890571428571428,,20.012571428571427,25.357714285714287,15.953999999999999,77.84885714285714,13.104857142857142,0.6614285714285714,0.6628571428571429,16.836857142857145,0.9028571428571428
2021-09-12,NACIONAL,2.994285714285714,,19.90142857142857,25.369999999999997,15.80285714285714,77.84599999999999,12.981142857142856,0.6691428571428572,0.6662857142857143,15.329714285714285,0.9222857142857144
2021-09-19,NACIONAL,1.3357142857142859,,19.986,26.19142857142857,15.128285714285715,74.05714285714285,12.338285714285714,0.6537142857142857,0.6557142857142857,19.872285714285713,0.9608571428571429
2021-09-26,NACIONAL,4.945142857142857,,19.579714285714285,25.53685714285714,15.126285714285718,77.53685714285714,12.672,0.6685714285714286,0.6574285714285714,16.746000000000002,1.0751428571428572
2021-10-03,NACIONAL,1.5731428571428572,,20.033142857142856,25.51285714285714,15.80857142857143,77.82714285714286,13.136285714285714,0.6488571428571429,0.6494285714285715,17.432,0.8205714285714286
2021-10-10,NACIONAL,5.41,,20.418,25.66942857142857,16.62085714285714,80.90085714285715,14.046000000000001,0.6608571428571428,0.6462857142857142,16.158285714285714,0.8640000000000001
2021-10-17,NACIONAL,1.5257142857142856,,20.126285714285714,25.104857142857142,16.64542857142857,82.26828571428571,14.105714285714285,0.667142857142857,0.6577142857142857,16.740000000000002,0.8317142857142859
2021-10-24,NACIONAL,2.2551428571428573,,19.990571428571428,24.984,16.328,80.48314285714285,13.600285714285713,0.6508571428571429,0.6437142857142858,16.74742857142857,0.798
2021-10-31,NACIONAL,4.293142857142857,,19.382285714285715,23.66485714285714,16.49742857142857,85.45828571428572,14.057999999999998,0.6828571428571429,0.6645714285714286,15.419428571428572,0.8214285714285715
2021-11-07,NACIONAL,1.852285714285714,,19.922285714285714,24.993428571428574,16.352857142857143,81.51685714285715,13.752571428571429,0.664,0.6548571428571428,16.993142857142857,0.8388571428571427
2021-11-14,NACIONAL,1.7374285714285715,,19.615142857142857,24.024571428571427,16.397142857142857,82.55428571428573,13.731714285714286,0.6585714285714286,0.6497142857142857,14.625428571428571,0.8114285714285714
2021-11-21,NACIONAL,4.485142857142857,,19.544857142857143,24.077714285714286,16.39685714285714,83.63028571428572,13.861428571428572,0.6639999999999999,0.6488571428571428,15.609428571428571,0.8854285714285715
2021-11-28,NACIONAL,4.341142857142858,,18.980285714285714,23.218285714285713,16.062,86.15228571428571,13.862857142857143,0.6997142857142857,0.6774285714285714,14.844857142857142,0.7205714285714285
2021-12-05,NACIONAL,4.894857142857143,,19.519714285714286,24.053428571428572,16.284,85.20028571428571,14.152571428571429,0.7037142857142857,0.6802857142857143,15.550857142857144,0.7719999999999999
2021-12-12,NACIONAL,4.580571428571429,,20.021142857142856,24.692857142857143,16.796857142857142,84.37885714285714,14.437714285714287,0.6897142857142857,0.6714285714285714,13.498000000000001,0.8811428571428571
2021-12-19,NACIONAL,3.285142857142857,,19.534285714285716,24.055142857142858,16.334285714285716,84.41342857142857,13.997714285714286,0.6905714285714286,0.6785714285714286,14.502285714285714,0.8825714285714286
2021-12-26,NACIONAL,2.722857142857143,,19.696571428571428,24.245428571428572,16.478857142857144,85.35142857142857,14.317714285714285,0.6911428571428571,0.6808571428571428,15.436285714285713,0.8145714285714286
2022-01-02,NACIONAL,5.210571428571429,,19.399428571428572,23.92,16.413142857142855,85.56228571428571,14.113714285714286,0.7051428571428572,0.6842857142857143,15.063142857142855,0.7737142857142857
2022-01-09,NACIONAL,3.393428571428572,,19.09714285714286,24.02142857142857,15.545714285714286,82.74685714285714,13.33257142857143,0.7062857142857143,0.6897142857142857,15.609428571428571,0.8508571428571429
2022-01-16,NACIONAL,3.5245714285714285,,18.912857142857142,23.598000000000003,15.618,84.15828571428571,13.402285714285714,0.7051428571428572,0.6877142857142857,13.890285714285715,0.8260000000000002
2022-01-23,NACIONAL,0.7402857142857143,,20.130857142857145,25.365142857142857,16.216857142857144,79.90657142857143,13.631142857142857,0.6731428571428572,0.6679999999999999,15.450285714285716,0.8308571428571427
2022-01-30,NACIONAL,4.161428571428571,,19.424,24.26457142857143,15.987428571428572,82.95342857142857,13.611142857142857,0.6851428571428572,0.6705714285714286,15.774571428571429,0.8882857142857142
2022-02-06,NACIONAL,2.967714285714286,,19.69542857142857,24.872,15.954285714285714,80.48742857142858,13.340285714285717,0.6691428571428572,0.6597142857142857,15.673142857142858,0.8494285714285713
2022-02-13,NACIONAL,6.082857142857143,,19.146,23.584857142857143,16.071142857142856,85.46885714285715,13.881714285714287,0.7177142857142857,0.6942857142857143,13.526285714285715,0.7645714285714286
2022-02-20,NACIONAL,6.136857142857143,,19.55057142857143,24.256857142857143,16.338857142857144,83.92514285714284,13.91485714285714,0.7111428571428572,0.6888571428571428,13.685714285714287,0.7939999999999999
2022-02-27,NACIONAL,6.210285714285715,,19.424285714285716,24.106,16.222,84.12342857142858,13.834285714285713,0.7297142857142858,0.708,14.027142857142858,0.7834285714285715
2022-03-06,NACIONAL,12.794285714285715,,18.82285714285714,22.776285714285713,16.126285714285714,87.95914285714287,14.068000000000001,0.7894285714285714,0.7551428571428571,13.17457142857143,0.7971428571428572
2022-03-13,NACIONAL,3.545428571428572,,19.206,24.013714285714286,15.697714285714287,83.24600000000001,13.540857142857144,0.7854285714285714,0.7734285714285714,17.121714285714283,0.7885714285714286
2022-03-20,NACIONAL,6.529714285714286,,19.38657142857143,23.906,16.33142857142857,85.81914285714285,14.16657142857143,0.7928571428571429,0.7774285714285714,15.736857142857144,0.7382857142857142
2022-03-27,NACIONAL,6.4002857142857135,,19.63171428571429,23.961999999999996,16.698857142857143,86.95485714285715,14.622,0.801142857142857,0.7868571428571428,13.390285714285714,0.7748571428571429
2022-04-03,NACIONAL,7.232000000000001,,19.371714285714283,23.833142857142857,16.229142857142858,85.97228571428572,14.200857142857142,0.8145714285714286,0.8042857142857143,14.761714285714286,0.7977142857142857
2022-04-10,NACIONAL,13.295142857142858,,19.578857142857142,24.078857142857142,16.377714285714283,87.04314285714285,14.606285714285715,0.8514285714285714,0.8445714285714286,15.722,0.8434285714285714
2022-04-17,NACIONAL,4.251428571428572,,19.686857142857143,23.904000000000003,16.525714285714287,85.97657142857142,14.53257142857143,0.834,0.8402857142857142,14.382285714285715,0.8722857142857144
2022-04-24,NACIONAL,11.49942857142857,,18.522,22.715142857142858,15.399142857142857,86.65685714285715,13.585714285714285,0.8625714285714287,0.8668571428571429,14.057714285714287,0.8560000000000001
2022-05-01,NACIONAL,5.298285714285714,,19.048857142857145,23.480285714285714,15.826285714285714,86.52228571428572,14.041714285714287,0.8617142857142858,0.8788571428571428,14.858571428571429,0.8891428571428571
2022-05-08,NACIONAL,5.776,,19.558,24.186285714285713,16.104571428571425,85.90285714285714,14.354571428571429,0.8482857142857142,0.8611428571428572,15.849714285714285,0.9017142857142858
2022-05-15,NACIONAL,8.884571428571428,,19.375142857142855,23.482285714285716,16.25542857142857,87.72485714285713,14.580571428571428,0.8668571428571429,0.8800000000000001,15.225142857142856,0.8139999999999998
2022-05-22,NACIONAL,7.691428571428571,,19.125999999999998,23.453142857142858,15.87885714285714,87.27914285714286,14.22342857142857,0.8745714285714286,0.8937142857142856,13.932857142857141,0.8459999999999999
2022-05-29,NACIONAL,2.9228571428571426,,18.719142857142856,22.85542857142857,15.480857142857143,86.16171428571428,13.720571428571429,0.8574285714285714,0.8782857142857143,14.70314285714286,0.9228571428571428
2022-06-05,NACIONAL,8.634285714285713,,18.547714285714285,22.485714285714288,15.745142857142856,88.65114285714286,13.987142857142857,0.8605714285714287,0.8734285714285714,13.345714285714285,0.7819999999999999
2022-06-12,NACIONAL,5.708285714285714,,18.466285714285714,22.193714285714286,15.591714285714286,88.55514285714285,13.887428571428572,0.8691428571428572,0.8877142857142857,13.889428571428573,0.8088571428571427
2022-06-19,NACIONAL,7.788285714285715,,18.405714285714286,22.53857142857143,15.16,87.78914285714286,13.720285714285714,0.8674285714285714,0.884,14.071428571428573,0.872857142857143
2022-06-26,NACIONAL,4.072857142857143,,18.407714285714285,22.708,15.008,86.71771428571428,13.544,0.8614285714285714,0.8800000000000001,13.859714285714285,0.933142857142857
2022-07-03,NACIONAL,4.674285714285714,,18.61257142857143,23.020857142857142,15.107142857142856,86.27142857142857,13.633714285714285,0.8528571428571429,0.8697142857142858,15.290000000000001,0.8939999999999999
2022-07-10,NACIONAL,2.3482857142857143,,19.065142857142856,23.702571428571428,15.36057142857143,84.76514285714286,13.733428571428572,0.8311428571428572,0.8425714285714285,14.912285714285712,0.9745714285714285
2022-07-17,NACIONAL,3.9542857142857146,,19.024571428571427,23.456285714285713,15.55285714285714,85.77085714285714,13.886285714285714,0.8288571428571428,0.8334285714285714,15.595428571428574,0.8205714285714286
2022-07-24,NACIONAL,6.1254285714285714,,18.576,23.166857142857147,14.909428571428572,84.39542857142857,13.272857142857143,0.8208571428571428,0.8194285714285714,14.51,0.9708571428571429
2022-07-31,NACIONAL,10.591142857142858,,18.59314285714286,23.13828571428571,15.123714285714286,86.34942857142858,13.607999999999999,0.8508571428571429,0.8539999999999999,15.575142857142856,0.8388571428571427
2022-08-07,NACIONAL,6.694,,18.782,23.305142857142858,15.313999999999998,85.70257142857142,13.669999999999998,0.85,0.8585714285714285,15.042285714285715,0.8662857142857142
2022-08-14,NACIONAL,4.316,,18.842285714285715,23.56657142857143,15.122285714285715,84.09571428571428,13.447714285714287,0.8300000000000001,0.8394285714285713,15.913428571428572,0.9305714285714286
2022-08-21,NACIONAL,1.9465714285714284,,19.142000000000003,24.216571428571427,15.114285714285714,82.59257142857143,13.391714285714283,0.8140000000000001,0.8217142857142857,17.205714285714286,0.9174285714285715
2022-08-28,NACIONAL,1.4768571428571429,,18.561714285714288,23.765714285714285,14.411142857142858,81.34057142857144,12.689714285714285,0.788,0.7902857142857143,16.29657142857143,0.9805714285714286
2022-09-04,NACIONAL,3.6854285714285715,,18.981428571428573,24.12457142857143,15.172,83.00285714285715,13.326285714285714,0.7805714285714286,0.774,15.167714285714286,0.9662857142857144
2022-09-11,NACIONAL,1.4508571428571428,,19.279714285714284,24.568571428571428,15.092000000000002,80.87771428571429,13.197142857142856,0.7591428571428571,0.7571428571428571,15.94457142857143,0.942
2022-09-18,NACIONAL,5.735142857142857,,19.30314285714286,24.240285714285715,15.596857142857143,83.17428571428573,13.599714285714285,0.7677142857142857,0.756,16.94,0.853142857142857
2022-09-25,NACIONAL,9.49457142857143,,18.937142857142856,23.57914285714286,15.692000000000002,84.75942857142857,13.590857142857143,0.801142857142857,0.7859999999999999,17.447142857142858,0.7808571428571428
2022-10-02,NACIONAL,3.5208571428571434,,19.116,23.916857142857147,15.470285714285714,82.57228571428571,13.349714285714288,0.7845714285714285,0.7785714285714286,17.012571428571427,0.9339999999999999
2022-10-09,NACIONAL,10.16457142857143,,18.857142857142854,23.54657142857143,15.44942857142857,85.33885714285714,13.658857142857144,0.812,0.796,16.603142857142856,0.8342857142857143
2022-10-16,NACIONAL,3.3574285714285717,,19.008000000000003,23.363714285714288,15.759142857142857,86.03857142857143,13.888,0.8025714285714287,0.7994285714285714,16.328,0.8648571428571428
2022-10-23,NACIONAL,14.146285714285714,,18.848571428571425,22.525714285714287,16.444,89.3682857142857,14.349142857142857,0.8494285714285714,0.8411428571428571,14.367714285714285,0.7722857142857142
2022-10-30,NACIONAL,8.739714285714285,,18.877428571428574,22.964,16.022285714285715,88.56057142857142,14.22514285714286,0.8668571428571429,0.8737142857142857,15.227142857142857,0.8557142857142856
2022-11-06,NACIONAL,3.532857142857143,,18.780285714285714,23.036571428571428,15.667142857142858,87.14942857142857,13.900571428571428,0.8465714285714286,0.8602857142857143,15.421142857142858,0.9228571428571428
2022-11-13,NACIONAL,12.122285714285715,,18.59457142857143,22.562571428571427,15.830000000000002,89.07485714285716,14.077428571428573,0.8754285714285714,0.8817142857142857,14.836285714285713,0.7574285714285713
2022-11-20,NACIONAL,5.580857142857143,,19.024285714285714,22.84542857142857,16.27657142857143,88.69171428571428,14.402285714285714,0.8685714285714285,0.8831428571428571,14.621142857142857,0.7525714285714286
2022-11-27,NACIONAL,4.773428571428572,,18.762857142857143,22.815142857142856,16.105428571428572,88.80485714285714,14.190285714285716,0.8634285714285713,0.8768571428571429,14.446571428571428,0.7828571428571428
2022-12-04,NACIONAL,5.693428571428571,,18.196571428571428,22.340857142857143,15.306857142857144,88.54057142857143,13.635142857142858,0.8668571428571429,0.8802857142857142,14.324571428571428,0.9414285714285715
2022-12-11,NACIONAL,3.393714285714286,,18.22457142857143,22.556,15.104571428571427,87.53142857142856,13.491428571428571,0.856857142857143,0.8714285714285713,14.063142857142855,0.7628571428571428
2022-12-18,NACIONAL,1.934,,18.645428571428575,22.950285714285712,15.489428571428572,86.97457142857142,13.785714285714286,0.8402857142857144,0.8525714285714286,15.717142857142857,0.744
2022-12-25,NACIONAL,2.310857142857143,,18.799714285714288,23.566285714285712,15.178285714285716,85.11371428571428,13.571142857142856,0.8217142857142857,0.8268571428571428,16.892857142857146,0.7722857142857142
2023-01-01,NACIONAL,3.8405714285714283,,18.518571428571427,23.080000000000002,15.142857142857144,85.88371428571429,13.454285714285714,0.8251428571428573,0.8251428571428571,15.406571428571429,0.7454285714285713
2023-01-08,NACIONAL,5.932857142857143,,18.109714285714286,22.237428571428573,15.181714285714287,87.42142857142858,13.345714285714285,0.8285714285714285,0.8219999999999998,13.30857142857143,0.7611428571428571
2023-01-15,NACIONAL,12.059428571428572,,18.050857142857144,22.116,15.147428571428572,87.936,13.401142857142858,0.8628571428571428,0.8605714285714285,14.136285714285714,0.7205714285714286
2023-01-22,NACIONAL,6.596571428571428,,18.009428571428572,22.039142857142856,15.15,87.88914285714286,13.377142857142857,0.8682857142857143,0.8779999999999999,13.974285714285713,0.7182857142857142
2023-01-29,NACIONAL,0.4754285714285714,,18.688285714285715,24.065142857142856,14.443142857142856,81.97085714285716,12.897714285714287,0.8414285714285714,0.8562857142857142,19.42114285714286,0.8317142857142856
2023-02-05,NACIONAL,1.4202857142857144,,18.610857142857146,24.138285714285715,14.225999999999999,81.91685714285714,12.824571428571428,0.8145714285714286,0.8185714285714285,18.670285714285715,0.8522857142857143
2023-02-12,NACIONAL,1.1517142857142857,,19.383714285714284,24.039714285714286,16.026,84.51885714285713,13.967714285714285,0.7911428571428571,0.7862857142857143,15.59,0.8271428571428572
2023-02-19,NACIONAL,4.134,,19.16742857142857,23.29885714285714,16.222857142857144,87.20285714285714,14.276,0.7928571428571429,0.7794285714285715,14.575999999999999,0.8037142857142857
2023-02-26,NACIONAL,2.761142857142857,,19.126285714285714,24.257142857142856,15.216,82.79371428571429,13.390571428571429,0.7888571428571428,0.7785714285714286,15.958285714285717,0.7502857142857142
2023-03-05,NACIONAL,3.400857142857143,,19.934571428571427,24.435714285714283,16.860285714285716,85.48085714285715,14.627142857142857,0.7662857142857142,0.7525714285714284,14.234857142857143,0.8928571428571429
2023-03-12,NACIONAL,13.078571428571427,,18.80857142857143,22.686285714285713,16.246000000000002,87.84400000000001,14.047142857142855,0.8214285714285715,0.7968571428571429,12.191714285714287,0.6751428571428572
2023-03-19,NACIONAL,9.992571428571429,,18.757714285714286,23.012,15.811142857142858,85.61514285714286,13.572571428571427,0.8591428571428572,0.8577142857142857,13.529142857142858,0.6531428571428572
2023-03-26,NACIONAL,2.953142857142857,,19.256,23.706,16.137428571428572,85.06514285714286,13.946571428571428,0.844,0.8542857142857143,14.190571428571428,0.7974285714285715
2023-04-02,NACIONAL,6.578,,19.19742857142857,23.34857142857143,16.092000000000002,86.98514285714286,14.257714285714286,0.852,0.8588571428571429,13.251999999999999,0.8317142857142856
2023-04-09,NACIONAL,6.050571428571429,,19.342285714285715,23.798857142857145,16.06742857142857,86.06,14.21657142857143,0.8531428571428572,0.8611428571428572,14.990285714285713,0.8294285714285714
2023-04-16,NACIONAL,5.484285714285714,,19.578857142857142,23.926571428571428,16.439714285714285,86.36457142857144,14.502857142857142,0.8417142857142856,0.8462857142857143,14.215428571428571,0.866
2023-04-23,NACIONAL,8.373428571428573,,19.34,23.580285714285715,16.136857142857146,86.08542857142858,14.187999999999999,0.8640000000000001,0.8728571428571428,14.236857142857144,0.7388571428571429
2023-04-30,NACIONAL,6.176,,19.404857142857143,23.998285714285714,16.02742857142857,86.17857142857143,14.266,0.8640000000000001,0.8788571428571428,15.04257142857143,0.77
2023-05-07,NACIONAL,0.6874285714285715,,20.167714285714286,25.181142857142856,16.172285714285714,83.49199999999999,14.479714285714286,0.8371428571428572,0.8502857142857143,18.55742857142857,1.018
2023-05-14,NACIONAL,3.756857142857143,,19.828857142857142,24.031714285714287,16.710857142857144,86.29371428571429,14.71342857142857,0.8245714285714285,0.8231428571428572,15.460857142857146,0.9551428571428572
2023-05-21,NACIONAL,5.356285714285714,,20.143714285714285,24.568571428571428,16.78,86.10742857142857,14.948857142857145,0.8262857142857142,0.8219999999999998,14.673142857142858,0.8614285714285715
2023-05-28,NACIONAL,8.773714285714286,,19.588285714285714,23.694,16.649142857142856,88.00771428571429,14.788,0.8502857142857143,0.8494285714285714,14.807714285714287,0.7762857142857144
2023-06-04,NACIONAL,5.598,,19.237428571428573,23.81342857142857,15.697714285714287,85.75314285714285,14.081999999999999,0.8505714285714285,0.8582857142857143,16.622857142857143,0.9662857142857142
2023-06-11,NACIONAL,3.8202857142857143,,19.377142857142857,24.045714285714286,15.757428571428571,85.76771428571428,14.196000000000002,0.8345714285714285,0.8385714285714286,15.573714285714285,0.9317142857142857
2023-06-18,NACIONAL,1.0871428571428572,,19.315428571428573,24.194857142857142,15.428857142857144,81.70085714285715,13.376285714285714,0.8094285714285714,0.8111428571428572,16.527428571428572,1.1871428571428573
2023-06-25,NACIONAL,4.192285714285714,,19.405428571428573,24.139428571428574,15.635142857142858,83.76714285714286,13.872285714285715,0.7931428571428571,0.7814285714285715,16.574857142857145,1.044857142857143
2023-07-02,NACIONAL,2.3697142857142857,,19.348857142857145,24.265714285714285,15.376,83.21057142857144,13.70742857142857,0.7854285714285714,0.7774285714285714,15.873714285714286,1.068857142857143
2023-07-09,NACIONAL,6.511142857142858,,19.495714285714286,23.702571428571428,16.207714285714285,86.31257142857143,14.380571428571429,0.7982857142857143,0.782,14.793428571428572,0.8694285714285714
2023-07-16,NACIONAL,2.665142857142857,,19.77914285714286,24.351999999999997,16.017142857142858,83.52542857142858,14.138857142857143,0.7771428571428571,0.7651428571428571,16.07971428571428,0.9742857142857144
2023-07-23,NACIONAL,1.3822857142857143,,19.57657142857143,24.525714285714287,15.641142857142857,79.72685714285714,13.20742857142857,0.7568571428571429,0.744,16.336285714285715,1.2854285714285714
2023-07-30,NACIONAL,3.8568571428571423,,19.946,24.557142857142857,16.47714285714286,83.85457142857142,14.309714285714284,0.7477142857142857,0.7294285714285714,16.133142857142857,0.9674285714285714
2023-08-06,NACIONAL,0.7734285714285715,,19.463428571428572,25.006857142857143,14.93057142857143,77.02485714285714,12.591142857142858,0.7148571428571429,0.7068571428571429,16.302285714285713,1.1665714285714288
2023-08-13,NACIONAL,2.6714285714285717,,20.383428571428574,25.469142857142856,16.371142857142857,78.38714285714285,13.56457142857143,0.6911428571428571,0.6837142857142857,15.909142857142857,0.9902857142857142
2023-08-20,NACIONAL,5.662571428571429,,20.207428571428572,25.052285714285713,16.538,82.91600000000001,14.34,0.7011428571428572,0.6871428571428572,16.521428571428572,0.8202857142857143
2023-08-27,NACIONAL,5.289714285714286,,20.18942857142857,24.95057142857143,16.552857142857142,82.59771428571429,14.263714285714286,0.7288571428571429,0.7100000000000001,17.253714285714288,0.8459999999999999
2023-09-03,NACIONAL,2.6722857142857146,,20.688285714285715,25.92142857142857,16.43914285714286,77.98285714285714,13.762857142857143,0.6857142857142857,0.6802857142857143,19.816857142857142,0.9754285714285714
2023-09-10,NACIONAL,3.124857142857143,,20.675142857142855,25.816857142857145,16.75257142857143,79.43371428571427,14.036285714285714,0.6837142857142856,0.6762857142857143,17.175714285714285,0.9457142857142857
2023-09-17,NACIONAL,1.3345714285714285,,20.931428571428572,26.81771428571429,16.28742857142857,76.424,13.627428571428572,0.6614285714285715,0.6625714285714286,18.541714285714285,0.9574285714285715
2023-09-24,NACIONAL,1.793714285714286,,21.11,26.885714285714283,16.762857142857143,75.372,13.553999999999998,0.6417142857142857,0.6445714285714286,18.140571428571427,0.9834285714285714
2023-10-01,NACIONAL,3.2722857142857142,,21.337714285714284,26.801142857142857,17.238857142857142,78.53571428571429,14.40857142857143,0.6494285714285714,0.6434285714285715,17.339142857142857,0.9105714285714285
2023-10-08,NACIONAL,7.980571428571428,,20.646857142857144,25.235999999999997,17.368000000000002,83.39285714285714,14.821714285714284,0.6888571428571428,0.666,17.08142857142857,0.7768571428571429
2023-10-15,NACIONAL,4.743142857142858,,20.10542857142857,24.562,16.575428571428574,82.64885714285714,14.243142857142857,0.7025714285714286,0.6842857142857143,17.017714285714284,0.7994285714285714
2023-10-22,NACIONAL,2.3405714285714283,,20.185142857142857,24.797714285714285,16.577142857142857,82.00399999999999,14.165428571428572,0.6759999999999999,0.6688571428571428,15.602571428571428,0.8191428571428571
2023-10-29,NACIONAL,5.946,,19.615714285714283,24.057428571428574,16.490857142857145,84.99057142857143,14.248,0.7085714285714286,0.6868571428571428,14.411714285714286,0.8614285714285714
2023-11-05,NACIONAL,10.561714285714285,,19.152857142857144,22.951714285714285,16.499714285714287,87.92457142857143,14.382571428571428,0.758,0.72,14.116857142857146,0.6685714285714286
2023-11-12,NACIONAL,4.1085714285714285,,20.23742857142857,24.736857142857144,16.915714285714284,85.93314285714287,15.022571428571428,0.7585714285714286,0.7374285714285714,15.472,0.901142857142857
2023-11-19,NACIONAL,7.082857142857142,,20.030571428571427,24.395428571428575,16.705714285714286,85.23599999999999,14.695714285714285,0.7594285714285715,0.7348571428571429,15.916857142857143,0.8428571428571429
2023-11-26,NACIONAL,3.393142857142857,,19.736,24.083714285714287,16.562571428571427,85.07742857142857,14.353714285714286,0.76,0.7431428571428571,16.436,0.7662857142857143
2023-12-03,NACIONAL,0.6008571428571429,,20.312,25.158857142857144,16.408571428571427,81.772,14.261714285714286,0.7268571428571429,0.7171428571428572,17.190571428571428,0.9202857142857143
2023-12-10,NACIONAL,2.2205714285714286,,20.475142857142856,25.234857142857145,16.904571428571426,82.29485714285714,14.501428571428573,0.7031428571428572,0.6917142857142857,14.797142857142855,0.8874285714285716
2023-12-17,NACIONAL,6.893714285714286,,20.412285714285712,24.47342857142857,17.33257142857143,85.36771428571429,15.038571428571426,0.7214285714285714,0.7,14.03942857142857,0.754
2023-12-24,NACIONAL,4.370857142857143,,20.269714285714286,24.355714285714285,17.214285714285715,86.68371428571427,15.183142857142858,0.744,0.7248571428571429,14.356285714285713,0.792
2023-12-31,NACIONAL,5.834,,19.54,23.474857142857143,16.853428571428573,87.95085714285715,14.677142857142858,0.7594285714285715,0.7394285714285714,13.248,0.7422857142857142
2024-01-07,NACIONAL,0.2885714285714286,,20.58457142857143,25.975142857142863,16.57542857142857,81.00657142857143,14.27057142857143,0.7228571428571429,0.7194285714285714,19.109428571428573,0.7985714285714286
2024-01-14,NACIONAL,2.701428571428571,,20.771428571428572,26.024571428571427,16.852285714285717,79.95685714285715,14.196285714285713,0.7005714285714285,0.694,17.806285714285714,0.7934285714285714
2024-01-21,NACIONAL,1.0414285714285714,,21.47142857142857,27.032285714285713,16.86714285714286,75.256,13.812285714285716,0.6754285714285715,0.6774285714285714,17.73314285714286,0.9122857142857143
2024-01-28,NACIONAL,0.32771428571428574,,21.942285714285713,28.35857142857143,16.64685714285714,70.53628571428571,13.101142857142857,0.6437142857142858,0.6534285714285715,22.314,0.9311428571428572
2024-02-04,NACIONAL,7.2054285714285715,,21.128857142857143,26.001714285714286,17.812857142857144,81.25371428571428,14.752857142857142,0.6677142857142857,0.6551428571428571,15.267714285714286,0.7754285714285715
2024-02-11,NACIONAL,3.8248571428571423,,20.944,26.062857142857144,17.240000000000002,81.20057142857142,14.611714285714285,0.694,0.6851428571428572,15.210571428571427,0.8620000000000001
2024-02-18,NACIONAL,2.240285714285714,,21.924857142857142,27.12657142857143,18.178857142857144,79.024,14.985714285714286,0.6682857142857144,0.6677142857142857,17.05457142857143,0.9325714285714286
2024-02-25,NACIONAL,2.379142857142857,,20.933714285714284,26.384285714285717,17.050857142857144,79.11228571428572,14.132857142857143,0.659142857142857,0.6594285714285715,17.63885714285714,1.0282857142857142
2024-03-03,NACIONAL,4.040285714285714,,20.859714285714283,26.03057142857143,17.047428571428572,80.00800000000001,14.203999999999999,0.6645714285714286,0.6588571428571429,15.246,0.796
2024-03-10,NACIONAL,2.3448571428571428,,21.84314285714286,27.242,18.02542857142857,78.7162857142857,14.82942857142857,0.6582857142857143,0.6597142857142857,14.894285714285715,0.8877142857142857
2024-03-17,NACIONAL,1.372,,22.619142857142855,28.400571428571425,18.467714285714287,75.99714285714286,14.918857142857144,0.6377142857142857,0.6462857142857142,15.207999999999998,1.0142857142857142
2024-03-24,NACIONAL,1.899714285714286,,21.721714285714285,26.854857142857146,18.172,79.13828571428571,14.806857142857144,0.636,0.6388571428571429,16.10657142857143,0.7854285714285714
2024-03-31,NACIONAL,4.6574285714285715,,20.94857142857143,26.098857142857145,17.432285714285715,80.01285714285714,14.323428571428574,0.6479999999999999,0.6397142857142857,13.980285714285714,0.8448571428571429
2024-04-07,NACIONAL,7.644857142857143,,20.643428571428572,25.541999999999998,17.108857142857143,82.72942857142857,14.616,0.7037142857142857,0.6825714285714286,13.953714285714288,0.842
2024-04-14,NACIONAL,0.9234285714285715,,22.036571428571428,27.701714285714285,17.858285714285714,76.12857142857142,14.512857142857143,0.6548571428571429,0.6599999999999999,19.05,0.8674285714285714
2024-04-21,NACIONAL,9.591714285714286,,20.799142857142858,25.192,17.702857142857145,84.05685714285714,15.069999999999999,0.6965714285714286,0.6714285714285715,15.316857142857142,0.8237142857142856
2024-04-28,NACIONAL,9.540571428571429,,20.016,24.02542857142857,17.172571428571427,87.01,14.962857142857143,0.7457142857142858,0.718,14.674857142857144,0.688
2024-05-05,NACIONAL,9.608857142857143,,20.133428571428574,23.945999999999998,17.416571428571427,88.3577142857143,15.377714285714285,0.774,0.7494285714285714,14.410857142857143,0.7902857142857144
2024-05-12,NACIONAL,12.432571428571428,,20.26914285714286,24.276857142857143,17.344,88.49199999999999,15.549142857142858,0.8165714285714285,0.7954285714285715,15.017428571428571,0.8082857142857144
2024-05-19,NACIONAL,5.893142857142857,,20.448,24.606,17.332285714285714,87.02971428571428,15.429714285714287,0.8205714285714286,0.8157142857142856,15.209428571428571,0.9022857142857144
2024-05-26,NACIONAL,6.9628571428571435,,20.381142857142855,24.302,17.411142857142856,87.62114285714286,15.495999999999999,0.8171428571428571,0.8099999999999999,14.764857142857142,0.8991428571428571
2024-06-02,NACIONAL,9.992285714285716,,20.12942857142857,24.639142857142858,16.672285714285714,86.46485714285714,15.0,0.8348571428571429,0.8317142857142856,16.603428571428573,1.0182857142857142
2024-06-09,NACIONAL,6.202571428571429,,19.64428571428571,23.852285714285713,16.622,87.82428571428572,14.81142857142857,0.830857142857143,0.8305714285714286,14.343714285714285,0.9888571428571428
2024-06-16,NACIONAL,11.79257142857143,,19.617714285714285,23.660285714285713,16.661714285714286,88.14885714285715,14.848571428571429,0.8471428571428572,0.8448571428571429,14.233714285714285,0.8962857142857142
2024-06-23,NACIONAL,8.424857142857142,,19.389714285714284,23.552285714285713,16.200285714285712,87.38542857142856,14.515142857142857,0.8611428571428572,0.8728571428571428,15.66485714285714,0.8382857142857143
2024-06-30,NACIONAL,10.971428571428572,,19.218285714285713,23.40542857142857,15.984,87.55514285714285,14.369714285714286,0.8734285714285714,0.8834285714285715,15.020000000000001,0.8448571428571429
2024-07-07,NACIONAL,9.617428571428572,,19.154571428571426,23.367714285714285,16.008285714285712,87.45085714285715,14.32342857142857,0.8757142857142857,0.8874285714285713,14.703142857142856,0.9545714285714286
2024-07-14,NACIONAL,3.2311428571428573,,19.363142857142854,23.910857142857143,15.79942857142857,84.80828571428572,14.027428571428572,0.8525714285714286,0.8697142857142858,17.216285714285714,1.066
2024-07-21,NACIONAL,1.5274285714285714,,19.087142857142858,24.155428571428573,15.140857142857143,83.16742857142857,13.460285714285714,0.824857142857143,0.8374285714285714,16.269714285714283,1.1677142857142857
2024-07-28,NACIONAL,2.4074285714285715,,19.633714285714284,24.52285714285714,15.903714285714283,84.55457142857144,14.18857142857143,0.8074285714285715,0.8085714285714285,14.871142857142857,1.0102857142857142
2024-08-04,NACIONAL,1.4957142857142858,,19.623714285714286,24.456857142857142,15.733142857142855,82.02142857142857,13.709714285714288,0.7802857142857144,0.7754285714285715,16.980571428571427,1.0097142857142856
2024-08-11,NACIONAL,5.5602857142857145,,19.571428571428573,24.208,15.997428571428571,84.92028571428571,14.184285714285716,0.7868571428571428,0.7768571428571429,15.376571428571427,0.8671428571428571
2024-08-18,NACIONAL,1.3611428571428572,,19.695999999999998,25.122571428571426,15.399714285714287,80.63371428571429,13.464285714285714,0.7637142857142856,0.762,17.59657142857143,1.0605714285714285
2024-08-25,NACIONAL,2.384857142857143,,20.286571428571428,25.408571428571427,16.432285714285715,82.36085714285714,14.318285714285713,0.7394285714285715,0.7297142857142858,16.63857142857143,0.9774285714285714
2024-09-01,NACIONAL,1.7120000000000002,,19.826857142857143,25.678285714285714,15.246857142857143,77.06885714285714,12.874,0.7174285714285714,0.712,19.12342857142857,1.0705714285714287
2024-09-08,NACIONAL,2.180285714285714,,20.39857142857143,26.10571428571428,15.990571428571428,78.5382857142857,13.644571428571428,0.7074285714285714,0.7014285714285714,16.669428571428575,1.0165714285714285
2024-09-15,NACIONAL,0.9282857142857143,,21.113714285714288,26.628285714285717,16.690285714285714,77.68085714285715,14.096,0.6825714285714286,0.6779999999999999,19.15342857142857,0.9651428571428571
2024-09-22,NACIONAL,3.6228571428571428,,21.027142857142856,26.222571428571428,17.11828571428571,78.62914285714285,14.200857142857142,0.6759999999999999,0.6642857142857143,17.607142857142854,1.04
2024-09-29,NACIONAL,4.837714285714286,,19.785142857142855,24.305714285714284,16.382285714285715,82.50457142857142,13.851714285714285,0.694,0.6765714285714285,16.967142857142857,0.8099999999999999
2024-10-06,NACIONAL,6.153428571428572,,19.92371428571429,24.853714285714283,16.457714285714285,83.224,14.119714285714286,0.7074285714285715,0.6874285714285714,17.32742857142857,0.8240000000000001
2024-10-13,NACIONAL,6.372857142857144,,19.768571428571427,24.413714285714285,16.479142857142858,83.85971428571429,14.117142857142857,0.7448571428571429,0.7211428571428572,16.74885714285714,0.8657142857142859
2024-10-20,NACIONAL,3.0700000000000003,,20.14857142857143,24.96314285714286,16.437714285714286,81.62857142857142,14.06657142857143,0.7057142857142857,0.6925714285714286,18.987428571428573,0.8879999999999999
2024-10-27,NACIONAL,5.895428571428571,,20.435714285714287,25.088,17.03857142857143,84.492,14.860285714285714,0.7311428571428571,0.7140000000000001,16.76,0.8351428571428571
2024-11-03,NACIONAL,3.4548571428571426,,19.91857142857143,24.406285714285715,16.713142857142856,83.90028571428572,14.293428571428572,0.72,0.7071428571428571,15.078857142857142,0.9262857142857144
2024-11-10,NACIONAL,5.968,,19.568,23.795142857142856,16.773714285714284,86.97257142857143,14.547714285714287,0.7357142857142857,0.7205714285714285,15.238,0.7868571428571428
2024-11-17,NACIONAL,5.272857142857143,,19.09257142857143,23.316000000000003,16.432285714285715,86.78685714285714,14.094857142857142,0.7514285714285714,0.7388571428571428,13.170857142857141,0.8722857142857144
2024-11-24,NACIONAL,8.14,,18.918285714285712,22.662571428571432,16.369999999999997,88.81314285714286,14.316857142857142,0.7908571428571429,0.7737142857142858,13.697999999999999,0.74
2024-12-01,NACIONAL,3.9177142857142853,,19.827428571428573,24.43942857142857,16.32257142857143,85.16028571428572,14.485142857142856,0.7811428571428571,0.7722857142857142,16.122,0.824857142857143
2024-12-08,NACIONAL,4.478,,19.656,23.70657142857143,16.912285714285712,87.93828571428571,14.834571428571428,0.7848571428571429,0.7722857142857144,14.765714285714285,0.7668571428571428
2024-12-15,NACIONAL,1.962857142857143,,19.712285714285716,24.264,16.454285714285714,85.97999999999999,14.517714285714286,0.7605714285714285,0.752,13.827714285714285,0.9111428571428573
2024-12-22,NACIONAL,3.5294285714285714,,19.792571428571428,24.166,16.71142857142857,86.25257142857143,14.629714285714286,0.7628571428571428,0.748,13.862285714285713,0.8411428571428571
2024-12-29,NACIONAL,10.479428571428572,,19.126285714285714,22.904,16.512571428571427,88.28114285714285,14.420857142857141,0.8045714285714286,0.782,13.060285714285715,0.7508571428571428
2025-01-05,NACIONAL,8.936,,18.748571428571427,22.737714285714283,15.992857142857144,87.86742857142858,14.01457142857143,0.8274285714285714,0.8145714285714286,13.223142857142857,0.7637142857142857
2025-01-12,NACIONAL,2.412571428571429,,19.477714285714285,23.954285714285714,16.314857142857143,86.24285714285715,14.358,0.8142857142857143,0.8154285714285715,16.09542857142857,0.7468571428571428
2025-01-19,NACIONAL,0.6402857142857143,,19.540285714285712,24.839428571428574,15.644285714285715,82.9302857142857,13.759714285714287,0.7814285714285714,0.778,19.887142857142855,0.93
2025-01-26,NACIONAL,0.9605714285714285,,19.36114285714286,24.693142857142856,15.323714285714289,81.04057142857144,13.246285714285714,0.7545714285714287,0.7442857142857143,18.080857142857145,0.8474285714285715
2025-02-02,NACIONAL,1.9774285714285713,,20.29942857142857,25.043142857142858,16.884285714285717,83.27171428571428,14.498285714285714,0.74,0.7271428571428571,15.960285714285714,0.8480000000000001
2025-02-09,NACIONAL,5.265428571428572,,19.37714285714286,23.248,16.72342857142857,87.93942857142856,14.572,0.7554285714285714,0.734,12.539428571428571,0.7557142857142858
2025-02-16,NACIONAL,10.334,,19.083428571428573,22.901714285714284,16.483714285714285,87.82514285714285,14.288857142857143,0.8028571428571428,0.7785714285714286,12.431714285714284,0.772
2025-02-23,NACIONAL,6.5525714285714285,,19.429142857142857,23.60457142857143,16.7,87.31857142857143,14.499714285714285,0.8128571428571428,0.8039999999999999,13.518571428571429,0.7891428571428571
2025-03-02,NACIONAL,8.147714285714285,,19.42142857142857,23.002857142857142,16.837142857142858,89.03200000000001,14.847999999999999,0.8320000000000001,0.8271428571428572,14.099714285714285,0.7594285714285716
2025-03-09,NACIONAL,8.127142857142857,,19.09971428571429,23.094857142857144,16.357714285714287,87.20371428571428,14.18857142857143,0.8537142857142858,0.8568571428571428,12.856285714285715,0.6808571428571429
2025-03-16,NACIONAL,11.356285714285715,,19.043714285714287,22.744857142857143,16.535714285714285,87.70742857142858,14.242857142857142,0.8702857142857143,0.8797142857142857,13.41,0.6631428571428571
2025-03-23,NACIONAL,7.546571428571428,,19.832285714285714,24.102285714285717,16.73542857142857,87.38085714285714,14.888,0.8859999999999999,0.9068571428571428,14.982857142857142,0.8365714285714285
2025-03-30,NACIONAL,8.061428571428573,,19.824,23.973142857142857,16.86114285714286,87.18571428571428,14.850857142857143,0.8768571428571429,0.8977142857142857,14.875142857142857,0.7539999999999999
2025-04-06,NACIONAL,11.346285714285715,,19.384285714285717,23.202857142857145,16.72714285714286,89.35828571428571,14.87,0.8965714285714286,0.917142857142857,14.157999999999998,0.8211428571428572
2025-04-13,NACIONAL,10.428857142857144,,19.510285714285715,23.178571428571427,16.792571428571428,88.56914285714285,14.82542857142857,0.9114285714285714,0.9351428571428573,16.264857142857142,0.7577142857142858
2025-04-20,NACIONAL,3.9908571428571427,,20.13857142857143,24.542571428571428,16.859714285714283,86.25285714285715,15.0,0.8859999999999999,0.9145714285714286,16.362857142857145,0.9102857142857144
2025-04-27,NACIONAL,15.93342857142857,,19.468,23.188285714285715,16.76457142857143,88.66485714285714,14.821142857142856,0.9145714285714286,0.9374285714285714,14.415428571428572,0.7302857142857142
2025-05-04,NACIONAL,10.417714285714286,,19.233714285714285,23.073714285714285,16.43914285714286,88.6317142857143,14.625714285714285,0.9205714285714286,0.9448571428571428,14.222571428571428,0.8005714285714287
2025-05-11,NACIONAL,8.312571428571427,,19.002,23.18885714285714,15.80257142857143,86.86657142857143,14.071714285714284,0.9185714285714287,0.9462857142857143,15.237428571428572,0.9297142857142857
2025-05-18,NACIONAL,8.302,,19.245428571428572,22.94942857142857,16.577714285714286,89.12228571428571,14.712571428571428,0.9031428571428572,0.932,13.437428571428573,0.9019999999999999
2025-05-25,NACIONAL,5.031428571428572,,19.490857142857145,23.670285714285715,16.381999999999998,87.45542857142857,14.631142857142857,0.9025714285714287,0.935142857142857,15.47342857142857,0.9568571428571427
2025-06-01,NACIONAL,4.421428571428572,,19.59114285714286,23.508000000000003,16.530571428571427,87.86542857142857,14.794857142857143,0.887142857142857,0.9148571428571428,14.288571428571426,0.95
2025-06-08,NACIONAL,12.967142857142857,,19.237142857142857,23.378571428571426,16.142000000000003,87.79485714285714,14.471714285714285,0.9102857142857144,0.9359999999999999,15.103428571428571,0.9857142857142858
2025-06-15,NACIONAL,8.187999999999999,,18.999714285714287,22.757714285714286,16.270857142857142,89.34,14.501428571428571,0.9042857142857142,0.9297142857142857,14.669714285714287,0.8571428571428571
2025-06-22,NACIONAL,10.796285714285714,,19.201428571428572,23.13885714285714,16.042,88.18428571428572,14.501714285714286,0.9117142857142857,0.9377142857142857,15.329142857142859,0.9997142857142857
2025-06-29,NACIONAL,5.4554285714285715,,19.08142857142857,23.267714285714284,15.812857142857144,86.93857142857142,14.149142857142857,0.906,0.9342857142857144,15.812857142857144,0.9265714285714285
2025-07-06,NACIONAL,2.6034285714285716,,18.59857142857143,22.822857142857142,15.274571428571429,85.73142857142857,13.519142857142857,0.8800000000000001,0.9057142857142857,15.493714285714287,1.1245714285714286
2025-07-13,NACIONAL,2.514857142857143,,18.693714285714286,22.942,15.420857142857145,86.70428571428572,13.761714285714286,0.8605714285714285,0.8774285714285714,15.571428571428573,0.9594285714285714
2025-07-20,NACIONAL,1.3797142857142857,,18.980285714285714,23.650285714285715,15.0,82.944,13.379428571428571,0.8394285714285715,0.848857142857143,16.495714285714286,1.040857142857143
2025-07-27,NACIONAL,2.6262857142857143,,19.371428571428574,23.75257142857143,15.94457142857143,85.488,14.149714285714287,0.8202857142857143,0.8182857142857143,16.053428571428572,0.9262857142857144
2025-08-03,NACIONAL,1.8685714285714288,,19.48685714285714,24.448857142857143,15.575142857142856,82.85342857142857,13.743142857142857,0.8028571428571428,0.7991428571428572,16.39142857142857,1.0071428571428573
2025-08-10,NACIONAL,4.930000000000001,,18.790857142857146,23.160285714285713,15.55,84.45485714285715,13.423142857142858,0.796,0.7825714285714286,15.994857142857143,0.8542857142857143
2025-08-17,NACIONAL,4.018,,19.03542857142857,23.458000000000002,15.717428571428574,85.51514285714286,13.828857142857142,0.7988571428571428,0.7865714285714286,13.927333333333333,0.8742857142857143
2025-08-24,NACIONAL,3.207714285714286,,19.703714285714284,24.225714285714282,16.180857142857143,84.71085714285714,14.252857142857144,0.7905714285714286,0.7791428571428571,16.745142857142856,0.8665714285714285
2025-08-31,NACIONAL,2.4945714285714287,,19.528285714285715,24.345714285714287,15.740571428571428,81.74000000000001,13.533714285714286,0.7734285714285715,0.762,15.661142857142858,1.0231428571428571
2025-09-07,NACIONAL,3.817714285714286,,19.312857142857144,23.92142857142857,15.881714285714287,84.06657142857144,13.788,0.7651428571428571,0.7491428571428571,12.96914285714286,0.8965714285714285
2025-09-14,NACIONAL,1.1337142857142857,,19.85314285714286,25.127428571428574,15.807142857142859,80.77971428571428,13.600571428571428,0.7434285714285714,0.7348571428571429,16.561714285714288,1.0157142857142858
2025-09-21,NACIONAL,5.698857142857143,,19.350857142857144,23.851428571428574,15.865142857142853,83.54228571428571,13.721142857142857,0.7494285714285714,0.7297142857142858,14.148285714285715,0.8894285714285715
2025-09-28,NACIONAL,12.333714285714285,,19.714,24.543714285714287,16.118857142857145,82.76628571428571,13.892857142857142,0.7602857142857142,0.744,17.260285714285715,0.944
2025-10-05,NACIONAL,9.823714285714285,,18.827142857142857,23.014285714285712,15.956857142857142,86.60628571428572,13.823142857142859,0.7745714285714286,0.7468571428571428,15.321428571428573,0.6454285714285715
2025-10-12,NACIONAL,16.024285714285714,,18.503714285714288,22.362857142857145,16.06,88.19028571428571,13.842285714285714,0.7808571428571429,0.7454285714285714,13.471428571428572,0.5382857142857143
2025-10-19,NACIONAL,15.259142857142857,,18.68,22.90657142857143,15.843714285714288,87.36885714285714,13.841142857142856,0.7939999999999999,0.7597142857142858,15.593666666666667,0.5411428571428571
2025-10-26,NACIONAL,18.48257142857143,,19.027428571428572,22.803714285714285,16.611714285714285,88.35914285714287,14.34542857142857,0.8045714285714286,0.7671428571428571,15.29685714285714,0.5414285714285715
2025-11-02,NACIONAL,17.0108,,18.9936,22.7684,16.628800000000002,88.8452,14.3824,0.8192,0.7864,14.6484,0.528
